customer_id,customer_name,gender,age,city,state,signup_date
CUST00001,Ananya Sharma,Male,26,Pune,Maharashtra,2024-05-16
CUST00002,Ananya Khan,Other,45,Jaipur,Rajasthan,2023-06-28
CUST00003,Aditi Sharma,Male,50,Delhi,Delhi,2024-03-23
CUST00004,Shreya Sharma,Other,59,Jaipur,Rajasthan,2024-02-12
CUST00005,Simran Desai,Other,35,Hyderabad,Telangana,2025-07-08
CUST00006,Aarav Rao,Female,35,Bangalore,Karnataka,2025-05-15
CUST00007,Rahul Shah,Male,42,Chennai,Tamil Nadu,2023-07-29
CUST00008,Ananya Joshi,Male,64,Chennai,Tamil Nadu,2024-06-25
CUST00009,Kabir Kulkarni,Male,53,Delhi,Delhi,2025-02-14
CUST00010,Isha Mishra,Other,30,Lucknow,Uttar Pradesh,2025-01-10
CUST00011,Arjun Sharma,Male,32,Hyderabad,Telangana,2024-08-15
CUST00012,Ananya Desai,Other,41,Pune,Maharashtra,2025-07-17
CUST00013,Priya Joshi,Other,35,Chennai,Tamil Nadu,2024-03-05
CUST00014,Arjun Singh,Other,33,Bangalore,Karnataka,2025-12-29
CUST00015,Priya Verma,Other,62,Kolkata,West Bengal,2024-07-06
CUST00016,Simran Shah,Male,20,Chennai,Tamil Nadu,2023-04-25
CUST00017,Aditya Desai,Male,54,Pune,Maharashtra,2023-05-16
CUST00018,Aditya Shah,Other,47,Ahmedabad,Gujarat,2025-03-21
CUST00019,Rahul Gupta,Other,53,Bangalore,Karnataka,2024-05-20
CUST00020,Simran Gupta,Other,43,Lucknow,Uttar Pradesh,2025-05-27
CUST00021,Neha Shah,Female,23,Bangalore,Karnataka,2025-11-09
CUST00022,Aditi Mishra,Other,28,Delhi,Delhi,2023-11-10
CUST00023,Pooja Singh,Female,56,Delhi,Delhi,2025-02-27
CUST00024,Kabir Kulkarni,Other,64,Pune,Maharashtra,2023-01-24
CUST00025,Ananya Khan,Other,39,Jaipur,Rajasthan,2024-06-30
CUST00026,Ananya Gupta,Female,18,Kolkata,West Bengal,2023-11-20
CUST00027,Karan Kulkarni,Male,58,Bangalore,Karnataka,2025-11-05
CUST00028,Isha Mishra,Male,41,Jaipur,Rajasthan,2024-02-12
CUST00029,Priya Kulkarni,Other,38,Jaipur,Rajasthan,2023-01-02
CUST00030,Riya Sharma,Female,33,Delhi,Delhi,2025-01-13
CUST00031,Aditi Shah,Male,64,Lucknow,Uttar Pradesh,2023-06-11
CUST00032,Riya Mishra,Male,26,Delhi,Delhi,2025-12-26
CUST00033,Riya Kulkarni,Other,56,Bangalore,Karnataka,2024-06-26
CUST00034,Pooja Shah,Other,37,Jaipur,Rajasthan,2024-02-16
CUST00035,Vikram Khan,Other,46,Chennai,Tamil Nadu,2025-06-16
CUST00036,Ananya Shah,Female,19,Hyderabad,Telangana,2023-05-12
CUST00037,Aman Kulkarni,Male,22,Hyderabad,Telangana,2024-03-27
CUST00038,Aditi Shah,Female,22,Delhi,Delhi,2023-03-06
CUST00039,Yash Shah,Male,52,Pune,Maharashtra,2025-09-21
CUST00040,Rahul Nair,Male,48,Lucknow,Uttar Pradesh,2025-08-26
CUST00041,Pooja Shah,Other,45,Delhi,Delhi,2023-07-18
CUST00042,Neha Desai,Other,21,Kolkata,West Bengal,2025-08-14
CUST00043,Ananya Sharma,Male,33,Kolkata,West Bengal,2024-11-25
CUST00044,Rohan Shah,Male,45,Jaipur,Rajasthan,2025-07-07
CUST00045,Priya Gupta,Male,46,Ahmedabad,Gujarat,2024-05-26
CUST00046,Simran Patel,Male,33,Mumbai,Maharashtra,2023-01-31
CUST00047,Priya Desai,Male,43,Ahmedabad,Gujarat,2025-09-12
CUST00048,Aditi Mehta,Female,34,Kolkata,West Bengal,2023-01-05
CUST00049,Kabir Gupta,Male,30,Kolkata,West Bengal,2025-09-23
CUST00050,Isha Shah,Other,38,Mumbai,Maharashtra,2023-05-05
CUST00051,Aditi Sharma,Other,51,Lucknow,Uttar Pradesh,2025-09-03
CUST00052,Priya Sharma,Male,22,Jaipur,Rajasthan,2023-06-14
CUST00053,Shreya Patel,Male,54,Hyderabad,Telangana,2025-04-06
CUST00054,Sneha Singh,Other,23,Lucknow,Uttar Pradesh,2023-03-23
CUST00055,Pooja Khan,Female,34,Lucknow,Uttar Pradesh,2025-12-06
CUST00056,Rohan Khan,Female,43,Chennai,Tamil Nadu,2024-05-03
CUST00057,Rahul Khan,Female,22,Pune,Maharashtra,2025-07-25
CUST00058,Aarav Verma,Male,52,Lucknow,Uttar Pradesh,2023-07-24
CUST00059,Rohan Kulkarni,Female,22,Pune,Maharashtra,2023-09-29
CUST00060,Sneha Joshi,Female,52,Pune,Maharashtra,2023-11-20
CUST00061,Isha Singh,Other,53,Jaipur,Rajasthan,2023-01-17
CUST00062,Isha Jain,Female,25,Delhi,Delhi,2023-10-03
CUST00063,Ananya Nair,Female,36,Jaipur,Rajasthan,2023-11-15
CUST00064,Shreya Shah,Other,58,Chennai,Tamil Nadu,2024-02-21
CUST00065,Karan Kulkarni,Male,23,Ahmedabad,Gujarat,2024-05-29
CUST00066,Pooja Mishra,Male,39,Pune,Maharashtra,2023-04-01
CUST00067,Rahul Khan,Other,46,Pune,Maharashtra,2023-11-27
CUST00068,Simran Nair,Male,22,Kolkata,West Bengal,2023-01-20
CUST00069,Rahul Kulkarni,Other,53,Mumbai,Maharashtra,2025-01-26
CUST00070,Rahul Desai,Female,41,Bangalore,Karnataka,2023-03-27
CUST00071,Aditi Jain,Other,33,Chennai,Tamil Nadu,2024-03-06
CUST00072,Ananya Joshi,Other,65,Jaipur,Rajasthan,2025-04-12
CUST00073,Rahul Jain,Male,44,Hyderabad,Telangana,2023-11-29
CUST00074,Aarav Mehta,Other,65,Chennai,Tamil Nadu,2025-04-23
CUST00075,Sneha Gupta,Female,20,Bangalore,Karnataka,2023-08-10
CUST00076,Riya Shah,Female,37,Hyderabad,Telangana,2025-07-31
CUST00077,Sneha Shah,Female,39,Mumbai,Maharashtra,2024-01-31
CUST00078,Karan Mishra,Female,59,Delhi,Delhi,2024-07-25
CUST00079,Yash Desai,Male,25,Jaipur,Rajasthan,2024-11-09
CUST00080,Karan Mehta,Male,24,Lucknow,Uttar Pradesh,2024-06-27
CUST00081,Shreya Desai,Female,56,Chennai,Tamil Nadu,2024-10-04
CUST00082,Yash Patel,Female,20,Kolkata,West Bengal,2024-01-25
CUST00083,Pooja Sharma,Female,45,Jaipur,Rajasthan,2024-02-08
CUST00084,Arjun Khan,Other,25,Chennai,Tamil Nadu,2024-10-04
CUST00085,Isha Kulkarni,Female,43,Pune,Maharashtra,2025-04-16
CUST00086,Isha Kulkarni,Female,60,Bangalore,Karnataka,2024-01-28
CUST00087,Vikram Khan,Female,53,Bangalore,Karnataka,2024-09-08
CUST00088,Aarav Gupta,Female,55,Pune,Maharashtra,2024-03-06
CUST00089,Shreya Khan,Female,46,Chennai,Tamil Nadu,2025-08-10
CUST00090,Rohan Kulkarni,Other,23,Ahmedabad,Gujarat,2023-12-14
CUST00091,Isha Kulkarni,Male,33,Lucknow,Uttar Pradesh,2024-11-17
CUST00092,Isha Shah,Male,20,Hyderabad,Telangana,2023-10-29
CUST00093,Sneha Verma,Female,44,Lucknow,Uttar Pradesh,2023-05-30
CUST00094,Aman Shah,Female,33,Kolkata,West Bengal,2025-10-09
CUST00095,Rahul Khan,Female,32,Mumbai,Maharashtra,2023-08-07
CUST00096,Priya Rao,Male,53,Jaipur,Rajasthan,2025-08-09
CUST00097,Sneha Jain,Male,47,Delhi,Delhi,2025-07-23
CUST00098,Yash Kulkarni,Female,57,Lucknow,Uttar Pradesh,2024-10-11
CUST00099,Yash Desai,Male,65,Jaipur,Rajasthan,2025-07-02
CUST00100,Riya Verma,Other,35,Pune,Maharashtra,2024-05-21
CUST00101,Yash Verma,Female,22,Hyderabad,Telangana,2024-07-16
CUST00102,Isha Shah,Female,52,Pune,Maharashtra,2024-11-18
CUST00103,Arjun Mehta,Female,62,Bangalore,Karnataka,2024-04-18
CUST00104,Rahul Nair,Female,44,Hyderabad,Telangana,2023-05-12
CUST00105,Aditya Kulkarni,Male,31,Ahmedabad,Gujarat,2025-05-01
CUST00106,Pooja Desai,Other,42,Lucknow,Uttar Pradesh,2023-02-10
CUST00107,Riya Sharma,Female,44,Chennai,Tamil Nadu,2024-09-03
CUST00108,Simran Nair,Female,32,Jaipur,Rajasthan,2024-03-27
CUST00109,Karan Desai,Female,39,Ahmedabad,Gujarat,2023-03-01
CUST00110,Vikram Nair,Male,57,Bangalore,Karnataka,2025-08-15
CUST00111,Simran Sharma,Male,59,Kolkata,West Bengal,2023-02-25
CUST00112,Pooja Mehta,Male,34,Ahmedabad,Gujarat,2024-01-08
CUST00113,Vikram Joshi,Female,39,Hyderabad,Telangana,2025-07-20
CUST00114,Vikram Gupta,Male,48,Kolkata,West Bengal,2024-05-31
CUST00115,Aarav Nair,Female,32,Jaipur,Rajasthan,2023-04-17
CUST00116,Arjun Rao,Male,30,Mumbai,Maharashtra,2023-03-05
CUST00117,Aarav Singh,Male,48,Bangalore,Karnataka,2024-05-03
CUST00118,Ananya Singh,Other,34,Hyderabad,Telangana,2025-08-10
CUST00119,Neha Mehta,Male,37,Lucknow,Uttar Pradesh,2023-08-23
CUST00120,Ananya Singh,Other,61,Mumbai,Maharashtra,2024-09-30
CUST00121,Vikram Desai,Other,62,Hyderabad,Telangana,2023-06-05
CUST00122,Sneha Patel,Other,20,Pune,Maharashtra,2023-09-05
CUST00123,Neha Kulkarni,Male,50,Kolkata,West Bengal,2025-01-28
CUST00124,Aditya Sharma,Male,45,Kolkata,West Bengal,2025-09-30
CUST00125,Neha Khan,Female,29,Ahmedabad,Gujarat,2023-11-10
CUST00126,Yash Khan,Female,45,Pune,Maharashtra,2025-09-17
CUST00127,Aman Gupta,Male,35,Chennai,Tamil Nadu,2024-05-17
CUST00128,Kabir Shah,Female,19,Ahmedabad,Gujarat,2025-02-15
CUST00129,Riya Mishra,Female,31,Chennai,Tamil Nadu,2024-01-08
CUST00130,Neha Rao,Female,56,Pune,Maharashtra,2024-11-28
CUST00131,Karan Kulkarni,Male,23,Mumbai,Maharashtra,2025-11-24
CUST00132,Sneha Nair,Other,33,Kolkata,West Bengal,2025-09-27
CUST00133,Riya Khan,Male,23,Ahmedabad,Gujarat,2025-07-06
CUST00134,Isha Shah,Female,60,Kolkata,West Bengal,2024-05-13
CUST00135,Aman Joshi,Female,45,Ahmedabad,Gujarat,2025-12-23
CUST00136,Simran Joshi,Female,37,Chennai,Tamil Nadu,2025-07-18
CUST00137,Karan Shah,Female,25,Delhi,Delhi,2024-01-30
CUST00138,Simran Rao,Male,65,Bangalore,Karnataka,2024-01-28
CUST00139,Riya Gupta,Other,36,Lucknow,Uttar Pradesh,2025-12-10
CUST00140,Ananya Mishra,Male,41,Hyderabad,Telangana,2024-08-29
CUST00141,Priya Gupta,Male,35,Mumbai,Maharashtra,2025-12-29
CUST00142,Aditi Sharma,Other,26,Jaipur,Rajasthan,2024-08-21
CUST00143,Riya Patel,Female,48,Mumbai,Maharashtra,2024-08-05
CUST00144,Kabir Joshi,Female,48,Bangalore,Karnataka,2023-04-16
CUST00145,Ananya Mishra,Female,22,Delhi,Delhi,2025-03-31
CUST00146,Aman Khan,Male,54,Mumbai,Maharashtra,2023-11-07
CUST00147,Isha Patel,Other,44,Hyderabad,Telangana,2023-08-31
CUST00148,Shreya Singh,Other,42,Lucknow,Uttar Pradesh,2024-04-07
CUST00149,Kabir Jain,Other,45,Ahmedabad,Gujarat,2024-08-31
CUST00150,Isha Singh,Other,65,Lucknow,Uttar Pradesh,2023-05-04
CUST00151,Ananya Rao,Female,60,Hyderabad,Telangana,2024-03-08
CUST00152,Arjun Mehta,Other,22,Hyderabad,Telangana,2023-12-22
CUST00153,Priya Sharma,Other,56,Kolkata,West Bengal,2025-07-11
CUST00154,Riya Gupta,Female,63,Mumbai,Maharashtra,2024-04-19
CUST00155,Isha Nair,Other,32,Ahmedabad,Gujarat,2023-05-26
CUST00156,Karan Rao,Female,25,Lucknow,Uttar Pradesh,2024-02-10
CUST00157,Simran Shah,Male,22,Bangalore,Karnataka,2024-06-28
CUST00158,Aditi Mehta,Female,25,Pune,Maharashtra,2024-08-14
CUST00159,Kabir Nair,Female,50,Pune,Maharashtra,2025-04-04
CUST00160,Simran Verma,Other,20,Ahmedabad,Gujarat,2023-06-14
CUST00161,Pooja Nair,Male,23,Chennai,Tamil Nadu,2024-05-27
CUST00162,Sneha Khan,Other,35,Lucknow,Uttar Pradesh,2023-02-12
CUST00163,Aman Sharma,Other,59,Bangalore,Karnataka,2025-08-21
CUST00164,Kabir Jain,Other,45,Pune,Maharashtra,2024-01-07
CUST00165,Riya Patel,Female,39,Ahmedabad,Gujarat,2024-12-13
CUST00166,Aditya Khan,Female,44,Delhi,Delhi,2023-11-26
CUST00167,Riya Gupta,Female,23,Kolkata,West Bengal,2023-03-17
CUST00168,Aditya Gupta,Female,50,Chennai,Tamil Nadu,2023-08-26
CUST00169,Aarav Khan,Female,21,Jaipur,Rajasthan,2025-08-04
CUST00170,Rohan Kulkarni,Other,46,Chennai,Tamil Nadu,2025-10-17
CUST00171,Aditi Shah,Female,46,Pune,Maharashtra,2023-09-26
CUST00172,Riya Patel,Other,28,Mumbai,Maharashtra,2024-05-05
CUST00173,Isha Kulkarni,Male,32,Mumbai,Maharashtra,2025-04-15
CUST00174,Ananya Verma,Female,63,Delhi,Delhi,2023-11-12
CUST00175,Isha Kulkarni,Female,48,Pune,Maharashtra,2025-04-30
CUST00176,Sneha Verma,Female,30,Jaipur,Rajasthan,2023-10-24
CUST00177,Shreya Kulkarni,Female,44,Bangalore,Karnataka,2023-05-23
CUST00178,Aditya Jain,Male,36,Jaipur,Rajasthan,2024-07-01
CUST00179,Isha Mishra,Male,46,Lucknow,Uttar Pradesh,2025-09-29
CUST00180,Simran Verma,Other,52,Chennai,Tamil Nadu,2024-11-11
CUST00181,Vikram Verma,Other,33,Chennai,Tamil Nadu,2024-01-22
CUST00182,Aman Desai,Male,38,Hyderabad,Telangana,2025-04-21
CUST00183,Riya Nair,Other,59,Kolkata,West Bengal,2025-03-01
CUST00184,Rahul Verma,Other,55,Mumbai,Maharashtra,2023-09-16
CUST00185,Aditya Mishra,Male,51,Delhi,Delhi,2025-06-20
CUST00186,Kabir Sharma,Other,27,Bangalore,Karnataka,2025-04-19
CUST00187,Arjun Verma,Other,62,Pune,Maharashtra,2024-11-24
CUST00188,Vikram Khan,Other,52,Delhi,Delhi,2024-11-03
CUST00189,Vikram Joshi,Other,22,Ahmedabad,Gujarat,2023-03-15
CUST00190,Sneha Khan,Other,23,Pune,Maharashtra,2024-04-10
CUST00191,Pooja Patel,Male,62,Delhi,Delhi,2025-06-27
CUST00192,Isha Jain,Female,21,Mumbai,Maharashtra,2023-04-05
CUST00193,Isha Joshi,Male,33,Chennai,Tamil Nadu,2025-06-01
CUST00194,Yash Desai,Male,29,Lucknow,Uttar Pradesh,2024-01-04
CUST00195,Arjun Singh,Female,55,Kolkata,West Bengal,2024-05-08
CUST00196,Rahul Shah,Female,34,Ahmedabad,Gujarat,2024-06-04
CUST00197,Aarav Jain,Other,52,Ahmedabad,Gujarat,2024-08-12
CUST00198,Priya Patel,Other,37,Ahmedabad,Gujarat,2024-12-08
CUST00199,Pooja Nair,Female,30,Pune,Maharashtra,2025-07-24
CUST00200,Vikram Mishra,Male,42,Ahmedabad,Gujarat,2023-08-07
CUST00201,Aman Joshi,Other,36,Lucknow,Uttar Pradesh,2024-08-28
CUST00202,Aarav Mishra,Male,54,Kolkata,West Bengal,2024-07-16
CUST00203,Aditi Jain,Female,32,Lucknow,Uttar Pradesh,2025-10-14
CUST00204,Shreya Rao,Other,30,Chennai,Tamil Nadu,2024-03-24
CUST00205,Shreya Gupta,Other,59,Bangalore,Karnataka,2023-07-18
CUST00206,Aditi Gupta,Other,41,Ahmedabad,Gujarat,2023-03-10
CUST00207,Rahul Patel,Other,44,Pune,Maharashtra,2024-10-31
CUST00208,Priya Shah,Other,50,Bangalore,Karnataka,2025-01-19
CUST00209,Karan Mishra,Female,36,Bangalore,Karnataka,2024-06-10
CUST00210,Aditya Rao,Male,27,Delhi,Delhi,2025-08-17
CUST00211,Sneha Mishra,Male,43,Kolkata,West Bengal,2025-01-19
CUST00212,Aarav Gupta,Female,41,Jaipur,Rajasthan,2023-09-11
CUST00213,Karan Singh,Male,61,Kolkata,West Bengal,2025-01-30
CUST00214,Sneha Verma,Other,32,Mumbai,Maharashtra,2024-11-02
CUST00215,Arjun Khan,Other,44,Ahmedabad,Gujarat,2024-09-10
CUST00216,Ananya Mehta,Female,49,Mumbai,Maharashtra,2023-03-18
CUST00217,Ananya Patel,Female,47,Hyderabad,Telangana,2023-10-05
CUST00218,Neha Khan,Other,65,Jaipur,Rajasthan,2025-05-08
CUST00219,Rahul Jain,Female,57,Kolkata,West Bengal,2023-07-22
CUST00220,Pooja Gupta,Male,46,Mumbai,Maharashtra,2025-01-28
CUST00221,Kabir Shah,Other,41,Chennai,Tamil Nadu,2023-07-23
CUST00222,Simran Jain,Female,35,Chennai,Tamil Nadu,2023-05-05
CUST00223,Rohan Patel,Other,31,Ahmedabad,Gujarat,2023-07-07
CUST00224,Shreya Sharma,Male,26,Mumbai,Maharashtra,2024-11-14
CUST00225,Aman Shah,Other,31,Delhi,Delhi,2024-02-29
CUST00226,Sneha Joshi,Female,27,Bangalore,Karnataka,2023-01-06
CUST00227,Rahul Kulkarni,Male,60,Pune,Maharashtra,2023-12-24
CUST00228,Aarav Mehta,Male,55,Mumbai,Maharashtra,2025-01-03
CUST00229,Aditya Sharma,Male,26,Bangalore,Karnataka,2024-06-27
CUST00230,Pooja Kulkarni,Female,46,Delhi,Delhi,2023-05-11
CUST00231,Neha Kulkarni,Female,50,Lucknow,Uttar Pradesh,2023-08-12
CUST00232,Sneha Singh,Female,47,Mumbai,Maharashtra,2025-12-03
CUST00233,Aarav Sharma,Female,61,Ahmedabad,Gujarat,2025-04-02
CUST00234,Ananya Verma,Male,38,Ahmedabad,Gujarat,2023-05-31
CUST00235,Shreya Mehta,Female,57,Delhi,Delhi,2023-09-16
CUST00236,Aman Kulkarni,Other,51,Chennai,Tamil Nadu,2025-02-19
CUST00237,Isha Verma,Male,62,Jaipur,Rajasthan,2025-05-31
CUST00238,Ananya Mishra,Female,46,Jaipur,Rajasthan,2024-03-16
CUST00239,Sneha Desai,Female,44,Chennai,Tamil Nadu,2025-07-17
CUST00240,Ananya Joshi,Other,34,Kolkata,West Bengal,2024-10-02
CUST00241,Neha Mehta,Male,23,Ahmedabad,Gujarat,2023-05-18
CUST00242,Arjun Desai,Male,53,Delhi,Delhi,2025-02-02
CUST00243,Aditi Singh,Other,25,Jaipur,Rajasthan,2024-11-06
CUST00244,Pooja Joshi,Female,56,Kolkata,West Bengal,2023-04-16
CUST00245,Isha Joshi,Male,27,Delhi,Delhi,2025-11-05
CUST00246,Riya Shah,Other,41,Delhi,Delhi,2024-12-18
CUST00247,Ananya Rao,Female,53,Pune,Maharashtra,2024-04-08
CUST00248,Shreya Singh,Other,60,Jaipur,Rajasthan,2023-02-23
CUST00249,Karan Sharma,Other,37,Bangalore,Karnataka,2024-07-13
CUST00250,Aditya Joshi,Male,54,Mumbai,Maharashtra,2024-01-07
CUST00251,Vikram Patel,Male,65,Bangalore,Karnataka,2023-03-04
CUST00252,Yash Shah,Female,39,Kolkata,West Bengal,2025-05-09
CUST00253,Priya Joshi,Other,56,Pune,Maharashtra,2024-10-26
CUST00254,Arjun Jain,Male,57,Mumbai,Maharashtra,2023-11-15
CUST00255,Aditi Khan,Female,60,Delhi,Delhi,2024-07-11
CUST00256,Pooja Verma,Female,35,Lucknow,Uttar Pradesh,2025-06-24
CUST00257,Rohan Rao,Female,45,Jaipur,Rajasthan,2023-08-22
CUST00258,Ananya Gupta,Other,60,Lucknow,Uttar Pradesh,2025-09-23
CUST00259,Isha Sharma,Other,21,Hyderabad,Telangana,2025-03-20
CUST00260,Aarav Shah,Male,34,Pune,Maharashtra,2024-03-08
CUST00261,Isha Joshi,Female,65,Delhi,Delhi,2023-01-16
CUST00262,Pooja Mehta,Other,63,Bangalore,Karnataka,2025-02-17
CUST00263,Sneha Kulkarni,Male,43,Jaipur,Rajasthan,2024-12-26
CUST00264,Aditi Desai,Male,38,Mumbai,Maharashtra,2025-07-30
CUST00265,Aman Desai,Other,58,Lucknow,Uttar Pradesh,2025-04-08
CUST00266,Pooja Gupta,Male,38,Delhi,Delhi,2025-04-09
CUST00267,Priya Rao,Other,41,Lucknow,Uttar Pradesh,2025-07-31
CUST00268,Arjun Desai,Female,55,Delhi,Delhi,2024-05-13
CUST00269,Vikram Kulkarni,Female,65,Delhi,Delhi,2025-03-21
CUST00270,Aditya Shah,Male,50,Chennai,Tamil Nadu,2023-12-11
CUST00271,Ananya Kulkarni,Female,40,Jaipur,Rajasthan,2024-02-02
CUST00272,Rahul Shah,Female,30,Delhi,Delhi,2023-10-27
CUST00273,Priya Singh,Male,58,Bangalore,Karnataka,2023-06-04
CUST00274,Riya Verma,Other,54,Lucknow,Uttar Pradesh,2025-07-08
CUST00275,Shreya Joshi,Female,22,Chennai,Tamil Nadu,2023-11-06
CUST00276,Riya Verma,Other,21,Pune,Maharashtra,2024-07-16
CUST00277,Neha Kulkarni,Female,46,Delhi,Delhi,2024-09-27
CUST00278,Aditi Sharma,Male,59,Chennai,Tamil Nadu,2024-08-10
CUST00279,Arjun Singh,Female,47,Lucknow,Uttar Pradesh,2025-11-04
CUST00280,Aman Kulkarni,Other,59,Mumbai,Maharashtra,2025-07-10
CUST00281,Rohan Joshi,Other,27,Lucknow,Uttar Pradesh,2025-09-01
CUST00282,Aditi Verma,Other,23,Delhi,Delhi,2024-12-04
CUST00283,Yash Khan,Male,63,Bangalore,Karnataka,2023-03-22
CUST00284,Kabir Verma,Other,28,Jaipur,Rajasthan,2025-12-06
CUST00285,Neha Joshi,Female,39,Pune,Maharashtra,2025-03-04
CUST00286,Shreya Sharma,Female,24,Chennai,Tamil Nadu,2023-05-15
CUST00287,Simran Khan,Female,64,Kolkata,West Bengal,2024-08-04
CUST00288,Shreya Mishra,Male,55,Bangalore,Karnataka,2024-11-13
CUST00289,Rahul Jain,Other,62,Chennai,Tamil Nadu,2024-09-27
CUST00290,Vikram Mehta,Female,53,Lucknow,Uttar Pradesh,2023-06-23
CUST00291,Vikram Khan,Other,62,Chennai,Tamil Nadu,2023-09-19
CUST00292,Yash Patel,Female,19,Kolkata,West Bengal,2025-11-07
CUST00293,Neha Gupta,Female,49,Bangalore,Karnataka,2024-03-14
CUST00294,Rohan Shah,Male,36,Bangalore,Karnataka,2023-11-14
CUST00295,Ananya Kulkarni,Male,60,Jaipur,Rajasthan,2025-12-14
CUST00296,Aditya Jain,Other,42,Lucknow,Uttar Pradesh,2023-09-26
CUST00297,Rahul Mehta,Other,46,Bangalore,Karnataka,2023-12-06
CUST00298,Aditi Desai,Female,57,Chennai,Tamil Nadu,2024-05-01
CUST00299,Isha Rao,Other,33,Ahmedabad,Gujarat,2024-04-24
CUST00300,Isha Rao,Female,61,Ahmedabad,Gujarat,2024-02-02
CUST00301,Aman Verma,Female,50,Ahmedabad,Gujarat,2024-07-31
CUST00302,Yash Desai,Other,26,Bangalore,Karnataka,2024-02-13
CUST00303,Karan Sharma,Other,24,Ahmedabad,Gujarat,2025-01-30
CUST00304,Yash Mishra,Male,28,Delhi,Delhi,2024-08-06
CUST00305,Karan Verma,Female,23,Jaipur,Rajasthan,2023-10-29
CUST00306,Sneha Mishra,Male,44,Ahmedabad,Gujarat,2024-12-16
CUST00307,Aditi Desai,Male,42,Jaipur,Rajasthan,2025-02-04
CUST00308,Arjun Joshi,Female,24,Hyderabad,Telangana,2023-02-27
CUST00309,Aditya Rao,Male,36,Bangalore,Karnataka,2023-10-09
CUST00310,Riya Nair,Female,57,Bangalore,Karnataka,2025-08-18
CUST00311,Aarav Jain,Female,31,Delhi,Delhi,2023-02-08
CUST00312,Rahul Kulkarni,Female,25,Lucknow,Uttar Pradesh,2025-12-16
CUST00313,Isha Shah,Male,33,Pune,Maharashtra,2023-09-07
CUST00314,Pooja Khan,Male,25,Lucknow,Uttar Pradesh,2025-07-25
CUST00315,Riya Singh,Other,50,Jaipur,Rajasthan,2023-02-03
CUST00316,Aman Shah,Female,18,Bangalore,Karnataka,2024-08-19
CUST00317,Shreya Joshi,Male,60,Hyderabad,Telangana,2025-05-03
CUST00318,Arjun Kulkarni,Other,52,Chennai,Tamil Nadu,2023-05-19
CUST00319,Yash Rao,Female,48,Jaipur,Rajasthan,2023-02-11
CUST00320,Aditi Khan,Female,65,Kolkata,West Bengal,2025-02-03
CUST00321,Aarav Joshi,Male,64,Delhi,Delhi,2024-12-07
CUST00322,Ananya Rao,Male,20,Lucknow,Uttar Pradesh,2024-11-11
CUST00323,Neha Kulkarni,Other,47,Chennai,Tamil Nadu,2023-12-25
CUST00324,Riya Khan,Male,63,Bangalore,Karnataka,2023-10-04
CUST00325,Kabir Sharma,Male,30,Pune,Maharashtra,2024-02-17
CUST00326,Aditi Joshi,Female,52,Pune,Maharashtra,2025-11-21
CUST00327,Riya Gupta,Female,40,Mumbai,Maharashtra,2024-01-27
CUST00328,Aditi Mishra,Male,41,Chennai,Tamil Nadu,2024-07-13
CUST00329,Pooja Jain,Female,39,Kolkata,West Bengal,2025-06-19
CUST00330,Priya Verma,Other,35,Ahmedabad,Gujarat,2025-01-22
CUST00331,Arjun Nair,Female,56,Kolkata,West Bengal,2023-06-11
CUST00332,Priya Kulkarni,Male,23,Pune,Maharashtra,2024-10-19
CUST00333,Aditya Khan,Female,56,Pune,Maharashtra,2024-09-19
CUST00334,Pooja Mehta,Female,20,Ahmedabad,Gujarat,2024-12-20
CUST00335,Neha Singh,Other,21,Kolkata,West Bengal,2024-07-16
CUST00336,Arjun Khan,Other,65,Kolkata,West Bengal,2025-01-14
CUST00337,Priya Sharma,Male,26,Bangalore,Karnataka,2025-06-16
CUST00338,Arjun Shah,Female,54,Chennai,Tamil Nadu,2025-01-11
CUST00339,Aditi Singh,Female,41,Bangalore,Karnataka,2025-07-10
CUST00340,Kabir Rao,Other,41,Delhi,Delhi,2023-10-09
CUST00341,Vikram Joshi,Male,19,Pune,Maharashtra,2024-05-26
CUST00342,Priya Verma,Other,25,Jaipur,Rajasthan,2025-03-03
CUST00343,Karan Rao,Male,57,Pune,Maharashtra,2025-07-02
CUST00344,Isha Nair,Male,26,Ahmedabad,Gujarat,2024-02-14
CUST00345,Arjun Verma,Male,61,Bangalore,Karnataka,2025-06-30
CUST00346,Aditya Khan,Other,52,Chennai,Tamil Nadu,2023-05-13
CUST00347,Isha Jain,Other,63,Pune,Maharashtra,2023-11-19
CUST00348,Priya Rao,Male,25,Chennai,Tamil Nadu,2025-11-07
CUST00349,Rohan Rao,Female,19,Bangalore,Karnataka,2024-04-29
CUST00350,Neha Kulkarni,Female,53,Lucknow,Uttar Pradesh,2025-01-25
CUST00351,Rahul Singh,Female,43,Delhi,Delhi,2023-05-15
CUST00352,Riya Kulkarni,Other,22,Kolkata,West Bengal,2025-04-18
CUST00353,Rahul Joshi,Female,61,Delhi,Delhi,2025-07-10
CUST00354,Yash Joshi,Male,45,Bangalore,Karnataka,2024-01-08
CUST00355,Yash Jain,Other,27,Mumbai,Maharashtra,2023-09-12
CUST00356,Isha Mehta,Other,32,Bangalore,Karnataka,2024-10-22
CUST00357,Neha Kulkarni,Female,30,Pune,Maharashtra,2023-06-11
CUST00358,Simran Gupta,Other,52,Bangalore,Karnataka,2024-09-12
CUST00359,Arjun Kulkarni,Male,60,Bangalore,Karnataka,2023-11-12
CUST00360,Shreya Nair,Other,20,Lucknow,Uttar Pradesh,2024-11-22
CUST00361,Aarav Patel,Other,31,Mumbai,Maharashtra,2024-06-26
CUST00362,Aman Desai,Female,58,Lucknow,Uttar Pradesh,2023-03-04
CUST00363,Simran Gupta,Male,61,Pune,Maharashtra,2025-09-16
CUST00364,Vikram Gupta,Other,21,Ahmedabad,Gujarat,2023-05-30
CUST00365,Priya Verma,Female,31,Kolkata,West Bengal,2025-09-18
CUST00366,Aditya Singh,Other,38,Bangalore,Karnataka,2024-10-02
CUST00367,Neha Desai,Other,53,Bangalore,Karnataka,2025-01-28
CUST00368,Ananya Joshi,Male,35,Hyderabad,Telangana,2025-08-13
CUST00369,Kabir Shah,Male,36,Bangalore,Karnataka,2023-07-18
CUST00370,Vikram Mishra,Male,28,Lucknow,Uttar Pradesh,2025-05-06
CUST00371,Aditya Jain,Male,28,Lucknow,Uttar Pradesh,2024-10-02
CUST00372,Riya Kulkarni,Female,49,Ahmedabad,Gujarat,2025-10-18
CUST00373,Aarav Patel,Female,33,Kolkata,West Bengal,2025-11-01
CUST00374,Rohan Singh,Male,36,Chennai,Tamil Nadu,2023-04-10
CUST00375,Riya Singh,Other,18,Ahmedabad,Gujarat,2024-08-08
CUST00376,Ananya Desai,Other,41,Bangalore,Karnataka,2024-06-25
CUST00377,Vikram Joshi,Male,54,Mumbai,Maharashtra,2025-03-31
CUST00378,Simran Shah,Male,42,Chennai,Tamil Nadu,2024-08-14
CUST00379,Yash Verma,Other,61,Jaipur,Rajasthan,2024-07-26
CUST00380,Shreya Patel,Female,41,Bangalore,Karnataka,2023-07-18
CUST00381,Aditya Kulkarni,Male,56,Chennai,Tamil Nadu,2023-10-23
CUST00382,Yash Desai,Male,20,Jaipur,Rajasthan,2023-03-24
CUST00383,Rahul Nair,Other,47,Chennai,Tamil Nadu,2025-08-28
CUST00384,Rahul Singh,Female,57,Jaipur,Rajasthan,2023-10-14
CUST00385,Aditya Mehta,Other,39,Kolkata,West Bengal,2024-09-04
CUST00386,Yash Mishra,Female,63,Jaipur,Rajasthan,2025-12-26
CUST00387,Aman Gupta,Female,39,Ahmedabad,Gujarat,2023-02-04
CUST00388,Ananya Desai,Other,62,Lucknow,Uttar Pradesh,2024-09-22
CUST00389,Aarav Singh,Other,55,Ahmedabad,Gujarat,2024-06-27
CUST00390,Aman Shah,Male,51,Mumbai,Maharashtra,2025-09-10
CUST00391,Shreya Rao,Other,33,Kolkata,West Bengal,2023-10-30
CUST00392,Aditi Singh,Male,46,Delhi,Delhi,2024-01-26
CUST00393,Aditya Desai,Other,31,Bangalore,Karnataka,2025-04-25
CUST00394,Pooja Kulkarni,Other,64,Lucknow,Uttar Pradesh,2025-08-23
CUST00395,Aditi Nair,Male,53,Bangalore,Karnataka,2025-11-28
CUST00396,Aditya Khan,Female,38,Ahmedabad,Gujarat,2025-12-12
CUST00397,Priya Verma,Other,40,Jaipur,Rajasthan,2024-12-02
CUST00398,Karan Singh,Male,35,Ahmedabad,Gujarat,2024-01-29
CUST00399,Simran Gupta,Female,63,Hyderabad,Telangana,2024-09-01
CUST00400,Rohan Nair,Female,40,Ahmedabad,Gujarat,2024-10-11
CUST00401,Simran Jain,Male,54,Pune,Maharashtra,2024-08-12
CUST00402,Simran Desai,Male,36,Kolkata,West Bengal,2024-12-07
CUST00403,Aditi Gupta,Female,59,Delhi,Delhi,2024-12-10
CUST00404,Karan Nair,Male,52,Ahmedabad,Gujarat,2024-03-14
CUST00405,Karan Jain,Male,24,Jaipur,Rajasthan,2024-07-10
CUST00406,Shreya Nair,Male,21,Lucknow,Uttar Pradesh,2024-05-05
CUST00407,Yash Shah,Male,44,Hyderabad,Telangana,2023-04-18
CUST00408,Aditya Nair,Other,26,Ahmedabad,Gujarat,2023-07-25
CUST00409,Aarav Kulkarni,Other,48,Bangalore,Karnataka,2025-04-13
CUST00410,Riya Khan,Female,36,Hyderabad,Telangana,2024-08-11
CUST00411,Aditi Jain,Other,65,Delhi,Delhi,2024-04-20
CUST00412,Aditi Jain,Male,20,Bangalore,Karnataka,2025-05-05
CUST00413,Vikram Rao,Other,36,Ahmedabad,Gujarat,2024-01-17
CUST00414,Aditi Sharma,Female,36,Pune,Maharashtra,2023-08-08
CUST00415,Kabir Khan,Female,26,Jaipur,Rajasthan,2025-12-09
CUST00416,Yash Verma,Male,39,Pune,Maharashtra,2024-01-30
CUST00417,Priya Nair,Other,29,Ahmedabad,Gujarat,2024-06-10
CUST00418,Aarav Nair,Other,61,Chennai,Tamil Nadu,2024-08-27
CUST00419,Rohan Mehta,Female,50,Lucknow,Uttar Pradesh,2025-04-10
CUST00420,Aditya Patel,Male,26,Kolkata,West Bengal,2023-07-15
CUST00421,Riya Joshi,Female,42,Hyderabad,Telangana,2023-01-14
CUST00422,Sneha Verma,Female,55,Pune,Maharashtra,2024-11-06
CUST00423,Aman Sharma,Other,33,Pune,Maharashtra,2025-01-06
CUST00424,Aditi Khan,Female,28,Delhi,Delhi,2025-08-11
CUST00425,Vikram Khan,Other,25,Jaipur,Rajasthan,2024-09-28
CUST00426,Isha Joshi,Male,26,Lucknow,Uttar Pradesh,2024-03-28
CUST00427,Riya Mehta,Female,62,Ahmedabad,Gujarat,2025-02-04
CUST00428,Simran Jain,Male,61,Ahmedabad,Gujarat,2024-03-23
CUST00429,Shreya Mishra,Female,51,Delhi,Delhi,2025-12-12
CUST00430,Neha Patel,Male,53,Lucknow,Uttar Pradesh,2023-08-18
CUST00431,Yash Shah,Male,38,Lucknow,Uttar Pradesh,2023-11-03
CUST00432,Yash Verma,Other,55,Delhi,Delhi,2024-02-25
CUST00433,Riya Patel,Male,47,Jaipur,Rajasthan,2025-07-01
CUST00434,Rahul Kulkarni,Other,21,Kolkata,West Bengal,2025-07-24
CUST00435,Simran Verma,Female,34,Pune,Maharashtra,2023-02-14
CUST00436,Aarav Nair,Male,45,Hyderabad,Telangana,2023-05-30
CUST00437,Neha Nair,Male,48,Delhi,Delhi,2023-05-04
CUST00438,Aditi Gupta,Male,59,Kolkata,West Bengal,2024-01-04
CUST00439,Pooja Joshi,Female,42,Kolkata,West Bengal,2025-07-07
CUST00440,Arjun Khan,Other,40,Jaipur,Rajasthan,2023-09-30
CUST00441,Ananya Mehta,Other,26,Jaipur,Rajasthan,2025-03-15
CUST00442,Sneha Mishra,Female,47,Mumbai,Maharashtra,2023-02-16
CUST00443,Simran Desai,Male,33,Jaipur,Rajasthan,2025-02-15
CUST00444,Kabir Joshi,Male,64,Bangalore,Karnataka,2024-07-18
CUST00445,Ananya Sharma,Male,31,Kolkata,West Bengal,2023-02-02
CUST00446,Arjun Patel,Female,56,Lucknow,Uttar Pradesh,2023-03-10
CUST00447,Aditi Shah,Female,32,Mumbai,Maharashtra,2025-04-03
CUST00448,Simran Shah,Other,36,Mumbai,Maharashtra,2023-10-14
CUST00449,Sneha Mishra,Other,56,Lucknow,Uttar Pradesh,2024-10-15
CUST00450,Aditya Shah,Other,51,Pune,Maharashtra,2023-10-21
CUST00451,Sneha Desai,Male,53,Pune,Maharashtra,2024-07-17
CUST00452,Aman Jain,Other,49,Bangalore,Karnataka,2025-05-24
CUST00453,Aditi Joshi,Female,62,Kolkata,West Bengal,2025-12-10
CUST00454,Pooja Desai,Female,29,Bangalore,Karnataka,2024-09-06
CUST00455,Simran Verma,Female,63,Hyderabad,Telangana,2024-04-06
CUST00456,Rahul Rao,Other,44,Ahmedabad,Gujarat,2023-04-29
CUST00457,Pooja Kulkarni,Female,33,Jaipur,Rajasthan,2023-10-02
CUST00458,Karan Shah,Female,41,Chennai,Tamil Nadu,2023-06-11
CUST00459,Arjun Kulkarni,Female,42,Hyderabad,Telangana,2023-04-16
CUST00460,Shreya Singh,Male,55,Mumbai,Maharashtra,2023-05-30
CUST00461,Simran Shah,Female,37,Ahmedabad,Gujarat,2024-03-03
CUST00462,Aarav Shah,Other,48,Hyderabad,Telangana,2023-08-29
CUST00463,Sneha Nair,Female,33,Lucknow,Uttar Pradesh,2024-02-23
CUST00464,Simran Joshi,Female,52,Pune,Maharashtra,2025-02-18
CUST00465,Neha Gupta,Other,49,Pune,Maharashtra,2025-01-06
CUST00466,Kabir Patel,Male,41,Ahmedabad,Gujarat,2024-10-17
CUST00467,Aditya Desai,Other,27,Mumbai,Maharashtra,2024-03-29
CUST00468,Aarav Gupta,Female,27,Jaipur,Rajasthan,2025-05-05
CUST00469,Rohan Joshi,Other,33,Hyderabad,Telangana,2025-02-16
CUST00470,Riya Kulkarni,Female,64,Chennai,Tamil Nadu,2024-06-11
CUST00471,Riya Verma,Male,26,Bangalore,Karnataka,2024-12-22
CUST00472,Simran Verma,Other,20,Bangalore,Karnataka,2023-05-01
CUST00473,Arjun Mishra,Female,26,Mumbai,Maharashtra,2023-01-14
CUST00474,Sneha Patel,Male,50,Bangalore,Karnataka,2023-01-19
CUST00475,Kabir Joshi,Other,49,Mumbai,Maharashtra,2025-09-16
CUST00476,Aarav Sharma,Male,19,Jaipur,Rajasthan,2025-04-22
CUST00477,Yash Nair,Male,50,Pune,Maharashtra,2024-08-10
CUST00478,Pooja Rao,Male,51,Bangalore,Karnataka,2023-08-08
CUST00479,Rahul Shah,Female,40,Hyderabad,Telangana,2025-12-14
CUST00480,Karan Rao,Female,43,Kolkata,West Bengal,2023-06-11
CUST00481,Kabir Singh,Female,61,Hyderabad,Telangana,2024-04-07
CUST00482,Arjun Khan,Female,42,Mumbai,Maharashtra,2023-07-11
CUST00483,Vikram Kulkarni,Other,18,Ahmedabad,Gujarat,2023-04-25
CUST00484,Priya Patel,Other,39,Ahmedabad,Gujarat,2025-06-07
CUST00485,Aman Mishra,Male,32,Delhi,Delhi,2025-12-17
CUST00486,Rohan Jain,Female,20,Lucknow,Uttar Pradesh,2025-08-31
CUST00487,Arjun Khan,Male,38,Pune,Maharashtra,2023-03-09
CUST00488,Aarav Shah,Other,43,Lucknow,Uttar Pradesh,2023-10-23
CUST00489,Arjun Gupta,Other,42,Bangalore,Karnataka,2024-05-07
CUST00490,Simran Joshi,Other,64,Kolkata,West Bengal,2023-10-14
CUST00491,Arjun Kulkarni,Male,45,Chennai,Tamil Nadu,2023-04-20
CUST00492,Sneha Mishra,Other,57,Delhi,Delhi,2024-11-28
CUST00493,Shreya Desai,Other,35,Chennai,Tamil Nadu,2023-03-02
CUST00494,Kabir Verma,Other,42,Hyderabad,Telangana,2024-12-29
CUST00495,Pooja Mehta,Male,57,Lucknow,Uttar Pradesh,2025-02-17
CUST00496,Isha Rao,Male,35,Hyderabad,Telangana,2023-05-31
CUST00497,Rahul Desai,Female,41,Bangalore,Karnataka,2025-03-08
CUST00498,Ananya Patel,Female,41,Mumbai,Maharashtra,2024-09-23
CUST00499,Karan Patel,Male,45,Bangalore,Karnataka,2023-06-28
CUST00500,Kabir Kulkarni,Female,24,Jaipur,Rajasthan,2025-11-15
CUST00501,Aarav Patel,Other,56,Chennai,Tamil Nadu,2023-07-10
CUST00502,Aditya Mishra,Female,44,Kolkata,West Bengal,2023-01-26
CUST00503,Vikram Rao,Other,51,Delhi,Delhi,2024-05-12
CUST00504,Priya Khan,Male,35,Kolkata,West Bengal,2023-12-14
CUST00505,Isha Gupta,Male,28,Ahmedabad,Gujarat,2023-10-26
CUST00506,Pooja Gupta,Female,22,Kolkata,West Bengal,2024-09-05
CUST00507,Neha Gupta,Other,57,Hyderabad,Telangana,2025-10-12
CUST00508,Rohan Verma,Female,18,Delhi,Delhi,2023-10-05
CUST00509,Vikram Joshi,Female,46,Lucknow,Uttar Pradesh,2025-02-17
CUST00510,Aditya Desai,Female,38,Lucknow,Uttar Pradesh,2023-10-06
CUST00511,Shreya Nair,Female,29,Hyderabad,Telangana,2025-09-08
CUST00512,Vikram Joshi,Other,33,Pune,Maharashtra,2025-10-02
CUST00513,Aditya Desai,Female,25,Pune,Maharashtra,2025-03-15
CUST00514,Aman Shah,Other,53,Lucknow,Uttar Pradesh,2024-01-04
CUST00515,Aarav Nair,Female,36,Ahmedabad,Gujarat,2024-03-05
CUST00516,Arjun Mishra,Male,58,Kolkata,West Bengal,2025-10-19
CUST00517,Isha Shah,Other,45,Pune,Maharashtra,2023-11-12
CUST00518,Vikram Patel,Other,43,Ahmedabad,Gujarat,2025-09-08
CUST00519,Simran Kulkarni,Female,62,Kolkata,West Bengal,2023-03-17
CUST00520,Simran Singh,Male,60,Delhi,Delhi,2023-08-12
CUST00521,Neha Mehta,Other,59,Lucknow,Uttar Pradesh,2023-04-01
CUST00522,Vikram Rao,Male,18,Chennai,Tamil Nadu,2025-05-31
CUST00523,Ananya Gupta,Other,51,Hyderabad,Telangana,2025-11-11
CUST00524,Simran Singh,Female,41,Lucknow,Uttar Pradesh,2024-03-28
CUST00525,Vikram Verma,Male,40,Lucknow,Uttar Pradesh,2025-10-21
CUST00526,Aarav Verma,Female,23,Delhi,Delhi,2024-08-28
CUST00527,Ananya Mishra,Female,39,Bangalore,Karnataka,2024-12-14
CUST00528,Kabir Rao,Female,40,Hyderabad,Telangana,2025-12-03
CUST00529,Riya Patel,Female,22,Ahmedabad,Gujarat,2025-07-15
CUST00530,Isha Sharma,Female,59,Delhi,Delhi,2023-02-16
CUST00531,Ananya Khan,Other,29,Bangalore,Karnataka,2024-05-14
CUST00532,Simran Mehta,Female,32,Chennai,Tamil Nadu,2025-05-23
CUST00533,Vikram Khan,Other,60,Bangalore,Karnataka,2024-01-17
CUST00534,Pooja Desai,Female,55,Mumbai,Maharashtra,2024-02-09
CUST00535,Pooja Desai,Male,35,Mumbai,Maharashtra,2024-03-15
CUST00536,Arjun Singh,Female,38,Delhi,Delhi,2024-01-18
CUST00537,Rohan Verma,Other,49,Delhi,Delhi,2024-06-21
CUST00538,Yash Khan,Other,43,Chennai,Tamil Nadu,2025-03-06
CUST00539,Aman Patel,Female,57,Chennai,Tamil Nadu,2024-12-21
CUST00540,Priya Mishra,Other,26,Pune,Maharashtra,2023-06-23
CUST00541,Aditya Patel,Male,29,Hyderabad,Telangana,2024-09-17
CUST00542,Neha Nair,Female,44,Bangalore,Karnataka,2025-11-12
CUST00543,Shreya Mehta,Female,29,Lucknow,Uttar Pradesh,2025-02-24
CUST00544,Riya Khan,Other,28,Jaipur,Rajasthan,2023-12-21
CUST00545,Riya Gupta,Female,46,Bangalore,Karnataka,2024-01-19
CUST00546,Shreya Sharma,Female,26,Chennai,Tamil Nadu,2023-01-20
CUST00547,Rohan Mishra,Other,49,Kolkata,West Bengal,2025-11-01
CUST00548,Pooja Khan,Other,46,Ahmedabad,Gujarat,2025-05-01
CUST00549,Riya Mehta,Male,36,Delhi,Delhi,2023-03-05
CUST00550,Aditi Gupta,Male,47,Hyderabad,Telangana,2024-08-14
CUST00551,Aman Nair,Male,54,Ahmedabad,Gujarat,2025-11-12
CUST00552,Ananya Gupta,Other,20,Jaipur,Rajasthan,2025-01-21
CUST00553,Kabir Kulkarni,Male,65,Hyderabad,Telangana,2025-05-20
CUST00554,Sneha Gupta,Female,40,Mumbai,Maharashtra,2025-07-10
CUST00555,Arjun Verma,Male,65,Delhi,Delhi,2024-04-30
CUST00556,Aman Nair,Male,57,Chennai,Tamil Nadu,2025-05-26
CUST00557,Rahul Rao,Male,54,Hyderabad,Telangana,2024-02-28
CUST00558,Neha Kulkarni,Female,63,Pune,Maharashtra,2023-12-11
CUST00559,Isha Gupta,Other,61,Lucknow,Uttar Pradesh,2024-07-01
CUST00560,Ananya Mehta,Female,59,Kolkata,West Bengal,2023-05-02
CUST00561,Rahul Nair,Male,63,Bangalore,Karnataka,2024-05-26
CUST00562,Aditya Mishra,Female,27,Hyderabad,Telangana,2025-03-15
CUST00563,Aman Khan,Female,46,Pune,Maharashtra,2025-04-28
CUST00564,Arjun Khan,Other,65,Delhi,Delhi,2025-04-05
CUST00565,Karan Nair,Female,38,Chennai,Tamil Nadu,2025-07-20
CUST00566,Aman Sharma,Other,60,Delhi,Delhi,2025-07-27
CUST00567,Neha Mishra,Female,31,Delhi,Delhi,2025-12-30
CUST00568,Pooja Mishra,Female,38,Hyderabad,Telangana,2025-10-10
CUST00569,Isha Joshi,Other,49,Jaipur,Rajasthan,2023-09-25
CUST00570,Aditya Jain,Male,58,Mumbai,Maharashtra,2023-04-05
CUST00571,Kabir Sharma,Female,47,Delhi,Delhi,2023-11-20
CUST00572,Aarav Desai,Other,37,Hyderabad,Telangana,2023-09-28
CUST00573,Priya Mishra,Other,41,Pune,Maharashtra,2023-07-11
CUST00574,Karan Patel,Male,43,Chennai,Tamil Nadu,2023-12-05
CUST00575,Isha Nair,Other,23,Hyderabad,Telangana,2025-05-29
CUST00576,Ananya Sharma,Male,26,Hyderabad,Telangana,2025-09-03
CUST00577,Aman Shah,Male,18,Jaipur,Rajasthan,2025-06-30
CUST00578,Aditya Mishra,Other,26,Delhi,Delhi,2025-05-14
CUST00579,Riya Patel,Male,64,Hyderabad,Telangana,2025-02-23
CUST00580,Ananya Patel,Female,26,Chennai,Tamil Nadu,2025-01-22
CUST00581,Vikram Rao,Male,51,Bangalore,Karnataka,2023-10-20
CUST00582,Aman Sharma,Female,40,Lucknow,Uttar Pradesh,2023-12-03
CUST00583,Rohan Khan,Other,61,Bangalore,Karnataka,2025-04-23
CUST00584,Kabir Mishra,Male,26,Hyderabad,Telangana,2023-06-27
CUST00585,Ananya Singh,Female,38,Kolkata,West Bengal,2024-12-20
CUST00586,Rahul Shah,Male,53,Pune,Maharashtra,2023-06-22
CUST00587,Shreya Singh,Other,19,Lucknow,Uttar Pradesh,2024-08-06
CUST00588,Isha Shah,Male,65,Jaipur,Rajasthan,2025-11-09
CUST00589,Vikram Gupta,Female,42,Mumbai,Maharashtra,2024-05-05
CUST00590,Ananya Shah,Other,18,Ahmedabad,Gujarat,2023-05-26
CUST00591,Neha Jain,Female,54,Chennai,Tamil Nadu,2023-09-28
CUST00592,Pooja Joshi,Female,22,Jaipur,Rajasthan,2023-12-20
CUST00593,Aarav Singh,Female,31,Delhi,Delhi,2023-01-29
CUST00594,Aditi Jain,Other,36,Mumbai,Maharashtra,2025-03-26
CUST00595,Yash Rao,Other,43,Kolkata,West Bengal,2025-05-17
CUST00596,Arjun Khan,Female,23,Jaipur,Rajasthan,2023-11-09
CUST00597,Isha Patel,Male,52,Jaipur,Rajasthan,2024-02-21
CUST00598,Aditya Desai,Female,62,Lucknow,Uttar Pradesh,2023-05-16
CUST00599,Pooja Nair,Male,23,Hyderabad,Telangana,2023-04-29
CUST00600,Pooja Patel,Female,60,Ahmedabad,Gujarat,2023-04-23
CUST00601,Priya Patel,Other,18,Mumbai,Maharashtra,2023-10-09
CUST00602,Priya Verma,Other,64,Chennai,Tamil Nadu,2025-12-07
CUST00603,Karan Mehta,Other,35,Chennai,Tamil Nadu,2023-09-17
CUST00604,Ananya Rao,Female,35,Mumbai,Maharashtra,2024-11-17
CUST00605,Yash Patel,Female,47,Pune,Maharashtra,2023-06-07
CUST00606,Yash Joshi,Other,28,Mumbai,Maharashtra,2025-10-20
CUST00607,Neha Mehta,Other,61,Pune,Maharashtra,2023-07-30
CUST00608,Ananya Shah,Male,18,Jaipur,Rajasthan,2023-01-06
CUST00609,Sneha Sharma,Female,27,Ahmedabad,Gujarat,2025-01-15
CUST00610,Priya Jain,Male,38,Mumbai,Maharashtra,2025-05-08
CUST00611,Sneha Desai,Male,54,Chennai,Tamil Nadu,2024-07-09
CUST00612,Neha Patel,Male,32,Jaipur,Rajasthan,2023-04-18
CUST00613,Yash Sharma,Female,36,Kolkata,West Bengal,2023-05-22
CUST00614,Isha Joshi,Male,41,Delhi,Delhi,2025-07-24
CUST00615,Rohan Gupta,Other,57,Lucknow,Uttar Pradesh,2024-09-14
CUST00616,Sneha Verma,Male,64,Chennai,Tamil Nadu,2025-10-07
CUST00617,Simran Rao,Male,44,Hyderabad,Telangana,2023-11-05
CUST00618,Aarav Shah,Other,62,Jaipur,Rajasthan,2024-12-10
CUST00619,Aarav Joshi,Other,64,Mumbai,Maharashtra,2025-02-09
CUST00620,Isha Patel,Male,44,Hyderabad,Telangana,2025-12-21
CUST00621,Riya Sharma,Male,20,Bangalore,Karnataka,2024-07-27
CUST00622,Sneha Jain,Other,41,Jaipur,Rajasthan,2025-04-25
CUST00623,Kabir Nair,Other,26,Delhi,Delhi,2023-07-15
CUST00624,Vikram Patel,Female,60,Lucknow,Uttar Pradesh,2023-05-08
CUST00625,Rahul Shah,Female,43,Pune,Maharashtra,2024-06-18
CUST00626,Aditya Joshi,Male,22,Ahmedabad,Gujarat,2024-07-10
CUST00627,Rohan Mehta,Male,24,Lucknow,Uttar Pradesh,2023-08-12
CUST00628,Priya Verma,Female,25,Ahmedabad,Gujarat,2024-10-05
CUST00629,Simran Joshi,Female,47,Hyderabad,Telangana,2025-07-14
CUST00630,Karan Mishra,Male,61,Delhi,Delhi,2023-07-05
CUST00631,Isha Mishra,Male,38,Lucknow,Uttar Pradesh,2023-03-24
CUST00632,Rahul Patel,Female,50,Hyderabad,Telangana,2024-12-29
CUST00633,Aditi Khan,Male,19,Pune,Maharashtra,2024-06-16
CUST00634,Vikram Mishra,Male,47,Ahmedabad,Gujarat,2024-05-26
CUST00635,Ananya Rao,Male,21,Bangalore,Karnataka,2023-09-06
CUST00636,Sneha Mehta,Female,61,Hyderabad,Telangana,2025-03-31
CUST00637,Arjun Singh,Male,19,Lucknow,Uttar Pradesh,2024-06-14
CUST00638,Arjun Shah,Male,39,Ahmedabad,Gujarat,2023-09-21
CUST00639,Ananya Sharma,Male,54,Ahmedabad,Gujarat,2023-04-14
CUST00640,Pooja Mishra,Male,42,Kolkata,West Bengal,2025-10-13
CUST00641,Pooja Mehta,Male,35,Chennai,Tamil Nadu,2024-03-15
CUST00642,Karan Verma,Other,57,Bangalore,Karnataka,2023-03-12
CUST00643,Shreya Shah,Female,53,Pune,Maharashtra,2025-10-18
CUST00644,Riya Sharma,Female,26,Delhi,Delhi,2024-07-26
CUST00645,Pooja Shah,Other,52,Jaipur,Rajasthan,2024-05-25
CUST00646,Aarav Desai,Other,49,Chennai,Tamil Nadu,2025-09-09
CUST00647,Neha Jain,Female,42,Lucknow,Uttar Pradesh,2025-10-25
CUST00648,Karan Mehta,Other,32,Mumbai,Maharashtra,2024-10-15
CUST00649,Aarav Jain,Female,51,Pune,Maharashtra,2023-04-30
CUST00650,Neha Rao,Male,24,Lucknow,Uttar Pradesh,2024-04-21
CUST00651,Sneha Khan,Other,65,Hyderabad,Telangana,2024-06-29
CUST00652,Aditi Rao,Female,29,Hyderabad,Telangana,2025-03-06
CUST00653,Priya Shah,Other,62,Lucknow,Uttar Pradesh,2024-10-13
CUST00654,Neha Jain,Other,62,Lucknow,Uttar Pradesh,2023-02-27
CUST00655,Neha Singh,Other,30,Lucknow,Uttar Pradesh,2023-10-19
CUST00656,Riya Kulkarni,Female,20,Pune,Maharashtra,2023-12-26
CUST00657,Arjun Sharma,Male,51,Hyderabad,Telangana,2024-03-24
CUST00658,Riya Sharma,Male,39,Chennai,Tamil Nadu,2024-02-17
CUST00659,Priya Jain,Male,27,Chennai,Tamil Nadu,2023-05-02
CUST00660,Aman Nair,Other,41,Bangalore,Karnataka,2023-08-16
CUST00661,Arjun Joshi,Female,37,Kolkata,West Bengal,2023-07-26
CUST00662,Aditya Mehta,Other,49,Bangalore,Karnataka,2025-06-13
CUST00663,Aditya Mehta,Male,60,Jaipur,Rajasthan,2024-12-31
CUST00664,Aman Mishra,Female,64,Bangalore,Karnataka,2025-02-13
CUST00665,Isha Mehta,Other,54,Bangalore,Karnataka,2023-01-04
CUST00666,Vikram Mishra,Male,56,Lucknow,Uttar Pradesh,2023-03-08
CUST00667,Aditya Jain,Other,54,Lucknow,Uttar Pradesh,2024-03-28
CUST00668,Ananya Jain,Female,65,Ahmedabad,Gujarat,2023-10-16
CUST00669,Arjun Shah,Male,58,Chennai,Tamil Nadu,2024-10-16
CUST00670,Arjun Mishra,Male,34,Chennai,Tamil Nadu,2025-07-03
CUST00671,Rohan Shah,Female,24,Delhi,Delhi,2024-12-18
CUST00672,Aarav Sharma,Other,44,Kolkata,West Bengal,2025-06-16
CUST00673,Priya Jain,Female,40,Kolkata,West Bengal,2025-10-06
CUST00674,Simran Desai,Other,59,Delhi,Delhi,2025-09-08
CUST00675,Sneha Mehta,Male,36,Ahmedabad,Gujarat,2023-05-31
CUST00676,Aarav Joshi,Male,39,Pune,Maharashtra,2023-08-03
CUST00677,Priya Jain,Other,22,Kolkata,West Bengal,2023-11-26
CUST00678,Simran Jain,Other,57,Delhi,Delhi,2024-11-23
CUST00679,Riya Nair,Other,28,Mumbai,Maharashtra,2025-06-02
CUST00680,Shreya Jain,Male,24,Kolkata,West Bengal,2023-11-18
CUST00681,Aditya Shah,Other,53,Hyderabad,Telangana,2025-04-18
CUST00682,Simran Gupta,Male,24,Pune,Maharashtra,2024-09-01
CUST00683,Aditi Desai,Male,21,Lucknow,Uttar Pradesh,2025-10-02
CUST00684,Neha Sharma,Female,60,Kolkata,West Bengal,2023-06-29
CUST00685,Shreya Verma,Male,31,Hyderabad,Telangana,2023-07-18
CUST00686,Priya Khan,Female,25,Pune,Maharashtra,2023-06-17
CUST00687,Isha Rao,Female,60,Kolkata,West Bengal,2025-08-22
CUST00688,Karan Patel,Male,41,Jaipur,Rajasthan,2025-03-04
CUST00689,Vikram Joshi,Male,34,Bangalore,Karnataka,2025-07-01
CUST00690,Kabir Verma,Female,54,Pune,Maharashtra,2024-04-08
CUST00691,Aditi Mehta,Other,40,Delhi,Delhi,2023-06-25
CUST00692,Simran Desai,Other,21,Lucknow,Uttar Pradesh,2024-04-10
CUST00693,Vikram Mishra,Other,61,Jaipur,Rajasthan,2025-05-07
CUST00694,Riya Singh,Female,23,Hyderabad,Telangana,2025-09-02
CUST00695,Vikram Jain,Other,51,Mumbai,Maharashtra,2025-10-25
CUST00696,Aman Khan,Male,46,Lucknow,Uttar Pradesh,2023-10-29
CUST00697,Priya Mehta,Male,20,Hyderabad,Telangana,2024-01-30
CUST00698,Pooja Patel,Other,27,Kolkata,West Bengal,2024-02-18
CUST00699,Shreya Gupta,Male,42,Chennai,Tamil Nadu,2023-05-18
CUST00700,Simran Desai,Female,51,Jaipur,Rajasthan,2024-10-29
CUST00701,Kabir Jain,Female,25,Mumbai,Maharashtra,2025-12-06
CUST00702,Pooja Mehta,Male,54,Bangalore,Karnataka,2023-07-25
CUST00703,Ananya Rao,Female,34,Pune,Maharashtra,2024-12-05
CUST00704,Vikram Khan,Male,29,Ahmedabad,Gujarat,2025-08-26
CUST00705,Karan Desai,Male,43,Bangalore,Karnataka,2025-04-02
CUST00706,Aditya Nair,Other,48,Hyderabad,Telangana,2023-04-11
CUST00707,Karan Jain,Female,37,Chennai,Tamil Nadu,2023-02-11
CUST00708,Isha Gupta,Male,26,Ahmedabad,Gujarat,2023-07-21
CUST00709,Isha Nair,Female,64,Ahmedabad,Gujarat,2024-10-19
CUST00710,Pooja Singh,Female,31,Delhi,Delhi,2024-01-20
CUST00711,Pooja Nair,Female,21,Ahmedabad,Gujarat,2025-11-23
CUST00712,Yash Rao,Female,63,Bangalore,Karnataka,2023-05-15
CUST00713,Yash Desai,Other,19,Bangalore,Karnataka,2025-12-09
CUST00714,Priya Shah,Male,20,Hyderabad,Telangana,2023-04-29
CUST00715,Kabir Sharma,Female,41,Chennai,Tamil Nadu,2024-02-12
CUST00716,Kabir Kulkarni,Other,19,Kolkata,West Bengal,2023-09-11
CUST00717,Sneha Joshi,Male,48,Ahmedabad,Gujarat,2025-07-02
CUST00718,Aman Kulkarni,Male,34,Chennai,Tamil Nadu,2024-12-06
CUST00719,Arjun Gupta,Male,28,Mumbai,Maharashtra,2025-03-02
CUST00720,Aman Rao,Other,32,Hyderabad,Telangana,2024-03-29
CUST00721,Rohan Gupta,Male,61,Kolkata,West Bengal,2025-11-17
CUST00722,Aarav Verma,Other,18,Bangalore,Karnataka,2023-12-21
CUST00723,Sneha Gupta,Other,63,Lucknow,Uttar Pradesh,2024-09-17
CUST00724,Karan Desai,Female,34,Kolkata,West Bengal,2024-12-15
CUST00725,Rohan Verma,Other,43,Pune,Maharashtra,2025-12-02
CUST00726,Aman Patel,Other,41,Mumbai,Maharashtra,2025-11-13
CUST00727,Simran Khan,Female,61,Lucknow,Uttar Pradesh,2024-08-01
CUST00728,Ananya Verma,Female,58,Delhi,Delhi,2024-11-19
CUST00729,Aditya Mishra,Other,63,Pune,Maharashtra,2024-06-18
CUST00730,Isha Shah,Male,21,Bangalore,Karnataka,2025-11-25
CUST00731,Shreya Desai,Other,19,Chennai,Tamil Nadu,2023-10-14
CUST00732,Riya Gupta,Female,42,Pune,Maharashtra,2025-05-07
CUST00733,Aditi Singh,Female,64,Lucknow,Uttar Pradesh,2024-01-24
CUST00734,Sneha Khan,Other,40,Jaipur,Rajasthan,2025-09-01
CUST00735,Yash Gupta,Female,24,Bangalore,Karnataka,2024-01-06
CUST00736,Riya Mehta,Other,39,Pune,Maharashtra,2024-01-10
CUST00737,Arjun Shah,Other,37,Chennai,Tamil Nadu,2024-04-02
CUST00738,Pooja Rao,Female,55,Chennai,Tamil Nadu,2025-01-31
CUST00739,Isha Verma,Male,58,Delhi,Delhi,2025-08-21
CUST00740,Aman Singh,Female,30,Lucknow,Uttar Pradesh,2023-05-26
CUST00741,Yash Patel,Female,44,Kolkata,West Bengal,2025-12-21
CUST00742,Aditi Mishra,Male,39,Bangalore,Karnataka,2023-10-09
CUST00743,Pooja Singh,Female,63,Ahmedabad,Gujarat,2023-10-21
CUST00744,Priya Rao,Female,58,Delhi,Delhi,2025-09-25
CUST00745,Priya Joshi,Female,35,Mumbai,Maharashtra,2023-01-10
CUST00746,Rohan Rao,Female,23,Bangalore,Karnataka,2023-11-21
CUST00747,Rahul Singh,Female,45,Kolkata,West Bengal,2025-05-29
CUST00748,Riya Desai,Other,30,Mumbai,Maharashtra,2023-03-19
CUST00749,Neha Sharma,Male,19,Chennai,Tamil Nadu,2025-12-23
CUST00750,Aarav Khan,Other,40,Hyderabad,Telangana,2024-04-08
CUST00751,Isha Mehta,Other,55,Delhi,Delhi,2025-02-24
CUST00752,Isha Mehta,Female,36,Delhi,Delhi,2023-04-04
CUST00753,Kabir Nair,Female,45,Jaipur,Rajasthan,2025-12-09
CUST00754,Rahul Joshi,Male,28,Ahmedabad,Gujarat,2025-01-05
CUST00755,Vikram Sharma,Other,26,Hyderabad,Telangana,2024-04-04
CUST00756,Rohan Nair,Male,25,Mumbai,Maharashtra,2025-10-30
CUST00757,Neha Nair,Other,34,Mumbai,Maharashtra,2025-02-07
CUST00758,Simran Singh,Other,24,Mumbai,Maharashtra,2023-04-09
CUST00759,Aarav Sharma,Female,42,Delhi,Delhi,2025-05-03
CUST00760,Ananya Kulkarni,Other,27,Pune,Maharashtra,2025-08-29
CUST00761,Rohan Nair,Female,60,Mumbai,Maharashtra,2024-09-08
CUST00762,Ananya Khan,Other,56,Jaipur,Rajasthan,2024-07-06
CUST00763,Rahul Desai,Other,57,Delhi,Delhi,2025-11-13
CUST00764,Ananya Gupta,Female,30,Delhi,Delhi,2023-08-06
CUST00765,Shreya Shah,Male,40,Pune,Maharashtra,2025-12-07
CUST00766,Pooja Gupta,Other,49,Bangalore,Karnataka,2023-03-22
CUST00767,Rohan Nair,Male,18,Ahmedabad,Gujarat,2024-11-08
CUST00768,Aarav Khan,Other,60,Delhi,Delhi,2023-08-15
CUST00769,Riya Mehta,Male,64,Delhi,Delhi,2025-11-13
CUST00770,Ananya Jain,Female,36,Pune,Maharashtra,2024-04-18
CUST00771,Karan Verma,Male,20,Mumbai,Maharashtra,2023-07-24
CUST00772,Isha Joshi,Other,25,Chennai,Tamil Nadu,2025-05-22
CUST00773,Ananya Mishra,Male,60,Mumbai,Maharashtra,2023-01-20
CUST00774,Priya Joshi,Other,35,Chennai,Tamil Nadu,2025-06-15
CUST00775,Arjun Joshi,Male,43,Chennai,Tamil Nadu,2024-01-10
CUST00776,Vikram Verma,Other,48,Pune,Maharashtra,2025-02-28
CUST00777,Pooja Khan,Male,62,Bangalore,Karnataka,2023-08-20
CUST00778,Aditi Mishra,Female,55,Bangalore,Karnataka,2023-08-01
CUST00779,Riya Rao,Male,57,Lucknow,Uttar Pradesh,2025-06-16
CUST00780,Vikram Rao,Other,64,Chennai,Tamil Nadu,2023-03-01
CUST00781,Rahul Verma,Female,46,Ahmedabad,Gujarat,2023-08-20
CUST00782,Aditi Patel,Male,63,Pune,Maharashtra,2024-10-05
CUST00783,Yash Rao,Other,39,Lucknow,Uttar Pradesh,2024-04-03
CUST00784,Yash Kulkarni,Female,60,Lucknow,Uttar Pradesh,2023-07-15
CUST00785,Sneha Verma,Male,53,Chennai,Tamil Nadu,2025-02-27
CUST00786,Shreya Sharma,Other,48,Mumbai,Maharashtra,2023-11-18
CUST00787,Riya Mishra,Female,38,Bangalore,Karnataka,2023-06-03
CUST00788,Sneha Joshi,Other,32,Pune,Maharashtra,2023-04-14
CUST00789,Simran Khan,Male,23,Kolkata,West Bengal,2025-04-05
CUST00790,Kabir Verma,Male,49,Lucknow,Uttar Pradesh,2025-07-06
CUST00791,Kabir Joshi,Other,59,Delhi,Delhi,2025-10-15
CUST00792,Aarav Patel,Male,53,Kolkata,West Bengal,2025-04-24
CUST00793,Simran Sharma,Other,53,Delhi,Delhi,2024-09-15
CUST00794,Rohan Khan,Female,21,Ahmedabad,Gujarat,2024-11-29
CUST00795,Sneha Mishra,Other,57,Ahmedabad,Gujarat,2024-11-10
CUST00796,Shreya Verma,Male,24,Chennai,Tamil Nadu,2025-07-15
CUST00797,Sneha Sharma,Other,36,Chennai,Tamil Nadu,2024-12-28
CUST00798,Simran Kulkarni,Male,28,Chennai,Tamil Nadu,2023-08-06
CUST00799,Riya Mehta,Female,57,Kolkata,West Bengal,2023-08-08
CUST00800,Rohan Shah,Male,47,Delhi,Delhi,2025-03-15
CUST00801,Rohan Nair,Female,20,Chennai,Tamil Nadu,2023-08-09
CUST00802,Aman Patel,Other,55,Ahmedabad,Gujarat,2025-07-25
CUST00803,Yash Mehta,Other,65,Ahmedabad,Gujarat,2023-01-09
CUST00804,Aditi Kulkarni,Other,29,Kolkata,West Bengal,2025-09-16
CUST00805,Aman Mehta,Female,60,Bangalore,Karnataka,2023-08-01
CUST00806,Shreya Singh,Female,44,Chennai,Tamil Nadu,2025-10-29
CUST00807,Shreya Jain,Female,39,Hyderabad,Telangana,2024-07-14
CUST00808,Isha Verma,Female,56,Bangalore,Karnataka,2023-10-10
CUST00809,Yash Gupta,Other,65,Jaipur,Rajasthan,2024-10-04
CUST00810,Simran Khan,Male,57,Hyderabad,Telangana,2024-02-16
CUST00811,Isha Khan,Other,59,Chennai,Tamil Nadu,2023-09-29
CUST00812,Priya Kulkarni,Other,25,Jaipur,Rajasthan,2024-10-22
CUST00813,Neha Kulkarni,Other,65,Ahmedabad,Gujarat,2025-05-04
CUST00814,Simran Gupta,Other,24,Kolkata,West Bengal,2023-01-27
CUST00815,Aarav Desai,Other,21,Bangalore,Karnataka,2023-04-19
CUST00816,Rohan Gupta,Other,34,Bangalore,Karnataka,2024-08-09
CUST00817,Rahul Mishra,Male,52,Mumbai,Maharashtra,2024-08-27
CUST00818,Aditi Joshi,Other,61,Ahmedabad,Gujarat,2023-07-29
CUST00819,Simran Mishra,Male,50,Hyderabad,Telangana,2025-03-07
CUST00820,Isha Nair,Female,44,Mumbai,Maharashtra,2025-02-20
CUST00821,Aditya Kulkarni,Other,34,Mumbai,Maharashtra,2023-01-27
CUST00822,Rohan Singh,Other,63,Ahmedabad,Gujarat,2024-04-06
CUST00823,Neha Rao,Other,30,Lucknow,Uttar Pradesh,2024-02-07
CUST00824,Isha Verma,Male,29,Bangalore,Karnataka,2023-06-02
CUST00825,Yash Patel,Female,35,Kolkata,West Bengal,2023-03-25
CUST00826,Simran Gupta,Other,34,Bangalore,Karnataka,2023-11-26
CUST00827,Aarav Joshi,Male,27,Ahmedabad,Gujarat,2023-11-14
CUST00828,Aditya Singh,Female,54,Mumbai,Maharashtra,2024-09-08
CUST00829,Simran Joshi,Other,32,Delhi,Delhi,2024-10-12
CUST00830,Priya Kulkarni,Male,44,Delhi,Delhi,2025-10-31
CUST00831,Simran Kulkarni,Female,32,Kolkata,West Bengal,2023-07-08
CUST00832,Rohan Khan,Female,36,Chennai,Tamil Nadu,2024-11-09
CUST00833,Rohan Rao,Female,53,Lucknow,Uttar Pradesh,2025-12-22
CUST00834,Aarav Patel,Male,59,Chennai,Tamil Nadu,2025-07-01
CUST00835,Shreya Jain,Male,61,Lucknow,Uttar Pradesh,2024-05-14
CUST00836,Aditya Desai,Female,52,Delhi,Delhi,2025-03-01
CUST00837,Isha Sharma,Other,50,Jaipur,Rajasthan,2025-02-06
CUST00838,Kabir Verma,Other,30,Mumbai,Maharashtra,2024-08-30
CUST00839,Aditya Kulkarni,Male,52,Delhi,Delhi,2023-07-16
CUST00840,Simran Sharma,Other,58,Delhi,Delhi,2024-03-07
CUST00841,Rohan Mishra,Male,52,Kolkata,West Bengal,2023-08-01
CUST00842,Pooja Khan,Male,47,Delhi,Delhi,2023-11-11
CUST00843,Aditya Sharma,Male,29,Delhi,Delhi,2023-05-31
CUST00844,Karan Kulkarni,Female,44,Delhi,Delhi,2024-04-11
CUST00845,Vikram Verma,Female,19,Kolkata,West Bengal,2025-06-05
CUST00846,Vikram Khan,Male,59,Delhi,Delhi,2025-12-31
CUST00847,Shreya Patel,Other,22,Lucknow,Uttar Pradesh,2023-04-04
CUST00848,Neha Jain,Female,61,Jaipur,Rajasthan,2023-08-06
CUST00849,Isha Singh,Female,42,Delhi,Delhi,2024-07-30
CUST00850,Vikram Mishra,Male,52,Mumbai,Maharashtra,2025-08-28
CUST00851,Sneha Mehta,Other,27,Kolkata,West Bengal,2024-08-27
CUST00852,Isha Khan,Other,53,Chennai,Tamil Nadu,2023-01-23
CUST00853,Rahul Patel,Other,56,Mumbai,Maharashtra,2023-01-11
CUST00854,Vikram Kulkarni,Female,31,Jaipur,Rajasthan,2023-06-24
CUST00855,Neha Shah,Male,28,Kolkata,West Bengal,2025-11-15
CUST00856,Priya Shah,Male,25,Lucknow,Uttar Pradesh,2024-06-01
CUST00857,Priya Khan,Other,47,Lucknow,Uttar Pradesh,2023-04-22
CUST00858,Simran Patel,Female,24,Pune,Maharashtra,2023-05-18
CUST00859,Rohan Nair,Female,40,Lucknow,Uttar Pradesh,2025-09-24
CUST00860,Rahul Khan,Female,57,Hyderabad,Telangana,2023-07-24
CUST00861,Arjun Jain,Female,46,Hyderabad,Telangana,2024-10-12
CUST00862,Aditya Singh,Other,54,Pune,Maharashtra,2023-11-09
CUST00863,Neha Rao,Male,18,Chennai,Tamil Nadu,2025-05-27
CUST00864,Aditya Shah,Female,41,Hyderabad,Telangana,2025-06-12
CUST00865,Rahul Khan,Female,46,Chennai,Tamil Nadu,2025-09-09
CUST00866,Neha Rao,Other,24,Pune,Maharashtra,2025-09-24
CUST00867,Priya Khan,Female,26,Lucknow,Uttar Pradesh,2023-06-17
CUST00868,Simran Shah,Other,22,Pune,Maharashtra,2023-06-06
CUST00869,Aarav Mishra,Other,55,Jaipur,Rajasthan,2023-03-05
CUST00870,Vikram Rao,Male,53,Lucknow,Uttar Pradesh,2024-03-11
CUST00871,Karan Kulkarni,Other,27,Jaipur,Rajasthan,2025-08-24
CUST00872,Neha Desai,Male,47,Hyderabad,Telangana,2024-08-18
CUST00873,Yash Kulkarni,Female,50,Delhi,Delhi,2025-03-23
CUST00874,Aarav Khan,Other,26,Hyderabad,Telangana,2023-12-06
CUST00875,Kabir Mehta,Other,64,Bangalore,Karnataka,2023-10-27
CUST00876,Riya Joshi,Female,32,Mumbai,Maharashtra,2024-03-24
CUST00877,Arjun Gupta,Male,60,Chennai,Tamil Nadu,2024-04-24
CUST00878,Rohan Kulkarni,Female,47,Chennai,Tamil Nadu,2025-03-05
CUST00879,Aditi Sharma,Other,51,Chennai,Tamil Nadu,2023-07-31
CUST00880,Karan Mishra,Female,59,Pune,Maharashtra,2023-12-23
CUST00881,Vikram Joshi,Other,34,Lucknow,Uttar Pradesh,2023-06-09
CUST00882,Vikram Jain,Female,40,Hyderabad,Telangana,2025-11-23
CUST00883,Neha Verma,Other,26,Ahmedabad,Gujarat,2023-01-14
CUST00884,Kabir Mehta,Other,59,Hyderabad,Telangana,2023-06-07
CUST00885,Karan Shah,Male,41,Bangalore,Karnataka,2024-01-18
CUST00886,Shreya Nair,Female,39,Delhi,Delhi,2024-04-16
CUST00887,Ananya Verma,Male,55,Ahmedabad,Gujarat,2025-09-08
CUST00888,Priya Khan,Male,20,Kolkata,West Bengal,2023-02-15
CUST00889,Rahul Singh,Male,58,Lucknow,Uttar Pradesh,2023-11-26
CUST00890,Yash Sharma,Male,28,Lucknow,Uttar Pradesh,2023-10-28
CUST00891,Karan Jain,Female,56,Bangalore,Karnataka,2025-11-24
CUST00892,Aman Khan,Male,31,Mumbai,Maharashtra,2024-08-03
CUST00893,Kabir Singh,Male,32,Ahmedabad,Gujarat,2025-09-13
CUST00894,Pooja Singh,Other,60,Bangalore,Karnataka,2024-01-08
CUST00895,Yash Gupta,Female,56,Bangalore,Karnataka,2024-12-02
CUST00896,Aman Patel,Female,26,Hyderabad,Telangana,2025-02-13
CUST00897,Ananya Sharma,Other,61,Hyderabad,Telangana,2025-12-06
CUST00898,Pooja Mishra,Male,48,Bangalore,Karnataka,2023-07-17
CUST00899,Shreya Singh,Other,25,Mumbai,Maharashtra,2025-12-24
CUST00900,Arjun Verma,Other,59,Bangalore,Karnataka,2023-01-03
CUST00901,Pooja Kulkarni,Male,62,Kolkata,West Bengal,2025-01-28
CUST00902,Yash Desai,Female,40,Hyderabad,Telangana,2025-09-14
CUST00903,Aman Rao,Female,26,Lucknow,Uttar Pradesh,2023-07-20
CUST00904,Karan Verma,Female,56,Hyderabad,Telangana,2023-06-21
CUST00905,Simran Desai,Male,63,Pune,Maharashtra,2024-01-23
CUST00906,Aarav Singh,Other,18,Jaipur,Rajasthan,2023-08-30
CUST00907,Vikram Khan,Female,41,Hyderabad,Telangana,2024-10-08
CUST00908,Ananya Mehta,Female,52,Kolkata,West Bengal,2024-06-03
CUST00909,Pooja Singh,Other,43,Chennai,Tamil Nadu,2024-07-18
CUST00910,Rohan Desai,Male,41,Jaipur,Rajasthan,2025-09-15
CUST00911,Simran Kulkarni,Female,54,Ahmedabad,Gujarat,2024-06-03
CUST00912,Neha Rao,Other,25,Kolkata,West Bengal,2023-10-10
CUST00913,Sneha Verma,Male,50,Bangalore,Karnataka,2023-07-25
CUST00914,Vikram Rao,Male,42,Chennai,Tamil Nadu,2023-04-17
CUST00915,Aarav Rao,Female,56,Delhi,Delhi,2023-10-25
CUST00916,Pooja Patel,Male,41,Delhi,Delhi,2024-06-22
CUST00917,Arjun Singh,Female,57,Mumbai,Maharashtra,2025-02-26
CUST00918,Yash Gupta,Male,58,Lucknow,Uttar Pradesh,2023-04-28
CUST00919,Riya Verma,Other,51,Mumbai,Maharashtra,2024-02-18
CUST00920,Isha Shah,Other,62,Mumbai,Maharashtra,2025-11-11
CUST00921,Sneha Singh,Female,33,Bangalore,Karnataka,2023-03-15
CUST00922,Aarav Mehta,Female,40,Delhi,Delhi,2024-07-19
CUST00923,Vikram Desai,Other,18,Lucknow,Uttar Pradesh,2024-02-15
CUST00924,Arjun Jain,Other,53,Delhi,Delhi,2024-08-05
CUST00925,Aman Joshi,Male,56,Chennai,Tamil Nadu,2024-07-20
CUST00926,Rohan Verma,Female,29,Kolkata,West Bengal,2023-01-10
CUST00927,Pooja Kulkarni,Other,36,Delhi,Delhi,2023-05-29
CUST00928,Aditya Patel,Other,54,Jaipur,Rajasthan,2024-06-11
CUST00929,Karan Nair,Other,48,Ahmedabad,Gujarat,2025-02-11
CUST00930,Sneha Rao,Other,47,Chennai,Tamil Nadu,2025-07-28
CUST00931,Aman Mishra,Male,34,Mumbai,Maharashtra,2025-09-14
CUST00932,Arjun Desai,Female,44,Hyderabad,Telangana,2024-04-15
CUST00933,Neha Kulkarni,Other,34,Jaipur,Rajasthan,2023-01-20
CUST00934,Sneha Gupta,Other,65,Delhi,Delhi,2025-03-28
CUST00935,Aditya Patel,Female,38,Jaipur,Rajasthan,2024-01-01
CUST00936,Neha Shah,Male,65,Lucknow,Uttar Pradesh,2024-07-05
CUST00937,Rohan Verma,Other,33,Hyderabad,Telangana,2024-04-25
CUST00938,Karan Shah,Male,57,Hyderabad,Telangana,2024-02-20
CUST00939,Neha Mehta,Male,61,Delhi,Delhi,2023-09-03
CUST00940,Riya Singh,Female,41,Mumbai,Maharashtra,2023-03-28
CUST00941,Shreya Joshi,Female,29,Ahmedabad,Gujarat,2024-07-16
CUST00942,Yash Gupta,Other,26,Kolkata,West Bengal,2024-03-30
CUST00943,Aditi Kulkarni,Other,20,Kolkata,West Bengal,2025-09-06
CUST00944,Yash Joshi,Female,25,Kolkata,West Bengal,2023-12-24
CUST00945,Yash Verma,Male,61,Chennai,Tamil Nadu,2023-01-18
CUST00946,Rohan Desai,Female,41,Lucknow,Uttar Pradesh,2023-07-26
CUST00947,Shreya Mishra,Other,34,Pune,Maharashtra,2024-01-19
CUST00948,Sneha Gupta,Female,29,Ahmedabad,Gujarat,2024-12-03
CUST00949,Riya Desai,Other,41,Hyderabad,Telangana,2025-05-08
CUST00950,Neha Mishra,Female,29,Kolkata,West Bengal,2024-07-26
CUST00951,Aman Mehta,Male,64,Lucknow,Uttar Pradesh,2024-04-13
CUST00952,Karan Rao,Female,30,Hyderabad,Telangana,2025-06-04
CUST00953,Rahul Rao,Male,29,Bangalore,Karnataka,2025-08-26
CUST00954,Pooja Verma,Other,64,Bangalore,Karnataka,2025-11-24
CUST00955,Aditya Rao,Female,53,Ahmedabad,Gujarat,2024-09-06
CUST00956,Aman Sharma,Other,28,Kolkata,West Bengal,2023-07-22
CUST00957,Aditi Shah,Other,24,Pune,Maharashtra,2025-09-02
CUST00958,Kabir Nair,Female,41,Chennai,Tamil Nadu,2024-06-16
CUST00959,Simran Kulkarni,Male,44,Pune,Maharashtra,2024-12-05
CUST00960,Ananya Joshi,Other,54,Lucknow,Uttar Pradesh,2024-02-12
CUST00961,Simran Mehta,Female,61,Pune,Maharashtra,2024-12-28
CUST00962,Yash Verma,Female,57,Ahmedabad,Gujarat,2023-06-10
CUST00963,Isha Verma,Other,39,Bangalore,Karnataka,2023-12-10
CUST00964,Pooja Khan,Male,23,Lucknow,Uttar Pradesh,2025-04-08
CUST00965,Priya Joshi,Female,59,Hyderabad,Telangana,2024-10-04
CUST00966,Isha Nair,Female,46,Pune,Maharashtra,2025-03-20
CUST00967,Neha Nair,Female,44,Lucknow,Uttar Pradesh,2025-12-02
CUST00968,Priya Mehta,Other,33,Mumbai,Maharashtra,2023-09-14
CUST00969,Karan Nair,Male,43,Delhi,Delhi,2024-03-07
CUST00970,Ananya Patel,Other,21,Delhi,Delhi,2025-08-27
CUST00971,Aarav Rao,Male,24,Kolkata,West Bengal,2025-12-09
CUST00972,Karan Singh,Other,42,Bangalore,Karnataka,2023-06-22
CUST00973,Isha Shah,Female,58,Hyderabad,Telangana,2024-08-04
CUST00974,Rahul Mehta,Male,20,Jaipur,Rajasthan,2023-12-16
CUST00975,Neha Mishra,Female,52,Chennai,Tamil Nadu,2025-09-02
CUST00976,Karan Kulkarni,Other,52,Ahmedabad,Gujarat,2023-10-04
CUST00977,Priya Singh,Other,65,Lucknow,Uttar Pradesh,2025-07-24
CUST00978,Aman Desai,Female,40,Jaipur,Rajasthan,2025-12-29
CUST00979,Riya Kulkarni,Female,37,Hyderabad,Telangana,2023-07-03
CUST00980,Neha Desai,Female,18,Pune,Maharashtra,2023-11-15
CUST00981,Aarav Kulkarni,Female,48,Bangalore,Karnataka,2024-12-05
CUST00982,Simran Sharma,Female,18,Ahmedabad,Gujarat,2025-09-04
CUST00983,Pooja Rao,Male,53,Pune,Maharashtra,2024-04-18
CUST00984,Neha Shah,Female,33,Kolkata,West Bengal,2025-06-14
CUST00985,Priya Nair,Male,34,Kolkata,West Bengal,2025-02-13
CUST00986,Arjun Desai,Other,62,Hyderabad,Telangana,2025-11-24
CUST00987,Karan Gupta,Female,30,Jaipur,Rajasthan,2024-07-04
CUST00988,Arjun Mehta,Male,58,Bangalore,Karnataka,2024-08-16
CUST00989,Kabir Singh,Other,57,Ahmedabad,Gujarat,2024-07-11
CUST00990,Riya Shah,Male,21,Chennai,Tamil Nadu,2023-02-09
CUST00991,Simran Sharma,Female,35,Bangalore,Karnataka,2023-07-29
CUST00992,Rahul Nair,Male,23,Ahmedabad,Gujarat,2023-01-17
CUST00993,Rahul Sharma,Female,44,Ahmedabad,Gujarat,2024-03-20
CUST00994,Isha Rao,Female,62,Ahmedabad,Gujarat,2025-01-30
CUST00995,Aditi Joshi,Male,35,Delhi,Delhi,2023-10-27
CUST00996,Vikram Patel,Male,30,Jaipur,Rajasthan,2025-08-20
CUST00997,Karan Mishra,Male,63,Kolkata,West Bengal,2023-01-26
CUST00998,Sneha Desai,Other,20,Ahmedabad,Gujarat,2024-05-21
CUST00999,Rohan Verma,Other,31,Delhi,Delhi,2025-12-03
CUST01000,Riya Desai,Male,58,Pune,Maharashtra,2024-10-23
CUST01001,Aditi Nair,Male,34,Jaipur,Rajasthan,2025-12-02
CUST01002,Riya Khan,Female,21,Pune,Maharashtra,2024-02-11
CUST01003,Rohan Patel,Female,18,Hyderabad,Telangana,2025-06-08
CUST01004,Priya Rao,Female,33,Pune,Maharashtra,2023-09-03
CUST01005,Aarav Sharma,Other,56,Lucknow,Uttar Pradesh,2025-08-31
CUST01006,Rahul Joshi,Male,49,Delhi,Delhi,2024-05-24
CUST01007,Arjun Khan,Other,21,Lucknow,Uttar Pradesh,2024-11-24
CUST01008,Aditi Joshi,Male,49,Bangalore,Karnataka,2023-08-08
CUST01009,Sneha Joshi,Female,64,Jaipur,Rajasthan,2024-12-12
CUST01010,Rohan Sharma,Other,26,Kolkata,West Bengal,2025-01-03
CUST01011,Karan Jain,Other,46,Mumbai,Maharashtra,2025-09-20
CUST01012,Simran Gupta,Male,54,Jaipur,Rajasthan,2025-09-30
CUST01013,Priya Kulkarni,Other,47,Chennai,Tamil Nadu,2024-10-24
CUST01014,Karan Mishra,Male,51,Lucknow,Uttar Pradesh,2023-11-25
CUST01015,Rahul Verma,Other,41,Pune,Maharashtra,2024-06-23
CUST01016,Kabir Sharma,Other,29,Jaipur,Rajasthan,2025-02-15
CUST01017,Aarav Singh,Female,64,Chennai,Tamil Nadu,2024-05-04
CUST01018,Arjun Khan,Male,51,Jaipur,Rajasthan,2025-03-04
CUST01019,Riya Rao,Other,36,Jaipur,Rajasthan,2023-11-12
CUST01020,Aditya Desai,Male,51,Chennai,Tamil Nadu,2023-08-15
CUST01021,Arjun Sharma,Male,30,Bangalore,Karnataka,2024-01-01
CUST01022,Ananya Verma,Male,54,Hyderabad,Telangana,2023-07-22
CUST01023,Vikram Khan,Other,62,Ahmedabad,Gujarat,2025-12-12
CUST01024,Aman Gupta,Male,56,Mumbai,Maharashtra,2025-01-20
CUST01025,Arjun Sharma,Male,47,Hyderabad,Telangana,2025-10-03
CUST01026,Aditi Joshi,Female,63,Jaipur,Rajasthan,2025-05-01
CUST01027,Aditi Mishra,Other,20,Lucknow,Uttar Pradesh,2024-06-28
CUST01028,Arjun Mishra,Male,51,Pune,Maharashtra,2023-06-09
CUST01029,Ananya Patel,Female,30,Hyderabad,Telangana,2025-12-24
CUST01030,Rohan Kulkarni,Other,65,Hyderabad,Telangana,2024-01-02
CUST01031,Simran Desai,Other,47,Delhi,Delhi,2025-01-03
CUST01032,Pooja Jain,Male,53,Delhi,Delhi,2023-12-08
CUST01033,Vikram Kulkarni,Other,56,Chennai,Tamil Nadu,2023-11-20
CUST01034,Kabir Jain,Other,38,Chennai,Tamil Nadu,2024-10-07
CUST01035,Neha Desai,Other,33,Kolkata,West Bengal,2024-10-24
CUST01036,Aman Kulkarni,Other,65,Hyderabad,Telangana,2025-02-07
CUST01037,Karan Joshi,Female,18,Ahmedabad,Gujarat,2025-07-05
CUST01038,Aditi Gupta,Other,26,Lucknow,Uttar Pradesh,2023-02-03
CUST01039,Isha Sharma,Male,38,Pune,Maharashtra,2024-03-30
CUST01040,Aarav Rao,Other,54,Pune,Maharashtra,2025-11-13
CUST01041,Aman Mehta,Female,40,Delhi,Delhi,2023-03-19
CUST01042,Rahul Mehta,Other,33,Pune,Maharashtra,2025-01-21
CUST01043,Sneha Gupta,Other,43,Pune,Maharashtra,2023-07-08
CUST01044,Aman Jain,Other,38,Hyderabad,Telangana,2023-06-08
CUST01045,Riya Mehta,Other,59,Ahmedabad,Gujarat,2023-07-15
CUST01046,Isha Sharma,Male,21,Lucknow,Uttar Pradesh,2025-02-20
CUST01047,Aditya Joshi,Male,32,Kolkata,West Bengal,2025-05-03
CUST01048,Shreya Jain,Male,37,Mumbai,Maharashtra,2025-02-22
CUST01049,Yash Sharma,Female,50,Chennai,Tamil Nadu,2023-11-03
CUST01050,Sneha Mehta,Female,56,Mumbai,Maharashtra,2025-03-15
CUST01051,Aman Kulkarni,Female,36,Delhi,Delhi,2024-03-30
CUST01052,Vikram Mehta,Male,48,Bangalore,Karnataka,2024-11-19
CUST01053,Aman Nair,Female,23,Mumbai,Maharashtra,2025-03-28
CUST01054,Vikram Kulkarni,Male,48,Kolkata,West Bengal,2023-09-25
CUST01055,Simran Shah,Other,54,Ahmedabad,Gujarat,2025-03-20
CUST01056,Rohan Kulkarni,Male,33,Lucknow,Uttar Pradesh,2025-12-09
CUST01057,Arjun Gupta,Other,54,Kolkata,West Bengal,2024-10-24
CUST01058,Arjun Patel,Female,40,Kolkata,West Bengal,2025-05-17
CUST01059,Rohan Joshi,Female,28,Chennai,Tamil Nadu,2023-02-19
CUST01060,Neha Singh,Female,20,Ahmedabad,Gujarat,2023-10-26
CUST01061,Sneha Shah,Other,23,Chennai,Tamil Nadu,2023-11-16
CUST01062,Ananya Nair,Other,27,Mumbai,Maharashtra,2024-05-12
CUST01063,Isha Sharma,Female,46,Chennai,Tamil Nadu,2023-08-16
CUST01064,Riya Sharma,Other,52,Chennai,Tamil Nadu,2024-03-04
CUST01065,Rohan Shah,Female,53,Jaipur,Rajasthan,2025-12-07
CUST01066,Riya Singh,Female,55,Bangalore,Karnataka,2023-02-07
CUST01067,Yash Sharma,Male,36,Pune,Maharashtra,2023-12-15
CUST01068,Rohan Rao,Male,47,Lucknow,Uttar Pradesh,2024-07-09
CUST01069,Aarav Patel,Other,60,Kolkata,West Bengal,2024-07-09
CUST01070,Neha Mishra,Female,59,Delhi,Delhi,2023-02-09
CUST01071,Vikram Shah,Other,24,Kolkata,West Bengal,2025-11-07
CUST01072,Aditya Verma,Male,29,Lucknow,Uttar Pradesh,2025-12-24
CUST01073,Rohan Kulkarni,Male,33,Ahmedabad,Gujarat,2023-02-14
CUST01074,Yash Gupta,Female,65,Chennai,Tamil Nadu,2025-09-30
CUST01075,Priya Sharma,Female,58,Chennai,Tamil Nadu,2024-12-21
CUST01076,Isha Shah,Male,58,Jaipur,Rajasthan,2024-07-18
CUST01077,Karan Jain,Other,35,Kolkata,West Bengal,2023-03-02
CUST01078,Sneha Mehta,Other,26,Chennai,Tamil Nadu,2025-03-15
CUST01079,Arjun Nair,Other,57,Kolkata,West Bengal,2025-12-02
CUST01080,Sneha Desai,Female,37,Hyderabad,Telangana,2023-11-09
CUST01081,Shreya Joshi,Male,59,Ahmedabad,Gujarat,2023-09-27
CUST01082,Rahul Singh,Male,37,Jaipur,Rajasthan,2024-02-19
CUST01083,Yash Jain,Male,59,Bangalore,Karnataka,2025-05-30
CUST01084,Aman Jain,Male,53,Bangalore,Karnataka,2024-10-12
CUST01085,Simran Nair,Female,27,Delhi,Delhi,2024-01-13
CUST01086,Aarav Rao,Female,37,Chennai,Tamil Nadu,2025-04-27
CUST01087,Kabir Nair,Male,24,Pune,Maharashtra,2023-11-08
CUST01088,Rahul Mehta,Other,54,Mumbai,Maharashtra,2024-06-30
CUST01089,Shreya Shah,Male,61,Lucknow,Uttar Pradesh,2024-04-20
CUST01090,Aarav Joshi,Male,50,Delhi,Delhi,2025-09-03
CUST01091,Shreya Verma,Female,49,Chennai,Tamil Nadu,2024-01-12
CUST01092,Riya Mehta,Male,20,Bangalore,Karnataka,2024-01-31
CUST01093,Pooja Rao,Female,32,Mumbai,Maharashtra,2024-07-06
CUST01094,Rohan Rao,Male,46,Hyderabad,Telangana,2023-05-16
CUST01095,Shreya Verma,Male,45,Chennai,Tamil Nadu,2025-07-26
CUST01096,Vikram Rao,Other,38,Mumbai,Maharashtra,2025-02-18
CUST01097,Vikram Singh,Other,63,Lucknow,Uttar Pradesh,2025-12-11
CUST01098,Aditi Kulkarni,Female,20,Delhi,Delhi,2025-07-13
CUST01099,Sneha Kulkarni,Other,20,Jaipur,Rajasthan,2025-03-21
CUST01100,Simran Desai,Male,36,Jaipur,Rajasthan,2023-04-11
CUST01101,Kabir Desai,Female,28,Pune,Maharashtra,2024-08-08
CUST01102,Pooja Gupta,Other,51,Lucknow,Uttar Pradesh,2023-04-22
CUST01103,Rahul Verma,Other,50,Ahmedabad,Gujarat,2023-07-05
CUST01104,Ananya Mehta,Female,44,Lucknow,Uttar Pradesh,2023-10-05
CUST01105,Aditya Verma,Female,55,Mumbai,Maharashtra,2024-01-02
CUST01106,Rohan Jain,Female,38,Ahmedabad,Gujarat,2023-07-04
CUST01107,Priya Nair,Male,63,Delhi,Delhi,2023-07-06
CUST01108,Kabir Khan,Other,63,Chennai,Tamil Nadu,2023-06-24
CUST01109,Vikram Nair,Female,53,Jaipur,Rajasthan,2023-11-24
CUST01110,Vikram Sharma,Other,60,Bangalore,Karnataka,2024-11-17
CUST01111,Rahul Mehta,Other,21,Bangalore,Karnataka,2024-01-02
CUST01112,Pooja Gupta,Female,58,Pune,Maharashtra,2025-07-02
CUST01113,Priya Patel,Male,57,Bangalore,Karnataka,2024-02-20
CUST01114,Karan Sharma,Female,52,Ahmedabad,Gujarat,2025-10-16
CUST01115,Aarav Singh,Male,55,Ahmedabad,Gujarat,2024-05-02
CUST01116,Riya Verma,Male,56,Kolkata,West Bengal,2025-06-23
CUST01117,Shreya Sharma,Other,58,Hyderabad,Telangana,2024-07-23
CUST01118,Simran Mishra,Male,27,Hyderabad,Telangana,2023-04-11
CUST01119,Aditi Khan,Male,20,Chennai,Tamil Nadu,2023-03-17
CUST01120,Aman Mishra,Female,23,Lucknow,Uttar Pradesh,2024-09-03
CUST01121,Aditi Patel,Male,61,Kolkata,West Bengal,2024-01-01
CUST01122,Isha Singh,Female,65,Lucknow,Uttar Pradesh,2023-12-30
CUST01123,Aman Joshi,Female,38,Mumbai,Maharashtra,2023-07-10
CUST01124,Neha Jain,Female,53,Kolkata,West Bengal,2023-05-19
CUST01125,Arjun Gupta,Male,62,Ahmedabad,Gujarat,2023-10-03
CUST01126,Karan Joshi,Other,31,Jaipur,Rajasthan,2025-04-27
CUST01127,Rohan Singh,Other,64,Mumbai,Maharashtra,2023-08-12
CUST01128,Yash Patel,Female,56,Ahmedabad,Gujarat,2024-08-11
CUST01129,Aditya Gupta,Male,57,Jaipur,Rajasthan,2024-12-25
CUST01130,Aman Verma,Female,29,Jaipur,Rajasthan,2025-10-16
CUST01131,Shreya Shah,Male,25,Pune,Maharashtra,2024-02-01
CUST01132,Aarav Verma,Other,44,Delhi,Delhi,2024-02-29
CUST01133,Pooja Sharma,Other,58,Chennai,Tamil Nadu,2024-12-17
CUST01134,Rohan Sharma,Female,22,Hyderabad,Telangana,2024-07-30
CUST01135,Isha Gupta,Male,25,Jaipur,Rajasthan,2024-10-25
CUST01136,Aditya Joshi,Male,30,Kolkata,West Bengal,2023-03-01
CUST01137,Aditya Mishra,Female,20,Chennai,Tamil Nadu,2025-09-08
CUST01138,Rahul Verma,Other,39,Bangalore,Karnataka,2025-08-01
CUST01139,Kabir Rao,Other,37,Kolkata,West Bengal,2023-04-25
CUST01140,Aman Nair,Male,54,Chennai,Tamil Nadu,2023-02-08
CUST01141,Aditya Rao,Male,35,Chennai,Tamil Nadu,2023-05-16
CUST01142,Aarav Joshi,Male,54,Kolkata,West Bengal,2025-12-30
CUST01143,Shreya Desai,Female,63,Bangalore,Karnataka,2023-08-28
CUST01144,Aditya Nair,Female,23,Mumbai,Maharashtra,2024-07-10
CUST01145,Riya Jain,Female,37,Hyderabad,Telangana,2025-01-31
CUST01146,Rohan Kulkarni,Male,41,Pune,Maharashtra,2023-12-25
CUST01147,Aditi Rao,Female,50,Hyderabad,Telangana,2023-07-09
CUST01148,Aarav Rao,Male,30,Ahmedabad,Gujarat,2025-10-21
CUST01149,Aditya Jain,Female,38,Ahmedabad,Gujarat,2025-12-08
CUST01150,Rahul Rao,Other,26,Delhi,Delhi,2025-11-23
CUST01151,Rohan Nair,Female,63,Mumbai,Maharashtra,2025-07-29
CUST01152,Yash Patel,Male,61,Mumbai,Maharashtra,2024-09-28
CUST01153,Shreya Mishra,Female,20,Delhi,Delhi,2024-11-13
CUST01154,Ananya Kulkarni,Other,37,Pune,Maharashtra,2023-02-16
CUST01155,Rohan Joshi,Female,35,Hyderabad,Telangana,2024-01-30
CUST01156,Simran Joshi,Female,27,Ahmedabad,Gujarat,2023-08-29
CUST01157,Priya Gupta,Other,53,Delhi,Delhi,2023-02-01
CUST01158,Yash Patel,Other,38,Hyderabad,Telangana,2024-12-18
CUST01159,Karan Mehta,Male,22,Pune,Maharashtra,2024-05-16
CUST01160,Isha Singh,Male,26,Chennai,Tamil Nadu,2025-06-27
CUST01161,Aarav Verma,Female,21,Mumbai,Maharashtra,2023-08-05
CUST01162,Arjun Desai,Other,56,Kolkata,West Bengal,2024-01-02
CUST01163,Aman Khan,Female,39,Ahmedabad,Gujarat,2024-12-29
CUST01164,Rohan Nair,Female,54,Jaipur,Rajasthan,2023-06-10
CUST01165,Rahul Patel,Female,37,Ahmedabad,Gujarat,2023-07-19
CUST01166,Kabir Verma,Male,57,Hyderabad,Telangana,2024-04-03
CUST01167,Karan Jain,Male,62,Chennai,Tamil Nadu,2025-03-13
CUST01168,Aditya Rao,Female,19,Chennai,Tamil Nadu,2025-07-17
CUST01169,Arjun Verma,Female,47,Delhi,Delhi,2024-12-20
CUST01170,Priya Gupta,Other,24,Chennai,Tamil Nadu,2023-09-18
CUST01171,Vikram Mishra,Other,59,Delhi,Delhi,2024-10-29
CUST01172,Arjun Rao,Female,43,Pune,Maharashtra,2025-12-27
CUST01173,Aman Desai,Other,28,Hyderabad,Telangana,2024-05-14
CUST01174,Riya Desai,Male,62,Delhi,Delhi,2024-11-28
CUST01175,Aman Desai,Other,62,Kolkata,West Bengal,2024-12-01
CUST01176,Sneha Mehta,Male,55,Delhi,Delhi,2025-09-23
CUST01177,Shreya Verma,Female,29,Chennai,Tamil Nadu,2023-07-19
CUST01178,Isha Desai,Other,56,Delhi,Delhi,2023-08-11
CUST01179,Vikram Joshi,Male,31,Ahmedabad,Gujarat,2023-05-06
CUST01180,Rahul Jain,Male,60,Lucknow,Uttar Pradesh,2023-01-01
CUST01181,Rahul Verma,Female,57,Jaipur,Rajasthan,2024-08-19
CUST01182,Aman Verma,Other,38,Hyderabad,Telangana,2024-02-26
CUST01183,Isha Singh,Other,40,Pune,Maharashtra,2025-06-09
CUST01184,Arjun Singh,Female,26,Mumbai,Maharashtra,2025-11-11
CUST01185,Isha Sharma,Male,63,Chennai,Tamil Nadu,2023-04-19
CUST01186,Simran Mishra,Female,19,Chennai,Tamil Nadu,2023-08-13
CUST01187,Sneha Desai,Other,38,Lucknow,Uttar Pradesh,2025-03-18
CUST01188,Vikram Desai,Other,31,Kolkata,West Bengal,2025-06-10
CUST01189,Priya Verma,Other,42,Bangalore,Karnataka,2024-01-21
CUST01190,Neha Mishra,Female,60,Kolkata,West Bengal,2023-11-12
CUST01191,Rahul Mehta,Other,19,Mumbai,Maharashtra,2023-05-27
CUST01192,Rahul Nair,Male,23,Ahmedabad,Gujarat,2025-06-13
CUST01193,Rahul Khan,Other,56,Kolkata,West Bengal,2025-07-22
CUST01194,Pooja Singh,Other,45,Bangalore,Karnataka,2025-07-19
CUST01195,Simran Mishra,Female,32,Ahmedabad,Gujarat,2025-02-26
CUST01196,Priya Desai,Other,49,Lucknow,Uttar Pradesh,2023-01-16
CUST01197,Sneha Nair,Female,52,Jaipur,Rajasthan,2024-07-05
CUST01198,Aman Joshi,Other,48,Mumbai,Maharashtra,2023-03-19
CUST01199,Neha Patel,Other,23,Lucknow,Uttar Pradesh,2025-09-13
CUST01200,Rahul Nair,Female,51,Jaipur,Rajasthan,2024-07-26
CUST01201,Arjun Kulkarni,Male,48,Lucknow,Uttar Pradesh,2023-07-01
CUST01202,Arjun Khan,Other,21,Jaipur,Rajasthan,2024-10-01
CUST01203,Aditya Kulkarni,Female,50,Mumbai,Maharashtra,2025-08-18
CUST01204,Riya Singh,Female,36,Chennai,Tamil Nadu,2025-05-12
CUST01205,Isha Mehta,Other,54,Mumbai,Maharashtra,2024-09-14
CUST01206,Karan Sharma,Other,21,Ahmedabad,Gujarat,2023-12-13
CUST01207,Isha Rao,Female,49,Lucknow,Uttar Pradesh,2023-02-25
CUST01208,Arjun Mehta,Female,34,Jaipur,Rajasthan,2023-06-07
CUST01209,Rahul Singh,Female,18,Pune,Maharashtra,2024-07-17
CUST01210,Ananya Singh,Other,46,Bangalore,Karnataka,2023-11-06
CUST01211,Neha Rao,Other,33,Bangalore,Karnataka,2024-06-19
CUST01212,Riya Mehta,Female,23,Jaipur,Rajasthan,2023-03-09
CUST01213,Rahul Singh,Female,42,Bangalore,Karnataka,2025-10-12
CUST01214,Sneha Khan,Male,54,Ahmedabad,Gujarat,2023-12-09
CUST01215,Neha Sharma,Male,28,Pune,Maharashtra,2023-08-26
CUST01216,Kabir Desai,Female,65,Ahmedabad,Gujarat,2024-09-09
CUST01217,Simran Shah,Female,34,Kolkata,West Bengal,2025-03-09
CUST01218,Rahul Kulkarni,Female,46,Kolkata,West Bengal,2023-01-25
CUST01219,Vikram Khan,Other,20,Chennai,Tamil Nadu,2025-12-21
CUST01220,Ananya Jain,Female,57,Jaipur,Rajasthan,2024-12-25
CUST01221,Karan Joshi,Male,34,Pune,Maharashtra,2024-06-30
CUST01222,Aman Desai,Other,61,Ahmedabad,Gujarat,2024-05-10
CUST01223,Aman Rao,Female,61,Hyderabad,Telangana,2025-11-30
CUST01224,Priya Joshi,Other,18,Jaipur,Rajasthan,2023-01-22
CUST01225,Arjun Sharma,Other,24,Kolkata,West Bengal,2023-07-20
CUST01226,Kabir Joshi,Female,30,Hyderabad,Telangana,2024-08-03
CUST01227,Aditi Sharma,Male,56,Lucknow,Uttar Pradesh,2023-07-08
CUST01228,Rohan Singh,Male,56,Delhi,Delhi,2023-09-03
CUST01229,Rahul Desai,Male,62,Lucknow,Uttar Pradesh,2024-01-14
CUST01230,Priya Gupta,Other,22,Pune,Maharashtra,2025-08-14
CUST01231,Kabir Jain,Other,60,Pune,Maharashtra,2025-05-24
CUST01232,Aditya Gupta,Female,21,Bangalore,Karnataka,2023-06-01
CUST01233,Vikram Desai,Female,34,Chennai,Tamil Nadu,2023-05-04
CUST01234,Priya Verma,Male,57,Delhi,Delhi,2025-10-04
CUST01235,Vikram Mehta,Male,52,Ahmedabad,Gujarat,2023-08-11
CUST01236,Pooja Shah,Female,63,Lucknow,Uttar Pradesh,2023-08-06
CUST01237,Karan Patel,Male,54,Mumbai,Maharashtra,2023-05-30
CUST01238,Karan Rao,Female,27,Ahmedabad,Gujarat,2023-02-08
CUST01239,Aarav Jain,Female,27,Mumbai,Maharashtra,2025-03-10
CUST01240,Aditya Jain,Other,63,Kolkata,West Bengal,2023-01-08
CUST01241,Riya Verma,Other,22,Kolkata,West Bengal,2025-04-07
CUST01242,Simran Shah,Other,48,Mumbai,Maharashtra,2025-02-26
CUST01243,Ananya Singh,Female,61,Jaipur,Rajasthan,2025-01-05
CUST01244,Isha Desai,Female,52,Mumbai,Maharashtra,2023-07-05
CUST01245,Aditya Patel,Other,30,Ahmedabad,Gujarat,2024-08-16
CUST01246,Priya Kulkarni,Other,30,Mumbai,Maharashtra,2025-02-25
CUST01247,Isha Nair,Other,62,Kolkata,West Bengal,2023-08-07
CUST01248,Neha Verma,Other,30,Delhi,Delhi,2025-06-15
CUST01249,Rahul Sharma,Other,55,Hyderabad,Telangana,2023-02-21
CUST01250,Sneha Verma,Other,59,Kolkata,West Bengal,2023-05-10
CUST01251,Isha Verma,Male,20,Jaipur,Rajasthan,2025-07-09
CUST01252,Aditya Sharma,Female,25,Chennai,Tamil Nadu,2023-03-29
CUST01253,Rohan Rao,Other,52,Jaipur,Rajasthan,2025-07-27
CUST01254,Rahul Nair,Male,20,Lucknow,Uttar Pradesh,2024-04-22
CUST01255,Rahul Verma,Other,20,Mumbai,Maharashtra,2025-08-23
CUST01256,Sneha Nair,Male,58,Bangalore,Karnataka,2023-01-30
CUST01257,Aditi Jain,Female,57,Pune,Maharashtra,2023-07-19
CUST01258,Priya Mishra,Male,25,Lucknow,Uttar Pradesh,2023-05-11
CUST01259,Riya Singh,Male,30,Lucknow,Uttar Pradesh,2024-03-27
CUST01260,Pooja Joshi,Male,61,Kolkata,West Bengal,2024-10-26
CUST01261,Aman Kulkarni,Male,20,Bangalore,Karnataka,2024-10-20
CUST01262,Aman Mehta,Male,35,Chennai,Tamil Nadu,2023-05-10
CUST01263,Rahul Rao,Other,41,Kolkata,West Bengal,2023-12-11
CUST01264,Simran Mehta,Other,20,Ahmedabad,Gujarat,2024-05-13
CUST01265,Rahul Patel,Male,19,Lucknow,Uttar Pradesh,2025-02-09
CUST01266,Riya Patel,Male,23,Mumbai,Maharashtra,2023-01-15
CUST01267,Aman Jain,Other,48,Pune,Maharashtra,2025-05-02
CUST01268,Rahul Shah,Other,46,Bangalore,Karnataka,2024-07-08
CUST01269,Pooja Shah,Other,29,Bangalore,Karnataka,2023-03-19
CUST01270,Riya Singh,Female,44,Delhi,Delhi,2024-09-08
CUST01271,Aarav Kulkarni,Male,51,Hyderabad,Telangana,2024-01-29
CUST01272,Ananya Singh,Male,47,Chennai,Tamil Nadu,2025-11-05
CUST01273,Rohan Gupta,Male,27,Mumbai,Maharashtra,2024-02-01
CUST01274,Riya Verma,Other,20,Bangalore,Karnataka,2023-11-24
CUST01275,Aditi Khan,Male,45,Chennai,Tamil Nadu,2024-08-06
CUST01276,Karan Joshi,Male,24,Lucknow,Uttar Pradesh,2025-07-17
CUST01277,Aditi Jain,Male,19,Jaipur,Rajasthan,2023-12-27
CUST01278,Riya Kulkarni,Male,64,Delhi,Delhi,2023-05-26
CUST01279,Kabir Singh,Female,30,Lucknow,Uttar Pradesh,2024-10-29
CUST01280,Aditya Shah,Male,24,Delhi,Delhi,2024-10-29
CUST01281,Sneha Nair,Female,32,Kolkata,West Bengal,2024-02-14
CUST01282,Arjun Verma,Male,45,Lucknow,Uttar Pradesh,2025-09-19
CUST01283,Rahul Shah,Male,42,Lucknow,Uttar Pradesh,2025-07-20
CUST01284,Neha Mehta,Other,40,Ahmedabad,Gujarat,2024-02-02
CUST01285,Karan Shah,Male,62,Chennai,Tamil Nadu,2023-09-18
CUST01286,Aman Sharma,Male,47,Pune,Maharashtra,2023-10-07
CUST01287,Kabir Desai,Male,36,Bangalore,Karnataka,2024-12-04
CUST01288,Shreya Mehta,Other,53,Lucknow,Uttar Pradesh,2023-12-15
CUST01289,Sneha Patel,Female,31,Kolkata,West Bengal,2025-12-04
CUST01290,Aman Verma,Male,64,Ahmedabad,Gujarat,2024-07-25
CUST01291,Pooja Nair,Female,45,Hyderabad,Telangana,2024-05-22
CUST01292,Aman Shah,Other,18,Lucknow,Uttar Pradesh,2023-11-02
CUST01293,Pooja Sharma,Other,50,Mumbai,Maharashtra,2025-08-21
CUST01294,Aditi Desai,Female,62,Jaipur,Rajasthan,2025-03-18
CUST01295,Ananya Verma,Male,53,Ahmedabad,Gujarat,2024-05-07
CUST01296,Aarav Nair,Male,40,Kolkata,West Bengal,2024-03-22
CUST01297,Isha Shah,Female,60,Delhi,Delhi,2023-02-02
CUST01298,Isha Mehta,Female,47,Ahmedabad,Gujarat,2023-02-19
CUST01299,Rahul Mishra,Female,58,Kolkata,West Bengal,2024-01-14
CUST01300,Kabir Nair,Female,62,Mumbai,Maharashtra,2023-05-25
CUST01301,Aditya Kulkarni,Female,35,Mumbai,Maharashtra,2024-08-30
CUST01302,Shreya Kulkarni,Other,23,Lucknow,Uttar Pradesh,2024-02-29
CUST01303,Shreya Jain,Other,61,Chennai,Tamil Nadu,2023-04-23
CUST01304,Neha Jain,Female,41,Mumbai,Maharashtra,2023-08-16
CUST01305,Kabir Singh,Female,29,Mumbai,Maharashtra,2025-01-18
CUST01306,Simran Nair,Male,39,Delhi,Delhi,2024-02-24
CUST01307,Sneha Kulkarni,Other,55,Delhi,Delhi,2025-09-06
CUST01308,Rohan Rao,Female,35,Hyderabad,Telangana,2024-10-18
CUST01309,Yash Khan,Male,22,Kolkata,West Bengal,2024-07-21
CUST01310,Neha Joshi,Other,51,Ahmedabad,Gujarat,2025-09-22
CUST01311,Ananya Verma,Female,46,Jaipur,Rajasthan,2025-12-27
CUST01312,Shreya Joshi,Female,23,Delhi,Delhi,2024-01-21
CUST01313,Arjun Desai,Male,24,Bangalore,Karnataka,2024-08-13
CUST01314,Priya Gupta,Female,27,Delhi,Delhi,2023-10-31
CUST01315,Rohan Kulkarni,Female,61,Mumbai,Maharashtra,2024-08-23
CUST01316,Simran Jain,Female,44,Bangalore,Karnataka,2025-08-28
CUST01317,Kabir Nair,Male,22,Mumbai,Maharashtra,2024-08-20
CUST01318,Aarav Mishra,Other,39,Hyderabad,Telangana,2025-11-30
CUST01319,Pooja Singh,Female,55,Chennai,Tamil Nadu,2024-10-30
CUST01320,Yash Mishra,Female,37,Jaipur,Rajasthan,2025-06-30
CUST01321,Aman Mehta,Female,32,Pune,Maharashtra,2023-12-18
CUST01322,Riya Joshi,Male,40,Pune,Maharashtra,2023-04-07
CUST01323,Isha Verma,Other,52,Bangalore,Karnataka,2023-11-26
CUST01324,Isha Mehta,Male,33,Bangalore,Karnataka,2023-11-11
CUST01325,Ananya Sharma,Female,34,Chennai,Tamil Nadu,2023-09-17
CUST01326,Neha Mehta,Other,38,Hyderabad,Telangana,2023-03-13
CUST01327,Neha Mehta,Other,28,Chennai,Tamil Nadu,2025-07-07
CUST01328,Simran Gupta,Female,49,Delhi,Delhi,2023-02-21
CUST01329,Rahul Verma,Male,65,Chennai,Tamil Nadu,2023-11-16
CUST01330,Simran Kulkarni,Female,36,Chennai,Tamil Nadu,2024-08-28
CUST01331,Aman Khan,Female,62,Bangalore,Karnataka,2025-06-24
CUST01332,Ananya Nair,Male,61,Ahmedabad,Gujarat,2023-03-24
CUST01333,Simran Patel,Female,57,Pune,Maharashtra,2023-02-20
CUST01334,Sneha Verma,Female,21,Chennai,Tamil Nadu,2023-07-09
CUST01335,Shreya Khan,Male,35,Hyderabad,Telangana,2025-12-14
CUST01336,Rohan Sharma,Other,60,Delhi,Delhi,2025-07-01
CUST01337,Arjun Kulkarni,Female,38,Kolkata,West Bengal,2024-02-03
CUST01338,Shreya Singh,Other,41,Jaipur,Rajasthan,2023-04-25
CUST01339,Vikram Mehta,Female,41,Kolkata,West Bengal,2025-01-27
CUST01340,Aarav Gupta,Female,46,Chennai,Tamil Nadu,2024-12-20
CUST01341,Simran Patel,Other,44,Hyderabad,Telangana,2025-06-28
CUST01342,Kabir Gupta,Other,44,Bangalore,Karnataka,2025-05-18
CUST01343,Rahul Mishra,Male,31,Lucknow,Uttar Pradesh,2023-06-26
CUST01344,Isha Verma,Male,55,Jaipur,Rajasthan,2024-11-17
CUST01345,Vikram Patel,Other,35,Mumbai,Maharashtra,2025-04-18
CUST01346,Pooja Mehta,Other,54,Jaipur,Rajasthan,2025-08-04
CUST01347,Rahul Shah,Female,53,Bangalore,Karnataka,2025-02-20
CUST01348,Riya Sharma,Female,53,Pune,Maharashtra,2024-09-14
CUST01349,Kabir Shah,Male,34,Mumbai,Maharashtra,2023-01-06
CUST01350,Isha Khan,Other,60,Ahmedabad,Gujarat,2023-09-12
CUST01351,Isha Desai,Other,59,Bangalore,Karnataka,2025-10-04
CUST01352,Sneha Sharma,Female,22,Delhi,Delhi,2024-07-21
CUST01353,Shreya Nair,Other,45,Chennai,Tamil Nadu,2025-09-11
CUST01354,Karan Khan,Female,50,Ahmedabad,Gujarat,2023-09-02
CUST01355,Aman Sharma,Other,21,Pune,Maharashtra,2023-11-30
CUST01356,Rahul Joshi,Female,28,Ahmedabad,Gujarat,2023-10-05
CUST01357,Aditi Gupta,Other,40,Chennai,Tamil Nadu,2025-05-09
CUST01358,Aditi Gupta,Other,22,Pune,Maharashtra,2025-12-20
CUST01359,Yash Shah,Other,28,Bangalore,Karnataka,2023-07-13
CUST01360,Simran Joshi,Female,61,Chennai,Tamil Nadu,2024-09-08
CUST01361,Neha Patel,Male,18,Jaipur,Rajasthan,2024-12-21
CUST01362,Rahul Kulkarni,Female,44,Pune,Maharashtra,2025-02-02
CUST01363,Aditya Jain,Male,27,Bangalore,Karnataka,2023-07-29
CUST01364,Yash Shah,Other,63,Hyderabad,Telangana,2025-12-12
CUST01365,Simran Nair,Female,22,Delhi,Delhi,2025-05-04
CUST01366,Ananya Mishra,Female,40,Bangalore,Karnataka,2023-02-05
CUST01367,Isha Nair,Female,56,Chennai,Tamil Nadu,2023-10-12
CUST01368,Yash Rao,Other,37,Chennai,Tamil Nadu,2023-12-19
CUST01369,Aarav Nair,Male,62,Delhi,Delhi,2024-03-31
CUST01370,Rahul Nair,Male,31,Hyderabad,Telangana,2024-09-21
CUST01371,Rahul Patel,Male,19,Kolkata,West Bengal,2023-08-17
CUST01372,Riya Rao,Male,24,Kolkata,West Bengal,2023-03-29
CUST01373,Aditi Rao,Female,25,Jaipur,Rajasthan,2023-05-02
CUST01374,Karan Sharma,Other,18,Delhi,Delhi,2024-09-09
CUST01375,Ananya Rao,Other,30,Delhi,Delhi,2024-02-25
CUST01376,Priya Khan,Male,27,Chennai,Tamil Nadu,2023-03-01
CUST01377,Karan Singh,Male,50,Chennai,Tamil Nadu,2024-12-22
CUST01378,Shreya Shah,Male,55,Jaipur,Rajasthan,2023-05-20
CUST01379,Aarav Kulkarni,Female,28,Hyderabad,Telangana,2024-01-28
CUST01380,Simran Sharma,Other,63,Delhi,Delhi,2024-03-14
CUST01381,Riya Joshi,Female,61,Lucknow,Uttar Pradesh,2024-01-15
CUST01382,Ananya Mehta,Female,31,Chennai,Tamil Nadu,2025-02-16
CUST01383,Yash Shah,Female,25,Kolkata,West Bengal,2023-08-20
CUST01384,Kabir Patel,Female,41,Jaipur,Rajasthan,2023-10-06
CUST01385,Isha Kulkarni,Female,49,Mumbai,Maharashtra,2023-06-18
CUST01386,Ananya Desai,Other,65,Pune,Maharashtra,2025-07-24
CUST01387,Isha Khan,Other,44,Ahmedabad,Gujarat,2024-04-07
CUST01388,Isha Mishra,Male,48,Kolkata,West Bengal,2024-01-22
CUST01389,Neha Mehta,Other,24,Mumbai,Maharashtra,2025-10-03
CUST01390,Vikram Verma,Male,27,Jaipur,Rajasthan,2023-06-24
CUST01391,Vikram Desai,Other,28,Lucknow,Uttar Pradesh,2023-07-28
CUST01392,Arjun Joshi,Male,56,Hyderabad,Telangana,2024-11-24
CUST01393,Vikram Patel,Other,49,Hyderabad,Telangana,2025-05-19
CUST01394,Karan Rao,Other,43,Lucknow,Uttar Pradesh,2024-07-13
CUST01395,Neha Verma,Female,50,Lucknow,Uttar Pradesh,2025-04-08
CUST01396,Karan Mehta,Male,34,Ahmedabad,Gujarat,2023-08-10
CUST01397,Riya Verma,Male,24,Hyderabad,Telangana,2023-10-03
CUST01398,Aditi Mishra,Other,19,Delhi,Delhi,2025-10-17
CUST01399,Priya Desai,Male,37,Lucknow,Uttar Pradesh,2024-10-31
CUST01400,Shreya Singh,Other,51,Delhi,Delhi,2023-06-06
CUST01401,Riya Rao,Female,60,Ahmedabad,Gujarat,2024-02-18
CUST01402,Riya Verma,Other,39,Jaipur,Rajasthan,2024-06-19
CUST01403,Simran Kulkarni,Female,25,Mumbai,Maharashtra,2023-03-06
CUST01404,Vikram Verma,Female,47,Chennai,Tamil Nadu,2025-02-09
CUST01405,Aditi Sharma,Other,28,Bangalore,Karnataka,2024-09-12
CUST01406,Riya Desai,Other,42,Bangalore,Karnataka,2024-10-01
CUST01407,Riya Rao,Other,53,Delhi,Delhi,2025-10-01
CUST01408,Simran Singh,Other,28,Ahmedabad,Gujarat,2025-09-01
CUST01409,Yash Sharma,Female,55,Kolkata,West Bengal,2024-06-23
CUST01410,Vikram Singh,Female,21,Chennai,Tamil Nadu,2024-08-05
CUST01411,Aarav Singh,Female,40,Mumbai,Maharashtra,2023-09-20
CUST01412,Aman Sharma,Male,45,Chennai,Tamil Nadu,2025-02-18
CUST01413,Neha Joshi,Male,60,Kolkata,West Bengal,2024-12-20
CUST01414,Sneha Shah,Other,23,Hyderabad,Telangana,2024-10-01
CUST01415,Arjun Mishra,Female,28,Pune,Maharashtra,2023-08-23
CUST01416,Aarav Kulkarni,Female,60,Chennai,Tamil Nadu,2023-03-18
CUST01417,Pooja Singh,Female,19,Jaipur,Rajasthan,2025-05-12
CUST01418,Riya Singh,Female,54,Mumbai,Maharashtra,2024-10-10
CUST01419,Vikram Joshi,Female,24,Lucknow,Uttar Pradesh,2023-07-20
CUST01420,Rohan Joshi,Other,39,Ahmedabad,Gujarat,2025-10-26
CUST01421,Priya Singh,Female,30,Pune,Maharashtra,2025-01-14
CUST01422,Riya Khan,Female,34,Delhi,Delhi,2024-03-14
CUST01423,Aditi Gupta,Male,57,Lucknow,Uttar Pradesh,2025-04-03
CUST01424,Arjun Nair,Other,39,Lucknow,Uttar Pradesh,2023-07-14
CUST01425,Karan Patel,Female,45,Lucknow,Uttar Pradesh,2025-12-23
CUST01426,Rohan Joshi,Other,37,Delhi,Delhi,2024-09-10
CUST01427,Pooja Khan,Male,44,Jaipur,Rajasthan,2024-10-03
CUST01428,Vikram Gupta,Female,60,Lucknow,Uttar Pradesh,2025-11-21
CUST01429,Simran Mehta,Male,54,Mumbai,Maharashtra,2025-11-23
CUST01430,Riya Shah,Other,52,Ahmedabad,Gujarat,2024-07-02
CUST01431,Shreya Mishra,Other,30,Kolkata,West Bengal,2023-05-03
CUST01432,Neha Verma,Male,65,Bangalore,Karnataka,2024-05-07
CUST01433,Isha Mishra,Female,22,Kolkata,West Bengal,2025-04-20
CUST01434,Rohan Mishra,Female,59,Kolkata,West Bengal,2024-06-30
CUST01435,Priya Gupta,Female,33,Lucknow,Uttar Pradesh,2024-04-28
CUST01436,Ananya Mehta,Male,37,Hyderabad,Telangana,2023-02-26
CUST01437,Kabir Verma,Female,59,Jaipur,Rajasthan,2025-06-12
CUST01438,Aditi Shah,Male,19,Bangalore,Karnataka,2024-07-12
CUST01439,Karan Rao,Other,20,Pune,Maharashtra,2023-12-27
CUST01440,Riya Rao,Male,38,Mumbai,Maharashtra,2023-04-24
CUST01441,Shreya Gupta,Female,60,Delhi,Delhi,2025-04-13
CUST01442,Arjun Desai,Male,54,Bangalore,Karnataka,2024-04-28
CUST01443,Yash Jain,Other,55,Delhi,Delhi,2025-12-04
CUST01444,Yash Gupta,Male,56,Ahmedabad,Gujarat,2023-07-04
CUST01445,Ananya Rao,Other,65,Chennai,Tamil Nadu,2024-11-05
CUST01446,Vikram Rao,Male,27,Hyderabad,Telangana,2025-05-16
CUST01447,Ananya Mehta,Female,44,Hyderabad,Telangana,2024-07-16
CUST01448,Karan Mishra,Female,52,Lucknow,Uttar Pradesh,2023-04-25
CUST01449,Neha Nair,Other,45,Delhi,Delhi,2024-10-10
CUST01450,Riya Khan,Male,41,Hyderabad,Telangana,2024-07-22
CUST01451,Riya Nair,Male,59,Chennai,Tamil Nadu,2024-09-23
CUST01452,Shreya Sharma,Female,53,Mumbai,Maharashtra,2024-05-05
CUST01453,Vikram Gupta,Other,33,Chennai,Tamil Nadu,2023-09-07
CUST01454,Kabir Desai,Female,37,Mumbai,Maharashtra,2025-03-15
CUST01455,Arjun Jain,Male,28,Hyderabad,Telangana,2024-09-01
CUST01456,Kabir Khan,Male,35,Chennai,Tamil Nadu,2025-04-12
CUST01457,Arjun Mishra,Other,44,Ahmedabad,Gujarat,2025-08-22
CUST01458,Aditya Nair,Male,62,Kolkata,West Bengal,2023-07-25
CUST01459,Karan Kulkarni,Female,56,Delhi,Delhi,2024-12-21
CUST01460,Simran Nair,Other,19,Chennai,Tamil Nadu,2025-07-17
CUST01461,Aditi Khan,Other,26,Bangalore,Karnataka,2025-06-27
CUST01462,Aarav Desai,Female,54,Hyderabad,Telangana,2024-09-17
CUST01463,Arjun Patel,Other,63,Bangalore,Karnataka,2024-05-26
CUST01464,Rahul Mishra,Female,46,Lucknow,Uttar Pradesh,2025-04-20
CUST01465,Riya Mishra,Male,61,Bangalore,Karnataka,2024-06-17
CUST01466,Aman Mishra,Male,23,Chennai,Tamil Nadu,2024-07-31
CUST01467,Pooja Joshi,Female,54,Bangalore,Karnataka,2025-03-16
CUST01468,Sneha Sharma,Male,47,Mumbai,Maharashtra,2024-04-13
CUST01469,Rohan Gupta,Female,57,Bangalore,Karnataka,2023-04-12
CUST01470,Pooja Singh,Male,41,Pune,Maharashtra,2023-11-02
CUST01471,Priya Singh,Other,51,Delhi,Delhi,2023-01-29
CUST01472,Pooja Rao,Male,32,Ahmedabad,Gujarat,2025-10-09
CUST01473,Rohan Shah,Other,49,Pune,Maharashtra,2024-08-12
CUST01474,Vikram Mehta,Other,31,Kolkata,West Bengal,2024-02-28
CUST01475,Isha Nair,Male,44,Hyderabad,Telangana,2025-05-06
CUST01476,Rahul Sharma,Male,57,Pune,Maharashtra,2024-06-20
CUST01477,Kabir Jain,Other,61,Hyderabad,Telangana,2025-01-27
CUST01478,Kabir Patel,Male,38,Mumbai,Maharashtra,2025-08-18
CUST01479,Vikram Khan,Other,45,Hyderabad,Telangana,2025-02-24
CUST01480,Shreya Gupta,Other,21,Delhi,Delhi,2023-07-15
CUST01481,Aditi Joshi,Female,56,Hyderabad,Telangana,2025-08-22
CUST01482,Shreya Nair,Female,50,Mumbai,Maharashtra,2023-01-11
CUST01483,Shreya Desai,Other,41,Pune,Maharashtra,2025-03-19
CUST01484,Rahul Jain,Other,29,Jaipur,Rajasthan,2023-03-26
CUST01485,Karan Mehta,Female,47,Jaipur,Rajasthan,2025-10-06
CUST01486,Rahul Patel,Female,27,Chennai,Tamil Nadu,2025-12-22
CUST01487,Karan Patel,Male,49,Chennai,Tamil Nadu,2023-04-01
CUST01488,Karan Nair,Female,34,Chennai,Tamil Nadu,2025-05-30
CUST01489,Shreya Mishra,Female,45,Pune,Maharashtra,2025-11-24
CUST01490,Priya Joshi,Other,60,Ahmedabad,Gujarat,2023-11-06
CUST01491,Kabir Sharma,Male,32,Hyderabad,Telangana,2023-11-01
CUST01492,Priya Sharma,Male,63,Ahmedabad,Gujarat,2024-06-16
CUST01493,Kabir Desai,Male,46,Delhi,Delhi,2025-10-10
CUST01494,Neha Nair,Female,49,Jaipur,Rajasthan,2025-09-20
CUST01495,Ananya Mishra,Female,23,Bangalore,Karnataka,2023-09-11
CUST01496,Rohan Mishra,Male,65,Pune,Maharashtra,2024-01-05
CUST01497,Yash Mishra,Other,18,Pune,Maharashtra,2024-03-10
CUST01498,Yash Rao,Female,22,Lucknow,Uttar Pradesh,2024-01-05
CUST01499,Sneha Rao,Female,19,Ahmedabad,Gujarat,2023-07-13
CUST01500,Isha Khan,Female,55,Delhi,Delhi,2025-03-18
CUST01501,Ananya Mishra,Male,23,Chennai,Tamil Nadu,2023-11-11
CUST01502,Kabir Mishra,Other,35,Ahmedabad,Gujarat,2025-07-18
CUST01503,Shreya Khan,Male,59,Mumbai,Maharashtra,2024-11-05
CUST01504,Shreya Verma,Male,21,Chennai,Tamil Nadu,2023-09-22
CUST01505,Isha Joshi,Other,56,Mumbai,Maharashtra,2023-05-25
CUST01506,Vikram Patel,Male,33,Kolkata,West Bengal,2024-06-06
CUST01507,Vikram Patel,Male,42,Mumbai,Maharashtra,2024-03-02
CUST01508,Vikram Gupta,Female,49,Bangalore,Karnataka,2023-09-04
CUST01509,Pooja Nair,Female,60,Pune,Maharashtra,2023-09-26
CUST01510,Ananya Mishra,Male,49,Chennai,Tamil Nadu,2025-11-15
CUST01511,Kabir Jain,Female,54,Kolkata,West Bengal,2025-09-02
CUST01512,Shreya Desai,Female,57,Delhi,Delhi,2025-05-15
CUST01513,Priya Desai,Male,50,Kolkata,West Bengal,2023-07-10
CUST01514,Aditya Verma,Female,51,Hyderabad,Telangana,2023-11-14
CUST01515,Yash Patel,Female,23,Pune,Maharashtra,2025-08-16
CUST01516,Riya Gupta,Other,37,Bangalore,Karnataka,2023-09-19
CUST01517,Sneha Kulkarni,Other,21,Kolkata,West Bengal,2024-08-28
CUST01518,Simran Patel,Male,50,Mumbai,Maharashtra,2025-11-17
CUST01519,Pooja Desai,Other,64,Delhi,Delhi,2025-08-09
CUST01520,Aman Mishra,Female,55,Pune,Maharashtra,2024-12-28
CUST01521,Arjun Rao,Male,65,Jaipur,Rajasthan,2023-02-03
CUST01522,Kabir Mehta,Male,23,Bangalore,Karnataka,2025-03-15
CUST01523,Pooja Jain,Other,64,Pune,Maharashtra,2024-10-04
CUST01524,Kabir Rao,Female,29,Ahmedabad,Gujarat,2024-06-26
CUST01525,Rohan Mehta,Other,24,Delhi,Delhi,2024-06-15
CUST01526,Pooja Kulkarni,Female,25,Mumbai,Maharashtra,2023-01-12
CUST01527,Aarav Mehta,Other,43,Ahmedabad,Gujarat,2025-07-31
CUST01528,Shreya Nair,Other,57,Ahmedabad,Gujarat,2024-09-12
CUST01529,Neha Nair,Male,26,Kolkata,West Bengal,2024-09-11
CUST01530,Rahul Sharma,Male,62,Hyderabad,Telangana,2023-08-18
CUST01531,Rohan Mishra,Female,59,Mumbai,Maharashtra,2024-03-04
CUST01532,Rahul Khan,Other,52,Hyderabad,Telangana,2025-06-11
CUST01533,Rohan Patel,Male,48,Pune,Maharashtra,2025-08-07
CUST01534,Pooja Sharma,Male,65,Delhi,Delhi,2023-12-07
CUST01535,Kabir Verma,Female,55,Ahmedabad,Gujarat,2023-02-10
CUST01536,Sneha Shah,Male,39,Pune,Maharashtra,2025-03-13
CUST01537,Aarav Patel,Female,65,Kolkata,West Bengal,2025-05-01
CUST01538,Aman Singh,Male,49,Jaipur,Rajasthan,2024-08-18
CUST01539,Vikram Verma,Male,63,Jaipur,Rajasthan,2025-09-26
CUST01540,Aditi Kulkarni,Other,38,Mumbai,Maharashtra,2025-05-14
CUST01541,Simran Patel,Female,25,Pune,Maharashtra,2025-05-04
CUST01542,Riya Singh,Other,45,Chennai,Tamil Nadu,2025-07-07
CUST01543,Aarav Mehta,Female,40,Pune,Maharashtra,2024-01-29
CUST01544,Kabir Shah,Other,61,Jaipur,Rajasthan,2024-03-25
CUST01545,Aditya Jain,Male,36,Lucknow,Uttar Pradesh,2025-08-17
CUST01546,Vikram Desai,Male,57,Chennai,Tamil Nadu,2025-08-25
CUST01547,Rohan Gupta,Male,29,Delhi,Delhi,2025-09-15
CUST01548,Rohan Mehta,Male,44,Lucknow,Uttar Pradesh,2025-10-04
CUST01549,Riya Gupta,Other,21,Hyderabad,Telangana,2024-03-04
CUST01550,Aarav Joshi,Other,28,Pune,Maharashtra,2025-01-01
CUST01551,Priya Mishra,Male,39,Jaipur,Rajasthan,2023-03-07
CUST01552,Pooja Patel,Male,53,Lucknow,Uttar Pradesh,2024-04-09
CUST01553,Sneha Verma,Female,20,Pune,Maharashtra,2024-11-27
CUST01554,Simran Gupta,Other,60,Bangalore,Karnataka,2025-11-21
CUST01555,Ananya Nair,Female,25,Mumbai,Maharashtra,2025-06-15
CUST01556,Ananya Rao,Other,20,Lucknow,Uttar Pradesh,2023-07-28
CUST01557,Yash Patel,Male,41,Bangalore,Karnataka,2023-08-30
CUST01558,Priya Nair,Other,49,Pune,Maharashtra,2025-06-23
CUST01559,Ananya Mehta,Male,25,Chennai,Tamil Nadu,2024-11-16
CUST01560,Rohan Verma,Male,48,Kolkata,West Bengal,2023-01-14
CUST01561,Aditya Gupta,Male,35,Jaipur,Rajasthan,2023-12-17
CUST01562,Neha Nair,Other,60,Kolkata,West Bengal,2025-01-08
CUST01563,Sneha Mehta,Male,26,Jaipur,Rajasthan,2025-05-13
CUST01564,Pooja Desai,Other,61,Kolkata,West Bengal,2025-07-28
CUST01565,Neha Sharma,Male,63,Ahmedabad,Gujarat,2023-10-26
CUST01566,Yash Patel,Female,43,Delhi,Delhi,2024-11-23
CUST01567,Priya Desai,Male,60,Mumbai,Maharashtra,2025-03-16
CUST01568,Rahul Jain,Other,63,Lucknow,Uttar Pradesh,2023-04-29
CUST01569,Yash Gupta,Other,62,Kolkata,West Bengal,2025-04-03
CUST01570,Simran Mishra,Female,18,Pune,Maharashtra,2024-10-04
CUST01571,Karan Jain,Other,43,Jaipur,Rajasthan,2023-10-28
CUST01572,Kabir Khan,Other,40,Hyderabad,Telangana,2025-06-24
CUST01573,Vikram Rao,Male,20,Hyderabad,Telangana,2024-09-09
CUST01574,Simran Joshi,Other,52,Kolkata,West Bengal,2023-09-16
CUST01575,Isha Shah,Other,37,Delhi,Delhi,2025-11-13
CUST01576,Yash Joshi,Male,52,Bangalore,Karnataka,2023-02-17
CUST01577,Aman Gupta,Other,45,Hyderabad,Telangana,2024-09-14
CUST01578,Yash Patel,Female,58,Mumbai,Maharashtra,2025-02-02
CUST01579,Yash Joshi,Other,25,Delhi,Delhi,2023-04-08
CUST01580,Kabir Gupta,Female,39,Lucknow,Uttar Pradesh,2023-01-11
CUST01581,Sneha Rao,Other,32,Lucknow,Uttar Pradesh,2025-12-28
CUST01582,Neha Gupta,Other,42,Pune,Maharashtra,2023-10-14
CUST01583,Yash Nair,Female,51,Hyderabad,Telangana,2023-08-04
CUST01584,Aman Shah,Male,27,Chennai,Tamil Nadu,2025-07-19
CUST01585,Pooja Mishra,Male,21,Kolkata,West Bengal,2023-06-17
CUST01586,Pooja Jain,Male,46,Bangalore,Karnataka,2025-09-02
CUST01587,Arjun Joshi,Other,53,Jaipur,Rajasthan,2025-04-04
CUST01588,Yash Rao,Other,49,Kolkata,West Bengal,2024-06-24
CUST01589,Pooja Verma,Male,27,Ahmedabad,Gujarat,2025-05-03
CUST01590,Yash Mehta,Male,63,Ahmedabad,Gujarat,2025-07-26
CUST01591,Yash Mishra,Other,31,Jaipur,Rajasthan,2023-08-30
CUST01592,Kabir Verma,Other,41,Mumbai,Maharashtra,2023-11-18
CUST01593,Ananya Singh,Male,41,Kolkata,West Bengal,2023-08-14
CUST01594,Aman Gupta,Male,25,Mumbai,Maharashtra,2025-12-06
CUST01595,Neha Gupta,Female,49,Chennai,Tamil Nadu,2024-09-13
CUST01596,Aarav Rao,Other,44,Bangalore,Karnataka,2023-10-19
CUST01597,Aditi Jain,Male,29,Pune,Maharashtra,2024-08-03
CUST01598,Riya Sharma,Male,20,Delhi,Delhi,2024-12-15
CUST01599,Pooja Verma,Other,46,Lucknow,Uttar Pradesh,2024-09-26
CUST01600,Aditya Rao,Other,56,Kolkata,West Bengal,2025-08-31
CUST01601,Rahul Rao,Other,47,Bangalore,Karnataka,2025-10-30
CUST01602,Kabir Khan,Other,38,Ahmedabad,Gujarat,2023-11-02
CUST01603,Arjun Rao,Female,32,Lucknow,Uttar Pradesh,2025-04-18
CUST01604,Vikram Joshi,Other,46,Jaipur,Rajasthan,2023-04-04
CUST01605,Karan Khan,Other,19,Delhi,Delhi,2023-12-06
CUST01606,Aman Khan,Other,53,Pune,Maharashtra,2023-09-11
CUST01607,Arjun Shah,Other,51,Lucknow,Uttar Pradesh,2023-04-19
CUST01608,Rohan Rao,Male,25,Ahmedabad,Gujarat,2025-10-26
CUST01609,Simran Mehta,Male,33,Mumbai,Maharashtra,2024-07-17
CUST01610,Aman Verma,Other,38,Delhi,Delhi,2025-12-28
CUST01611,Vikram Singh,Male,39,Mumbai,Maharashtra,2025-10-03
CUST01612,Pooja Mehta,Other,38,Kolkata,West Bengal,2023-02-19
CUST01613,Vikram Gupta,Male,52,Delhi,Delhi,2023-08-23
CUST01614,Priya Gupta,Female,23,Bangalore,Karnataka,2024-01-10
CUST01615,Rahul Gupta,Male,57,Kolkata,West Bengal,2023-12-13
CUST01616,Aditya Mehta,Female,42,Mumbai,Maharashtra,2023-04-30
CUST01617,Ananya Joshi,Female,34,Bangalore,Karnataka,2025-04-25
CUST01618,Vikram Mishra,Male,33,Delhi,Delhi,2023-04-17
CUST01619,Shreya Singh,Other,50,Hyderabad,Telangana,2025-10-06
CUST01620,Vikram Patel,Female,47,Pune,Maharashtra,2023-05-05
CUST01621,Simran Desai,Male,44,Delhi,Delhi,2025-09-18
CUST01622,Sneha Jain,Other,55,Mumbai,Maharashtra,2024-07-05
CUST01623,Ananya Shah,Female,54,Jaipur,Rajasthan,2023-09-15
CUST01624,Pooja Verma,Male,27,Delhi,Delhi,2025-10-21
CUST01625,Neha Kulkarni,Other,45,Bangalore,Karnataka,2024-05-17
CUST01626,Simran Verma,Female,57,Mumbai,Maharashtra,2023-01-03
CUST01627,Isha Khan,Male,48,Bangalore,Karnataka,2023-01-02
CUST01628,Karan Singh,Female,58,Pune,Maharashtra,2025-02-17
CUST01629,Rohan Singh,Male,28,Jaipur,Rajasthan,2024-07-30
CUST01630,Simran Singh,Male,43,Delhi,Delhi,2024-09-07
CUST01631,Ananya Mishra,Female,31,Bangalore,Karnataka,2024-07-26
CUST01632,Shreya Kulkarni,Other,34,Chennai,Tamil Nadu,2024-12-02
CUST01633,Kabir Gupta,Female,31,Hyderabad,Telangana,2024-10-20
CUST01634,Kabir Singh,Other,26,Chennai,Tamil Nadu,2023-02-02
CUST01635,Aarav Singh,Male,61,Ahmedabad,Gujarat,2023-01-09
CUST01636,Priya Desai,Female,52,Jaipur,Rajasthan,2025-09-28
CUST01637,Arjun Rao,Other,46,Delhi,Delhi,2023-03-05
CUST01638,Ananya Joshi,Female,29,Kolkata,West Bengal,2025-01-03
CUST01639,Aarav Patel,Male,46,Ahmedabad,Gujarat,2025-01-28
CUST01640,Aarav Shah,Other,63,Mumbai,Maharashtra,2024-07-29
CUST01641,Neha Shah,Other,32,Delhi,Delhi,2024-09-12
CUST01642,Sneha Verma,Female,49,Chennai,Tamil Nadu,2023-03-17
CUST01643,Shreya Shah,Other,43,Mumbai,Maharashtra,2024-02-06
CUST01644,Ananya Mishra,Female,28,Pune,Maharashtra,2025-10-21
CUST01645,Simran Shah,Male,55,Lucknow,Uttar Pradesh,2023-12-26
CUST01646,Rahul Nair,Female,54,Delhi,Delhi,2023-09-18
CUST01647,Sneha Jain,Male,61,Jaipur,Rajasthan,2024-07-15
CUST01648,Aarav Nair,Other,53,Jaipur,Rajasthan,2024-06-01
CUST01649,Kabir Sharma,Female,45,Kolkata,West Bengal,2023-04-17
CUST01650,Pooja Gupta,Female,49,Delhi,Delhi,2025-11-27
CUST01651,Neha Kulkarni,Male,35,Mumbai,Maharashtra,2024-04-04
CUST01652,Pooja Kulkarni,Male,43,Ahmedabad,Gujarat,2024-10-09
CUST01653,Rohan Joshi,Other,32,Delhi,Delhi,2023-02-21
CUST01654,Pooja Patel,Male,39,Hyderabad,Telangana,2024-02-08
CUST01655,Isha Patel,Female,45,Delhi,Delhi,2023-02-27
CUST01656,Aarav Singh,Male,24,Chennai,Tamil Nadu,2024-05-27
CUST01657,Riya Shah,Female,51,Chennai,Tamil Nadu,2023-04-22
CUST01658,Sneha Patel,Male,58,Lucknow,Uttar Pradesh,2025-06-17
CUST01659,Kabir Singh,Male,20,Delhi,Delhi,2023-06-25
CUST01660,Vikram Joshi,Male,46,Delhi,Delhi,2023-09-19
CUST01661,Aditi Gupta,Male,24,Lucknow,Uttar Pradesh,2025-06-03
CUST01662,Aditi Kulkarni,Female,43,Mumbai,Maharashtra,2024-08-26
CUST01663,Ananya Singh,Other,60,Kolkata,West Bengal,2024-04-22
CUST01664,Shreya Sharma,Female,45,Ahmedabad,Gujarat,2025-02-25
CUST01665,Shreya Singh,Other,61,Delhi,Delhi,2024-11-26
CUST01666,Aarav Verma,Other,30,Jaipur,Rajasthan,2024-11-03
CUST01667,Ananya Patel,Other,30,Mumbai,Maharashtra,2023-05-19
CUST01668,Aman Mehta,Female,44,Jaipur,Rajasthan,2024-06-08
CUST01669,Riya Nair,Male,33,Lucknow,Uttar Pradesh,2025-06-29
CUST01670,Rahul Rao,Male,37,Mumbai,Maharashtra,2023-05-04
CUST01671,Aman Desai,Female,55,Jaipur,Rajasthan,2025-01-02
CUST01672,Simran Rao,Female,37,Bangalore,Karnataka,2023-10-29
CUST01673,Shreya Joshi,Male,51,Pune,Maharashtra,2025-01-25
CUST01674,Aman Khan,Male,50,Bangalore,Karnataka,2023-04-28
CUST01675,Simran Mishra,Female,30,Mumbai,Maharashtra,2025-05-14
CUST01676,Rohan Khan,Female,30,Hyderabad,Telangana,2023-05-21
CUST01677,Riya Nair,Other,54,Ahmedabad,Gujarat,2024-11-09
CUST01678,Aditya Singh,Female,28,Pune,Maharashtra,2025-05-07
CUST01679,Ananya Verma,Male,18,Mumbai,Maharashtra,2025-10-12
CUST01680,Sneha Nair,Other,31,Hyderabad,Telangana,2025-08-13
CUST01681,Sneha Verma,Male,43,Chennai,Tamil Nadu,2025-02-08
CUST01682,Priya Mishra,Male,22,Mumbai,Maharashtra,2025-01-13
CUST01683,Neha Sharma,Male,36,Jaipur,Rajasthan,2023-08-24
CUST01684,Kabir Shah,Male,19,Lucknow,Uttar Pradesh,2025-01-07
CUST01685,Rohan Shah,Male,34,Pune,Maharashtra,2023-12-23
CUST01686,Priya Joshi,Male,30,Jaipur,Rajasthan,2024-05-18
CUST01687,Aarav Mehta,Male,61,Pune,Maharashtra,2023-07-27
CUST01688,Rahul Desai,Male,37,Delhi,Delhi,2024-11-24
CUST01689,Kabir Shah,Other,28,Chennai,Tamil Nadu,2025-02-01
CUST01690,Yash Rao,Other,22,Lucknow,Uttar Pradesh,2025-06-07
CUST01691,Ananya Mehta,Male,52,Bangalore,Karnataka,2024-01-24
CUST01692,Vikram Nair,Other,45,Chennai,Tamil Nadu,2024-10-13
CUST01693,Sneha Jain,Other,36,Mumbai,Maharashtra,2024-01-23
CUST01694,Rahul Joshi,Other,35,Hyderabad,Telangana,2023-04-20
CUST01695,Rahul Mishra,Male,64,Jaipur,Rajasthan,2025-09-28
CUST01696,Arjun Rao,Male,50,Ahmedabad,Gujarat,2023-05-13
CUST01697,Vikram Rao,Female,51,Jaipur,Rajasthan,2025-02-05
CUST01698,Kabir Mehta,Other,62,Chennai,Tamil Nadu,2025-02-04
CUST01699,Riya Nair,Female,55,Ahmedabad,Gujarat,2025-08-28
CUST01700,Vikram Khan,Male,32,Lucknow,Uttar Pradesh,2023-03-16
CUST01701,Rohan Verma,Male,37,Hyderabad,Telangana,2025-03-21
CUST01702,Pooja Jain,Female,34,Kolkata,West Bengal,2023-11-18
CUST01703,Simran Patel,Female,46,Bangalore,Karnataka,2023-06-22
CUST01704,Yash Joshi,Female,50,Hyderabad,Telangana,2023-03-26
CUST01705,Shreya Joshi,Female,45,Kolkata,West Bengal,2025-07-12
CUST01706,Pooja Joshi,Female,42,Ahmedabad,Gujarat,2024-10-11
CUST01707,Aarav Mehta,Female,59,Ahmedabad,Gujarat,2024-04-23
CUST01708,Arjun Joshi,Other,50,Delhi,Delhi,2024-08-26
CUST01709,Simran Khan,Male,24,Delhi,Delhi,2024-07-20
CUST01710,Ananya Patel,Other,30,Chennai,Tamil Nadu,2023-03-20
CUST01711,Aditya Shah,Female,65,Chennai,Tamil Nadu,2024-05-27
CUST01712,Karan Shah,Other,65,Lucknow,Uttar Pradesh,2023-10-10
CUST01713,Simran Jain,Female,36,Pune,Maharashtra,2023-01-18
CUST01714,Neha Rao,Other,59,Kolkata,West Bengal,2025-04-10
CUST01715,Aarav Verma,Female,32,Jaipur,Rajasthan,2023-11-02
CUST01716,Sneha Nair,Male,51,Hyderabad,Telangana,2025-08-29
CUST01717,Aman Rao,Other,47,Jaipur,Rajasthan,2025-08-17
CUST01718,Aditya Rao,Male,45,Delhi,Delhi,2024-10-03
CUST01719,Pooja Shah,Other,19,Ahmedabad,Gujarat,2025-07-10
CUST01720,Neha Mehta,Female,65,Lucknow,Uttar Pradesh,2023-09-20
CUST01721,Aarav Verma,Male,44,Chennai,Tamil Nadu,2024-11-26
CUST01722,Pooja Khan,Female,55,Kolkata,West Bengal,2024-09-05
CUST01723,Aarav Singh,Male,39,Mumbai,Maharashtra,2023-10-12
CUST01724,Aman Khan,Female,31,Lucknow,Uttar Pradesh,2025-03-11
CUST01725,Vikram Patel,Male,48,Jaipur,Rajasthan,2025-03-02
CUST01726,Ananya Joshi,Other,37,Lucknow,Uttar Pradesh,2025-07-13
CUST01727,Arjun Mehta,Male,62,Delhi,Delhi,2023-12-30
CUST01728,Shreya Verma,Male,22,Mumbai,Maharashtra,2024-01-18
CUST01729,Vikram Gupta,Female,60,Hyderabad,Telangana,2024-04-22
CUST01730,Yash Patel,Female,51,Ahmedabad,Gujarat,2023-04-28
CUST01731,Aarav Mehta,Female,28,Chennai,Tamil Nadu,2025-04-21
CUST01732,Ananya Mehta,Female,65,Jaipur,Rajasthan,2025-05-06
CUST01733,Arjun Desai,Male,37,Hyderabad,Telangana,2023-09-24
CUST01734,Pooja Mishra,Other,54,Ahmedabad,Gujarat,2023-11-22
CUST01735,Isha Singh,Other,61,Hyderabad,Telangana,2025-10-26
CUST01736,Kabir Gupta,Male,46,Hyderabad,Telangana,2023-01-16
CUST01737,Arjun Mishra,Other,39,Kolkata,West Bengal,2024-05-20
CUST01738,Aman Jain,Female,54,Ahmedabad,Gujarat,2025-07-31
CUST01739,Aditi Nair,Other,47,Delhi,Delhi,2024-08-12
CUST01740,Neha Nair,Other,29,Pune,Maharashtra,2025-03-11
CUST01741,Pooja Shah,Female,42,Bangalore,Karnataka,2025-06-03
CUST01742,Priya Nair,Female,62,Lucknow,Uttar Pradesh,2023-07-15
CUST01743,Aditi Shah,Other,52,Bangalore,Karnataka,2024-07-14
CUST01744,Isha Khan,Female,44,Delhi,Delhi,2024-03-20
CUST01745,Simran Patel,Male,50,Chennai,Tamil Nadu,2023-06-06
CUST01746,Aditya Desai,Female,31,Ahmedabad,Gujarat,2023-12-04
CUST01747,Yash Sharma,Male,58,Ahmedabad,Gujarat,2023-02-24
CUST01748,Kabir Desai,Male,43,Chennai,Tamil Nadu,2025-03-28
CUST01749,Aditi Sharma,Other,26,Pune,Maharashtra,2023-08-23
CUST01750,Aditya Khan,Female,22,Ahmedabad,Gujarat,2025-09-19
CUST01751,Arjun Kulkarni,Male,48,Hyderabad,Telangana,2025-06-15
CUST01752,Karan Mishra,Male,56,Bangalore,Karnataka,2023-12-16
CUST01753,Ananya Mehta,Other,65,Pune,Maharashtra,2023-09-12
CUST01754,Vikram Mehta,Other,35,Delhi,Delhi,2023-01-23
CUST01755,Rahul Verma,Male,63,Chennai,Tamil Nadu,2023-12-31
CUST01756,Aditi Jain,Female,62,Jaipur,Rajasthan,2024-03-18
CUST01757,Aditi Mishra,Female,62,Jaipur,Rajasthan,2023-07-30
CUST01758,Isha Verma,Male,42,Mumbai,Maharashtra,2023-01-10
CUST01759,Rohan Jain,Male,30,Hyderabad,Telangana,2025-02-06
CUST01760,Arjun Sharma,Male,39,Kolkata,West Bengal,2023-02-27
CUST01761,Rohan Khan,Male,60,Delhi,Delhi,2024-03-27
CUST01762,Priya Nair,Female,50,Bangalore,Karnataka,2023-04-01
CUST01763,Ananya Mishra,Other,58,Chennai,Tamil Nadu,2024-10-22
CUST01764,Rohan Singh,Female,25,Hyderabad,Telangana,2025-03-20
CUST01765,Sneha Shah,Female,29,Delhi,Delhi,2024-12-31
CUST01766,Aarav Desai,Female,31,Chennai,Tamil Nadu,2023-01-25
CUST01767,Kabir Shah,Other,57,Delhi,Delhi,2024-07-24
CUST01768,Neha Sharma,Female,37,Delhi,Delhi,2024-03-23
CUST01769,Shreya Verma,Female,24,Delhi,Delhi,2023-12-18
CUST01770,Shreya Joshi,Female,29,Kolkata,West Bengal,2023-09-30
CUST01771,Aditya Mishra,Female,19,Ahmedabad,Gujarat,2023-05-19
CUST01772,Shreya Jain,Female,50,Lucknow,Uttar Pradesh,2025-07-08
CUST01773,Sneha Kulkarni,Male,19,Lucknow,Uttar Pradesh,2023-01-28
CUST01774,Shreya Rao,Male,65,Delhi,Delhi,2024-09-24
CUST01775,Pooja Rao,Male,26,Hyderabad,Telangana,2023-06-12
CUST01776,Neha Verma,Male,42,Pune,Maharashtra,2024-02-18
CUST01777,Rohan Khan,Other,56,Mumbai,Maharashtra,2024-05-02
CUST01778,Kabir Nair,Female,38,Chennai,Tamil Nadu,2023-10-02
CUST01779,Aditi Kulkarni,Male,32,Kolkata,West Bengal,2024-08-13
CUST01780,Aditya Joshi,Other,21,Hyderabad,Telangana,2024-02-26
CUST01781,Sneha Rao,Other,38,Hyderabad,Telangana,2025-02-20
CUST01782,Priya Verma,Female,22,Mumbai,Maharashtra,2023-05-13
CUST01783,Rohan Sharma,Male,23,Bangalore,Karnataka,2024-02-23
CUST01784,Priya Singh,Male,50,Jaipur,Rajasthan,2024-02-23
CUST01785,Arjun Desai,Male,64,Ahmedabad,Gujarat,2024-09-29
CUST01786,Rohan Shah,Other,33,Kolkata,West Bengal,2023-12-28
CUST01787,Isha Gupta,Other,30,Lucknow,Uttar Pradesh,2025-07-07
CUST01788,Karan Mishra,Female,43,Ahmedabad,Gujarat,2023-06-13
CUST01789,Vikram Mehta,Female,50,Ahmedabad,Gujarat,2025-06-22
CUST01790,Shreya Nair,Female,19,Kolkata,West Bengal,2023-11-16
CUST01791,Vikram Desai,Other,52,Delhi,Delhi,2024-09-06
CUST01792,Rahul Kulkarni,Female,47,Bangalore,Karnataka,2024-06-10
CUST01793,Isha Verma,Other,56,Pune,Maharashtra,2025-02-07
CUST01794,Riya Patel,Other,48,Chennai,Tamil Nadu,2023-10-07
CUST01795,Rohan Mehta,Male,50,Hyderabad,Telangana,2023-01-09
CUST01796,Neha Verma,Female,65,Kolkata,West Bengal,2025-05-01
CUST01797,Neha Desai,Other,55,Ahmedabad,Gujarat,2024-09-22
CUST01798,Arjun Desai,Female,54,Mumbai,Maharashtra,2023-09-12
CUST01799,Priya Shah,Other,40,Kolkata,West Bengal,2024-06-06
CUST01800,Yash Nair,Other,21,Ahmedabad,Gujarat,2025-01-24
CUST01801,Vikram Jain,Male,48,Kolkata,West Bengal,2024-05-20
CUST01802,Aditi Jain,Other,60,Chennai,Tamil Nadu,2023-02-27
CUST01803,Rahul Gupta,Other,27,Lucknow,Uttar Pradesh,2025-07-21
CUST01804,Karan Shah,Male,25,Lucknow,Uttar Pradesh,2023-11-27
CUST01805,Arjun Khan,Other,55,Kolkata,West Bengal,2025-03-25
CUST01806,Arjun Kulkarni,Male,45,Hyderabad,Telangana,2025-05-16
CUST01807,Karan Nair,Other,60,Pune,Maharashtra,2025-10-22
CUST01808,Vikram Singh,Other,23,Pune,Maharashtra,2025-04-22
CUST01809,Ananya Khan,Male,35,Lucknow,Uttar Pradesh,2024-12-06
CUST01810,Rohan Jain,Male,28,Kolkata,West Bengal,2024-09-22
CUST01811,Riya Sharma,Other,44,Delhi,Delhi,2023-05-24
CUST01812,Yash Desai,Male,29,Pune,Maharashtra,2025-06-01
CUST01813,Neha Mehta,Female,29,Bangalore,Karnataka,2024-02-10
CUST01814,Yash Patel,Male,30,Ahmedabad,Gujarat,2024-03-11
CUST01815,Aditi Nair,Female,44,Bangalore,Karnataka,2024-01-28
CUST01816,Kabir Khan,Other,28,Lucknow,Uttar Pradesh,2023-08-12
CUST01817,Arjun Gupta,Male,35,Delhi,Delhi,2025-02-12
CUST01818,Arjun Joshi,Female,49,Mumbai,Maharashtra,2024-04-25
CUST01819,Ananya Sharma,Male,60,Mumbai,Maharashtra,2024-06-28
CUST01820,Aman Rao,Male,51,Mumbai,Maharashtra,2023-07-18
CUST01821,Aarav Desai,Female,49,Lucknow,Uttar Pradesh,2025-12-01
CUST01822,Riya Rao,Female,41,Chennai,Tamil Nadu,2025-05-29
CUST01823,Aditya Joshi,Other,43,Hyderabad,Telangana,2025-01-09
CUST01824,Vikram Singh,Female,24,Mumbai,Maharashtra,2024-12-30
CUST01825,Aarav Verma,Male,56,Kolkata,West Bengal,2023-10-12
CUST01826,Ananya Mishra,Other,33,Jaipur,Rajasthan,2024-07-26
CUST01827,Neha Verma,Other,44,Lucknow,Uttar Pradesh,2025-08-31
CUST01828,Rohan Sharma,Other,41,Chennai,Tamil Nadu,2023-02-04
CUST01829,Aditi Rao,Male,56,Chennai,Tamil Nadu,2025-06-28
CUST01830,Riya Desai,Female,45,Lucknow,Uttar Pradesh,2023-06-16
CUST01831,Riya Khan,Female,56,Delhi,Delhi,2025-02-27
CUST01832,Rohan Nair,Other,63,Bangalore,Karnataka,2025-12-01
CUST01833,Yash Sharma,Male,37,Bangalore,Karnataka,2025-10-16
CUST01834,Simran Mishra,Female,25,Ahmedabad,Gujarat,2023-12-11
CUST01835,Riya Khan,Male,31,Jaipur,Rajasthan,2024-05-08
CUST01836,Priya Rao,Female,63,Delhi,Delhi,2023-08-05
CUST01837,Aarav Mehta,Female,32,Chennai,Tamil Nadu,2025-02-24
CUST01838,Karan Khan,Other,26,Ahmedabad,Gujarat,2023-09-10
CUST01839,Simran Khan,Other,39,Ahmedabad,Gujarat,2023-07-05
CUST01840,Sneha Jain,Other,39,Lucknow,Uttar Pradesh,2023-05-13
CUST01841,Vikram Jain,Male,32,Kolkata,West Bengal,2025-06-13
CUST01842,Karan Patel,Male,23,Pune,Maharashtra,2023-06-29
CUST01843,Aditya Nair,Other,25,Lucknow,Uttar Pradesh,2024-01-21
CUST01844,Aman Joshi,Female,54,Bangalore,Karnataka,2024-10-03
CUST01845,Aarav Gupta,Female,45,Mumbai,Maharashtra,2024-01-24
CUST01846,Aditya Rao,Other,60,Chennai,Tamil Nadu,2023-09-16
CUST01847,Shreya Singh,Female,18,Hyderabad,Telangana,2023-08-07
CUST01848,Simran Mishra,Male,36,Ahmedabad,Gujarat,2024-10-09
CUST01849,Sneha Verma,Other,36,Ahmedabad,Gujarat,2023-10-29
CUST01850,Rahul Nair,Female,50,Mumbai,Maharashtra,2024-10-17
CUST01851,Ananya Gupta,Other,31,Lucknow,Uttar Pradesh,2025-09-06
CUST01852,Riya Gupta,Female,27,Kolkata,West Bengal,2023-05-01
CUST01853,Rohan Mishra,Male,49,Hyderabad,Telangana,2023-04-18
CUST01854,Vikram Gupta,Other,43,Bangalore,Karnataka,2023-02-14
CUST01855,Aditya Desai,Female,43,Ahmedabad,Gujarat,2024-12-14
CUST01856,Arjun Kulkarni,Other,30,Pune,Maharashtra,2024-08-01
CUST01857,Simran Desai,Female,55,Delhi,Delhi,2023-09-26
CUST01858,Aditi Mishra,Other,28,Pune,Maharashtra,2025-07-26
CUST01859,Aman Mehta,Female,27,Ahmedabad,Gujarat,2025-09-15
CUST01860,Rohan Shah,Female,64,Hyderabad,Telangana,2023-01-19
CUST01861,Aman Patel,Female,61,Bangalore,Karnataka,2025-02-10
CUST01862,Priya Jain,Female,48,Mumbai,Maharashtra,2023-07-16
CUST01863,Priya Sharma,Other,39,Delhi,Delhi,2025-11-21
CUST01864,Aman Desai,Male,20,Bangalore,Karnataka,2025-04-07
CUST01865,Ananya Shah,Female,62,Kolkata,West Bengal,2025-09-27
CUST01866,Shreya Mehta,Female,59,Kolkata,West Bengal,2023-07-03
CUST01867,Vikram Gupta,Male,25,Ahmedabad,Gujarat,2025-01-22
CUST01868,Ananya Patel,Other,60,Delhi,Delhi,2025-09-28
CUST01869,Yash Shah,Female,62,Mumbai,Maharashtra,2025-09-09
CUST01870,Ananya Rao,Female,48,Lucknow,Uttar Pradesh,2024-01-06
CUST01871,Pooja Gupta,Male,38,Lucknow,Uttar Pradesh,2023-09-14
CUST01872,Arjun Nair,Female,62,Jaipur,Rajasthan,2024-01-14
CUST01873,Aarav Desai,Female,22,Jaipur,Rajasthan,2025-12-21
CUST01874,Yash Mishra,Male,60,Lucknow,Uttar Pradesh,2023-09-12
CUST01875,Ananya Mehta,Male,53,Lucknow,Uttar Pradesh,2024-01-04
CUST01876,Kabir Rao,Male,26,Chennai,Tamil Nadu,2023-09-09
CUST01877,Aman Shah,Other,34,Bangalore,Karnataka,2023-06-29
CUST01878,Aditi Patel,Female,41,Delhi,Delhi,2025-11-02
CUST01879,Simran Mehta,Male,37,Kolkata,West Bengal,2023-01-01
CUST01880,Aditi Kulkarni,Female,26,Pune,Maharashtra,2025-12-29
CUST01881,Aman Verma,Female,56,Chennai,Tamil Nadu,2025-12-06
CUST01882,Simran Kulkarni,Other,20,Hyderabad,Telangana,2023-07-22
CUST01883,Sneha Sharma,Female,31,Hyderabad,Telangana,2023-10-18
CUST01884,Rahul Singh,Other,40,Jaipur,Rajasthan,2024-03-18
CUST01885,Karan Mehta,Male,53,Lucknow,Uttar Pradesh,2025-05-14
CUST01886,Karan Gupta,Female,47,Kolkata,West Bengal,2023-12-01
CUST01887,Arjun Gupta,Other,31,Kolkata,West Bengal,2023-10-21
CUST01888,Arjun Khan,Other,41,Pune,Maharashtra,2024-01-30
CUST01889,Aman Khan,Female,27,Jaipur,Rajasthan,2023-12-02
CUST01890,Aditya Rao,Male,56,Kolkata,West Bengal,2025-02-15
CUST01891,Sneha Patel,Other,25,Pune,Maharashtra,2023-09-13
CUST01892,Simran Desai,Other,23,Delhi,Delhi,2024-11-05
CUST01893,Neha Jain,Male,32,Chennai,Tamil Nadu,2024-07-13
CUST01894,Karan Sharma,Male,42,Delhi,Delhi,2025-02-11
CUST01895,Ananya Rao,Other,64,Delhi,Delhi,2023-12-26
CUST01896,Isha Singh,Other,40,Ahmedabad,Gujarat,2023-07-15
CUST01897,Aman Mishra,Other,24,Pune,Maharashtra,2024-07-09
CUST01898,Aditi Mehta,Male,40,Chennai,Tamil Nadu,2025-03-08
CUST01899,Simran Kulkarni,Female,55,Lucknow,Uttar Pradesh,2025-04-04
CUST01900,Rahul Gupta,Other,27,Mumbai,Maharashtra,2025-11-17
CUST01901,Rahul Mehta,Male,64,Kolkata,West Bengal,2024-07-01
CUST01902,Neha Nair,Other,47,Hyderabad,Telangana,2025-05-06
CUST01903,Priya Verma,Other,36,Chennai,Tamil Nadu,2025-08-17
CUST01904,Karan Desai,Female,58,Jaipur,Rajasthan,2024-04-13
CUST01905,Arjun Gupta,Male,58,Kolkata,West Bengal,2024-10-02
CUST01906,Arjun Patel,Male,54,Hyderabad,Telangana,2023-07-11
CUST01907,Aditi Patel,Male,45,Pune,Maharashtra,2025-10-06
CUST01908,Yash Jain,Female,50,Bangalore,Karnataka,2025-09-09
CUST01909,Simran Nair,Male,57,Delhi,Delhi,2025-04-10
CUST01910,Rohan Jain,Other,52,Mumbai,Maharashtra,2025-05-20
CUST01911,Neha Shah,Other,46,Jaipur,Rajasthan,2023-03-28
CUST01912,Priya Khan,Male,22,Jaipur,Rajasthan,2024-04-05
CUST01913,Neha Mishra,Female,21,Bangalore,Karnataka,2025-11-18
CUST01914,Pooja Verma,Female,25,Kolkata,West Bengal,2023-12-16
CUST01915,Aditya Jain,Female,37,Hyderabad,Telangana,2023-08-30
CUST01916,Riya Gupta,Male,65,Pune,Maharashtra,2024-03-12
CUST01917,Aman Desai,Other,50,Hyderabad,Telangana,2024-09-16
CUST01918,Aditi Jain,Male,40,Ahmedabad,Gujarat,2025-09-26
CUST01919,Aarav Singh,Female,40,Ahmedabad,Gujarat,2024-11-03
CUST01920,Ananya Sharma,Female,40,Chennai,Tamil Nadu,2024-01-17
CUST01921,Aarav Patel,Male,23,Kolkata,West Bengal,2025-10-04
CUST01922,Yash Kulkarni,Male,49,Bangalore,Karnataka,2025-04-21
CUST01923,Aarav Mehta,Female,43,Pune,Maharashtra,2024-04-08
CUST01924,Neha Gupta,Male,52,Chennai,Tamil Nadu,2025-05-27
CUST01925,Karan Patel,Male,26,Ahmedabad,Gujarat,2025-06-18
CUST01926,Neha Nair,Female,63,Kolkata,West Bengal,2023-01-12
CUST01927,Rohan Patel,Male,26,Hyderabad,Telangana,2024-08-06
CUST01928,Vikram Desai,Male,60,Chennai,Tamil Nadu,2023-03-06
CUST01929,Rohan Verma,Female,49,Pune,Maharashtra,2023-09-01
CUST01930,Simran Verma,Female,50,Bangalore,Karnataka,2024-10-27
CUST01931,Vikram Mehta,Male,26,Delhi,Delhi,2023-08-09
CUST01932,Rahul Joshi,Other,33,Jaipur,Rajasthan,2023-01-28
CUST01933,Aditi Khan,Other,65,Chennai,Tamil Nadu,2025-05-29
CUST01934,Aarav Desai,Female,49,Ahmedabad,Gujarat,2024-08-15
CUST01935,Arjun Rao,Other,27,Kolkata,West Bengal,2024-05-22
CUST01936,Yash Mehta,Male,34,Hyderabad,Telangana,2024-07-29
CUST01937,Sneha Khan,Female,63,Kolkata,West Bengal,2024-02-11
CUST01938,Ananya Nair,Male,55,Jaipur,Rajasthan,2024-01-07
CUST01939,Rahul Shah,Female,20,Delhi,Delhi,2023-09-28
CUST01940,Karan Shah,Male,57,Bangalore,Karnataka,2025-05-23
CUST01941,Rohan Patel,Female,51,Mumbai,Maharashtra,2025-02-17
CUST01942,Isha Nair,Female,45,Hyderabad,Telangana,2024-03-30
CUST01943,Riya Sharma,Other,21,Jaipur,Rajasthan,2025-05-24
CUST01944,Isha Patel,Female,40,Pune,Maharashtra,2025-01-14
CUST01945,Pooja Shah,Male,20,Chennai,Tamil Nadu,2023-04-08
CUST01946,Aarav Sharma,Female,48,Chennai,Tamil Nadu,2024-03-10
CUST01947,Karan Jain,Female,29,Lucknow,Uttar Pradesh,2023-07-26
CUST01948,Karan Verma,Female,25,Chennai,Tamil Nadu,2024-11-15
CUST01949,Ananya Khan,Female,41,Mumbai,Maharashtra,2023-09-24
CUST01950,Neha Nair,Other,41,Lucknow,Uttar Pradesh,2025-12-19
CUST01951,Sneha Khan,Other,42,Pune,Maharashtra,2024-03-06
CUST01952,Arjun Jain,Other,65,Delhi,Delhi,2023-09-25
CUST01953,Shreya Patel,Male,63,Mumbai,Maharashtra,2024-01-26
CUST01954,Kabir Jain,Other,57,Delhi,Delhi,2023-06-03
CUST01955,Aditya Gupta,Other,64,Ahmedabad,Gujarat,2024-02-18
CUST01956,Rahul Sharma,Female,53,Bangalore,Karnataka,2024-01-28
CUST01957,Karan Jain,Female,46,Jaipur,Rajasthan,2024-12-12
CUST01958,Ananya Jain,Female,44,Kolkata,West Bengal,2023-05-19
CUST01959,Yash Jain,Male,56,Jaipur,Rajasthan,2023-02-14
CUST01960,Karan Nair,Male,54,Bangalore,Karnataka,2024-08-16
CUST01961,Aditi Rao,Female,61,Hyderabad,Telangana,2025-03-25
CUST01962,Simran Mishra,Male,46,Jaipur,Rajasthan,2023-06-03
CUST01963,Yash Desai,Female,56,Jaipur,Rajasthan,2025-03-10
CUST01964,Karan Shah,Male,54,Bangalore,Karnataka,2023-01-08
CUST01965,Rohan Singh,Female,50,Mumbai,Maharashtra,2025-11-16
CUST01966,Yash Gupta,Female,63,Pune,Maharashtra,2024-03-27
CUST01967,Karan Kulkarni,Male,20,Delhi,Delhi,2023-12-17
CUST01968,Simran Shah,Other,27,Pune,Maharashtra,2023-03-22
CUST01969,Karan Jain,Male,59,Bangalore,Karnataka,2024-07-07
CUST01970,Sneha Mishra,Male,18,Hyderabad,Telangana,2025-12-30
CUST01971,Neha Khan,Female,23,Lucknow,Uttar Pradesh,2025-01-25
CUST01972,Simran Gupta,Other,36,Bangalore,Karnataka,2025-04-16
CUST01973,Aditya Sharma,Male,64,Mumbai,Maharashtra,2024-12-29
CUST01974,Karan Mehta,Other,60,Pune,Maharashtra,2023-02-02
CUST01975,Aman Patel,Other,58,Kolkata,West Bengal,2024-06-11
CUST01976,Shreya Kulkarni,Male,38,Hyderabad,Telangana,2025-06-24
CUST01977,Karan Shah,Male,46,Lucknow,Uttar Pradesh,2025-03-20
CUST01978,Sneha Nair,Male,48,Kolkata,West Bengal,2025-01-24
CUST01979,Arjun Verma,Male,29,Bangalore,Karnataka,2025-07-29
CUST01980,Rohan Singh,Other,36,Ahmedabad,Gujarat,2024-01-05
CUST01981,Aarav Gupta,Female,61,Bangalore,Karnataka,2023-12-30
CUST01982,Shreya Shah,Male,45,Delhi,Delhi,2023-10-21
CUST01983,Sneha Verma,Other,51,Kolkata,West Bengal,2023-07-25
CUST01984,Rahul Nair,Female,42,Mumbai,Maharashtra,2023-07-24
CUST01985,Aarav Patel,Male,33,Mumbai,Maharashtra,2023-03-31
CUST01986,Arjun Gupta,Male,24,Bangalore,Karnataka,2023-01-28
CUST01987,Simran Nair,Male,26,Chennai,Tamil Nadu,2023-06-24
CUST01988,Riya Rao,Male,37,Lucknow,Uttar Pradesh,2025-06-28
CUST01989,Aditya Verma,Male,52,Bangalore,Karnataka,2024-05-14
CUST01990,Karan Khan,Male,20,Jaipur,Rajasthan,2023-09-10
CUST01991,Ananya Kulkarni,Other,44,Pune,Maharashtra,2023-07-30
CUST01992,Rahul Sharma,Male,45,Hyderabad,Telangana,2023-02-19
CUST01993,Vikram Mehta,Male,61,Chennai,Tamil Nadu,2024-08-10
CUST01994,Vikram Khan,Male,25,Delhi,Delhi,2025-10-04
CUST01995,Sneha Patel,Male,57,Pune,Maharashtra,2025-01-01
CUST01996,Aditya Patel,Male,56,Chennai,Tamil Nadu,2023-06-23
CUST01997,Rahul Mehta,Female,56,Kolkata,West Bengal,2025-12-22
CUST01998,Priya Khan,Other,61,Kolkata,West Bengal,2023-11-04
CUST01999,Isha Singh,Male,35,Pune,Maharashtra,2024-12-14
CUST02000,Riya Khan,Other,22,Chennai,Tamil Nadu,2024-06-27
CUST02001,Aarav Mishra,Female,27,Bangalore,Karnataka,2023-10-28
CUST02002,Vikram Verma,Male,54,Ahmedabad,Gujarat,2023-05-18
CUST02003,Pooja Nair,Male,38,Pune,Maharashtra,2023-10-24
CUST02004,Rahul Mehta,Female,49,Kolkata,West Bengal,2024-12-23
CUST02005,Pooja Verma,Male,59,Kolkata,West Bengal,2024-11-13
CUST02006,Sneha Desai,Other,52,Kolkata,West Bengal,2025-10-15
CUST02007,Riya Kulkarni,Female,23,Jaipur,Rajasthan,2024-04-16
CUST02008,Aman Nair,Other,62,Kolkata,West Bengal,2025-12-15
CUST02009,Sneha Nair,Female,18,Delhi,Delhi,2024-04-26
CUST02010,Rohan Mishra,Other,48,Mumbai,Maharashtra,2025-01-12
CUST02011,Rahul Jain,Female,41,Delhi,Delhi,2023-05-03
CUST02012,Rahul Gupta,Other,44,Ahmedabad,Gujarat,2023-10-23
CUST02013,Sneha Shah,Other,26,Hyderabad,Telangana,2023-04-25
CUST02014,Ananya Nair,Other,19,Bangalore,Karnataka,2025-02-12
CUST02015,Pooja Joshi,Other,55,Mumbai,Maharashtra,2023-08-06
CUST02016,Arjun Verma,Male,27,Lucknow,Uttar Pradesh,2023-11-20
CUST02017,Neha Mehta,Male,18,Delhi,Delhi,2024-05-16
CUST02018,Aman Mishra,Male,48,Kolkata,West Bengal,2023-11-03
CUST02019,Rahul Nair,Female,44,Jaipur,Rajasthan,2024-09-05
CUST02020,Aditya Verma,Male,27,Mumbai,Maharashtra,2024-08-10
CUST02021,Aditi Jain,Other,28,Mumbai,Maharashtra,2023-12-22
CUST02022,Aarav Desai,Other,63,Kolkata,West Bengal,2025-07-19
CUST02023,Karan Jain,Female,63,Lucknow,Uttar Pradesh,2025-10-24
CUST02024,Sneha Desai,Male,51,Bangalore,Karnataka,2024-07-10
CUST02025,Vikram Mehta,Other,21,Hyderabad,Telangana,2025-03-31
CUST02026,Sneha Desai,Other,47,Bangalore,Karnataka,2023-06-08
CUST02027,Riya Joshi,Male,21,Kolkata,West Bengal,2025-02-18
CUST02028,Neha Khan,Female,24,Kolkata,West Bengal,2024-02-03
CUST02029,Ananya Patel,Male,33,Chennai,Tamil Nadu,2024-11-18
CUST02030,Isha Mehta,Male,31,Jaipur,Rajasthan,2023-08-07
CUST02031,Shreya Sharma,Other,30,Pune,Maharashtra,2024-01-20
CUST02032,Aditi Shah,Other,54,Pune,Maharashtra,2023-06-24
CUST02033,Aditi Singh,Male,38,Ahmedabad,Gujarat,2023-04-04
CUST02034,Arjun Gupta,Female,43,Mumbai,Maharashtra,2024-12-31
CUST02035,Yash Shah,Other,40,Chennai,Tamil Nadu,2025-03-11
CUST02036,Rahul Nair,Female,65,Delhi,Delhi,2024-11-09
CUST02037,Yash Patel,Male,55,Jaipur,Rajasthan,2023-11-04
CUST02038,Vikram Verma,Female,28,Lucknow,Uttar Pradesh,2023-03-18
CUST02039,Rahul Khan,Other,23,Ahmedabad,Gujarat,2023-06-11
CUST02040,Sneha Jain,Other,28,Hyderabad,Telangana,2023-10-16
CUST02041,Yash Kulkarni,Female,46,Lucknow,Uttar Pradesh,2025-12-07
CUST02042,Rahul Joshi,Other,45,Pune,Maharashtra,2025-01-07
CUST02043,Aditi Jain,Male,57,Kolkata,West Bengal,2024-05-04
CUST02044,Shreya Patel,Male,18,Bangalore,Karnataka,2025-10-15
CUST02045,Rahul Rao,Female,24,Pune,Maharashtra,2023-06-28
CUST02046,Kabir Joshi,Male,22,Bangalore,Karnataka,2024-08-28
CUST02047,Karan Singh,Male,22,Chennai,Tamil Nadu,2024-12-24
CUST02048,Priya Nair,Female,34,Ahmedabad,Gujarat,2024-06-12
CUST02049,Kabir Khan,Other,49,Bangalore,Karnataka,2023-09-11
CUST02050,Aditi Joshi,Female,57,Pune,Maharashtra,2025-04-01
CUST02051,Rahul Verma,Other,38,Chennai,Tamil Nadu,2025-11-15
CUST02052,Neha Patel,Female,34,Kolkata,West Bengal,2025-11-02
CUST02053,Aditi Singh,Other,53,Mumbai,Maharashtra,2024-05-16
CUST02054,Aarav Mehta,Female,28,Delhi,Delhi,2024-08-18
CUST02055,Aman Desai,Female,47,Delhi,Delhi,2024-04-01
CUST02056,Arjun Joshi,Other,52,Ahmedabad,Gujarat,2025-08-17
CUST02057,Kabir Patel,Other,24,Delhi,Delhi,2024-01-05
CUST02058,Vikram Rao,Female,39,Kolkata,West Bengal,2024-02-13
CUST02059,Arjun Joshi,Male,62,Chennai,Tamil Nadu,2025-09-22
CUST02060,Riya Patel,Male,52,Pune,Maharashtra,2025-07-19
CUST02061,Rahul Verma,Female,54,Bangalore,Karnataka,2024-03-13
CUST02062,Aditi Singh,Female,45,Kolkata,West Bengal,2023-05-08
CUST02063,Riya Shah,Male,61,Mumbai,Maharashtra,2024-03-09
CUST02064,Pooja Gupta,Male,27,Pune,Maharashtra,2023-12-27
CUST02065,Arjun Gupta,Female,63,Kolkata,West Bengal,2023-06-17
CUST02066,Kabir Mishra,Male,60,Kolkata,West Bengal,2025-12-10
CUST02067,Karan Mehta,Female,39,Mumbai,Maharashtra,2023-07-09
CUST02068,Isha Mehta,Female,48,Hyderabad,Telangana,2024-12-16
CUST02069,Riya Kulkarni,Female,62,Bangalore,Karnataka,2025-06-13
CUST02070,Aman Desai,Male,64,Mumbai,Maharashtra,2024-02-11
CUST02071,Aman Singh,Other,64,Bangalore,Karnataka,2024-10-25
CUST02072,Aditya Sharma,Male,49,Bangalore,Karnataka,2025-07-28
CUST02073,Aditya Patel,Other,64,Kolkata,West Bengal,2024-06-22
CUST02074,Aarav Verma,Other,55,Bangalore,Karnataka,2025-07-09
CUST02075,Ananya Sharma,Female,62,Hyderabad,Telangana,2024-01-20
CUST02076,Simran Rao,Male,40,Bangalore,Karnataka,2025-02-12
CUST02077,Rohan Shah,Female,41,Lucknow,Uttar Pradesh,2023-01-30
CUST02078,Aarav Gupta,Male,62,Pune,Maharashtra,2025-10-25
CUST02079,Riya Khan,Female,40,Ahmedabad,Gujarat,2025-04-27
CUST02080,Neha Mishra,Other,39,Jaipur,Rajasthan,2025-05-22
CUST02081,Ananya Jain,Female,41,Bangalore,Karnataka,2025-07-28
CUST02082,Priya Kulkarni,Other,45,Lucknow,Uttar Pradesh,2023-11-30
CUST02083,Vikram Gupta,Other,57,Kolkata,West Bengal,2024-08-03
CUST02084,Ananya Patel,Other,19,Delhi,Delhi,2023-07-03
CUST02085,Shreya Jain,Female,65,Kolkata,West Bengal,2023-08-01
CUST02086,Shreya Jain,Other,46,Jaipur,Rajasthan,2023-07-24
CUST02087,Yash Singh,Female,31,Mumbai,Maharashtra,2024-08-16
CUST02088,Sneha Rao,Male,30,Ahmedabad,Gujarat,2025-02-19
CUST02089,Riya Patel,Female,59,Chennai,Tamil Nadu,2025-08-08
CUST02090,Vikram Sharma,Other,36,Chennai,Tamil Nadu,2024-04-03
CUST02091,Karan Jain,Female,61,Pune,Maharashtra,2024-09-21
CUST02092,Sneha Sharma,Male,19,Kolkata,West Bengal,2023-03-08
CUST02093,Rahul Rao,Other,56,Chennai,Tamil Nadu,2025-11-28
CUST02094,Aditya Joshi,Male,53,Bangalore,Karnataka,2025-05-30
CUST02095,Vikram Shah,Male,54,Lucknow,Uttar Pradesh,2025-03-16
CUST02096,Pooja Mehta,Female,38,Kolkata,West Bengal,2023-12-22
CUST02097,Yash Mehta,Male,63,Kolkata,West Bengal,2024-04-18
CUST02098,Rahul Kulkarni,Other,34,Delhi,Delhi,2025-03-13
CUST02099,Simran Mehta,Male,23,Chennai,Tamil Nadu,2024-02-22
CUST02100,Aarav Desai,Male,57,Mumbai,Maharashtra,2023-11-10
CUST02101,Simran Jain,Male,65,Delhi,Delhi,2025-02-22
CUST02102,Rahul Verma,Male,59,Chennai,Tamil Nadu,2024-01-18
CUST02103,Sneha Gupta,Other,42,Hyderabad,Telangana,2024-05-17
CUST02104,Karan Khan,Male,27,Mumbai,Maharashtra,2024-07-17
CUST02105,Aarav Khan,Male,47,Lucknow,Uttar Pradesh,2023-07-31
CUST02106,Shreya Patel,Female,34,Delhi,Delhi,2023-10-18
CUST02107,Priya Patel,Female,31,Delhi,Delhi,2025-10-09
CUST02108,Vikram Patel,Female,22,Ahmedabad,Gujarat,2023-02-14
CUST02109,Riya Khan,Other,44,Delhi,Delhi,2024-03-06
CUST02110,Vikram Jain,Male,29,Chennai,Tamil Nadu,2025-07-12
CUST02111,Isha Sharma,Male,39,Bangalore,Karnataka,2023-03-06
CUST02112,Neha Verma,Male,51,Lucknow,Uttar Pradesh,2023-01-11
CUST02113,Karan Jain,Other,19,Delhi,Delhi,2024-01-30
CUST02114,Simran Sharma,Male,31,Jaipur,Rajasthan,2025-11-14
CUST02115,Neha Patel,Female,26,Hyderabad,Telangana,2023-03-02
CUST02116,Sneha Patel,Female,48,Bangalore,Karnataka,2024-07-02
CUST02117,Rohan Patel,Female,65,Chennai,Tamil Nadu,2024-08-25
CUST02118,Riya Desai,Male,34,Jaipur,Rajasthan,2025-03-30
CUST02119,Priya Shah,Male,55,Pune,Maharashtra,2025-03-15
CUST02120,Aman Gupta,Other,49,Bangalore,Karnataka,2024-02-26
CUST02121,Pooja Jain,Other,65,Ahmedabad,Gujarat,2025-05-17
CUST02122,Karan Mishra,Other,42,Chennai,Tamil Nadu,2023-08-09
CUST02123,Pooja Shah,Female,58,Lucknow,Uttar Pradesh,2024-12-23
CUST02124,Arjun Verma,Other,34,Bangalore,Karnataka,2023-03-11
CUST02125,Aman Desai,Female,43,Pune,Maharashtra,2025-12-22
CUST02126,Aarav Patel,Female,29,Bangalore,Karnataka,2024-10-22
CUST02127,Neha Shah,Other,41,Delhi,Delhi,2024-03-16
CUST02128,Neha Mehta,Male,38,Chennai,Tamil Nadu,2023-09-08
CUST02129,Aarav Nair,Female,54,Chennai,Tamil Nadu,2024-03-13
CUST02130,Aditya Jain,Female,36,Hyderabad,Telangana,2023-05-16
CUST02131,Shreya Shah,Male,53,Jaipur,Rajasthan,2024-03-21
CUST02132,Karan Nair,Other,59,Lucknow,Uttar Pradesh,2023-06-03
CUST02133,Pooja Khan,Female,30,Kolkata,West Bengal,2024-10-12
CUST02134,Rohan Sharma,Male,35,Ahmedabad,Gujarat,2025-10-18
CUST02135,Pooja Patel,Male,56,Delhi,Delhi,2025-07-16
CUST02136,Aditya Singh,Other,19,Kolkata,West Bengal,2024-04-29
CUST02137,Isha Sharma,Female,36,Lucknow,Uttar Pradesh,2023-01-10
CUST02138,Rahul Mishra,Other,51,Kolkata,West Bengal,2023-03-17
CUST02139,Aditi Joshi,Female,24,Mumbai,Maharashtra,2023-05-23
CUST02140,Pooja Nair,Female,40,Pune,Maharashtra,2024-07-16
CUST02141,Vikram Patel,Female,57,Jaipur,Rajasthan,2024-10-03
CUST02142,Aditi Desai,Female,59,Pune,Maharashtra,2025-07-19
CUST02143,Ananya Mishra,Male,32,Chennai,Tamil Nadu,2023-07-30
CUST02144,Aditi Mishra,Male,38,Mumbai,Maharashtra,2023-10-12
CUST02145,Pooja Shah,Male,64,Bangalore,Karnataka,2023-06-30
CUST02146,Neha Mishra,Other,21,Jaipur,Rajasthan,2023-01-11
CUST02147,Karan Jain,Male,37,Mumbai,Maharashtra,2023-08-15
CUST02148,Arjun Gupta,Female,62,Chennai,Tamil Nadu,2025-02-16
CUST02149,Priya Jain,Male,26,Bangalore,Karnataka,2025-08-01
CUST02150,Aditya Mishra,Other,46,Bangalore,Karnataka,2025-04-26
CUST02151,Ananya Kulkarni,Other,48,Jaipur,Rajasthan,2024-05-07
CUST02152,Riya Gupta,Male,23,Chennai,Tamil Nadu,2025-09-15
CUST02153,Karan Rao,Female,53,Pune,Maharashtra,2023-06-19
CUST02154,Sneha Khan,Male,49,Hyderabad,Telangana,2023-06-09
CUST02155,Aditi Shah,Female,42,Mumbai,Maharashtra,2024-03-18
CUST02156,Rohan Verma,Male,55,Delhi,Delhi,2024-11-28
CUST02157,Yash Kulkarni,Other,47,Chennai,Tamil Nadu,2024-09-30
CUST02158,Rahul Mishra,Male,32,Jaipur,Rajasthan,2023-08-05
CUST02159,Neha Desai,Male,43,Ahmedabad,Gujarat,2025-11-17
CUST02160,Rohan Patel,Male,61,Pune,Maharashtra,2025-05-16
CUST02161,Isha Mishra,Male,47,Lucknow,Uttar Pradesh,2023-07-29
CUST02162,Ananya Nair,Male,47,Delhi,Delhi,2024-05-07
CUST02163,Priya Gupta,Other,51,Mumbai,Maharashtra,2025-09-02
CUST02164,Kabir Joshi,Other,23,Pune,Maharashtra,2023-08-31
CUST02165,Neha Desai,Female,50,Hyderabad,Telangana,2023-11-05
CUST02166,Pooja Kulkarni,Female,35,Chennai,Tamil Nadu,2023-04-19
CUST02167,Neha Patel,Other,45,Mumbai,Maharashtra,2025-02-22
CUST02168,Rohan Gupta,Male,56,Hyderabad,Telangana,2025-04-04
CUST02169,Karan Kulkarni,Other,45,Lucknow,Uttar Pradesh,2025-10-07
CUST02170,Ananya Khan,Male,32,Mumbai,Maharashtra,2024-05-24
CUST02171,Ananya Sharma,Male,22,Mumbai,Maharashtra,2024-06-29
CUST02172,Simran Patel,Other,62,Pune,Maharashtra,2024-04-08
CUST02173,Vikram Desai,Male,64,Kolkata,West Bengal,2023-07-27
CUST02174,Karan Verma,Male,40,Hyderabad,Telangana,2023-12-17
CUST02175,Isha Nair,Other,18,Lucknow,Uttar Pradesh,2024-08-12
CUST02176,Ananya Mehta,Other,37,Jaipur,Rajasthan,2025-09-03
CUST02177,Sneha Mehta,Male,29,Chennai,Tamil Nadu,2023-05-23
CUST02178,Aditya Jain,Male,60,Ahmedabad,Gujarat,2023-10-18
CUST02179,Riya Desai,Male,34,Chennai,Tamil Nadu,2023-02-12
CUST02180,Arjun Mehta,Female,55,Mumbai,Maharashtra,2024-12-22
CUST02181,Aarav Verma,Male,20,Hyderabad,Telangana,2025-08-25
CUST02182,Aarav Singh,Other,50,Pune,Maharashtra,2024-04-12
CUST02183,Priya Rao,Male,37,Bangalore,Karnataka,2023-07-12
CUST02184,Aditya Verma,Other,34,Ahmedabad,Gujarat,2024-12-19
CUST02185,Riya Gupta,Male,40,Chennai,Tamil Nadu,2025-07-28
CUST02186,Isha Nair,Other,56,Chennai,Tamil Nadu,2025-11-26
CUST02187,Riya Patel,Other,58,Pune,Maharashtra,2025-11-29
CUST02188,Aarav Mehta,Other,27,Kolkata,West Bengal,2024-03-27
CUST02189,Neha Verma,Other,65,Mumbai,Maharashtra,2024-05-15
CUST02190,Pooja Joshi,Male,42,Hyderabad,Telangana,2023-07-02
CUST02191,Ananya Gupta,Other,29,Jaipur,Rajasthan,2025-07-09
CUST02192,Karan Jain,Female,55,Chennai,Tamil Nadu,2024-11-09
CUST02193,Pooja Gupta,Male,55,Pune,Maharashtra,2024-01-26
CUST02194,Yash Nair,Female,47,Chennai,Tamil Nadu,2023-09-09
CUST02195,Aman Rao,Male,18,Chennai,Tamil Nadu,2024-08-13
CUST02196,Riya Jain,Other,27,Bangalore,Karnataka,2025-08-13
CUST02197,Yash Gupta,Female,49,Lucknow,Uttar Pradesh,2023-11-30
CUST02198,Isha Patel,Female,20,Pune,Maharashtra,2023-02-01
CUST02199,Rohan Gupta,Male,49,Lucknow,Uttar Pradesh,2023-09-10
CUST02200,Isha Sharma,Other,18,Kolkata,West Bengal,2024-12-22
CUST02201,Aditi Gupta,Female,50,Bangalore,Karnataka,2024-12-18
CUST02202,Simran Mehta,Male,64,Delhi,Delhi,2024-07-08
CUST02203,Rohan Desai,Female,32,Lucknow,Uttar Pradesh,2023-06-15
CUST02204,Aditi Verma,Other,58,Chennai,Tamil Nadu,2024-05-24
CUST02205,Vikram Desai,Female,37,Kolkata,West Bengal,2023-07-20
CUST02206,Shreya Gupta,Other,38,Bangalore,Karnataka,2025-06-11
CUST02207,Aman Mehta,Male,44,Hyderabad,Telangana,2024-05-27
CUST02208,Simran Shah,Male,37,Pune,Maharashtra,2024-09-16
CUST02209,Aman Jain,Female,45,Ahmedabad,Gujarat,2024-01-11
CUST02210,Ananya Mehta,Other,38,Jaipur,Rajasthan,2025-06-24
CUST02211,Yash Jain,Female,45,Chennai,Tamil Nadu,2025-08-17
CUST02212,Kabir Desai,Male,53,Kolkata,West Bengal,2025-08-02
CUST02213,Aarav Rao,Male,57,Kolkata,West Bengal,2023-07-01
CUST02214,Isha Rao,Female,26,Hyderabad,Telangana,2025-11-14
CUST02215,Shreya Kulkarni,Male,43,Lucknow,Uttar Pradesh,2024-08-23
CUST02216,Rahul Desai,Other,47,Mumbai,Maharashtra,2025-08-05
CUST02217,Aditi Patel,Other,24,Mumbai,Maharashtra,2024-07-07
CUST02218,Aditya Singh,Other,48,Delhi,Delhi,2024-08-18
CUST02219,Aditya Mishra,Other,55,Mumbai,Maharashtra,2023-09-06
CUST02220,Yash Nair,Other,27,Mumbai,Maharashtra,2024-02-24
CUST02221,Simran Nair,Male,61,Ahmedabad,Gujarat,2023-10-07
CUST02222,Rahul Gupta,Female,57,Pune,Maharashtra,2023-01-14
CUST02223,Rohan Patel,Male,56,Delhi,Delhi,2023-01-01
CUST02224,Ananya Kulkarni,Male,24,Delhi,Delhi,2024-05-21
CUST02225,Riya Sharma,Female,21,Jaipur,Rajasthan,2025-06-27
CUST02226,Ananya Gupta,Male,33,Kolkata,West Bengal,2025-09-17
CUST02227,Simran Gupta,Other,57,Lucknow,Uttar Pradesh,2025-06-18
CUST02228,Ananya Desai,Male,27,Bangalore,Karnataka,2023-02-14
CUST02229,Sneha Mehta,Female,48,Jaipur,Rajasthan,2024-02-15
CUST02230,Isha Gupta,Female,60,Delhi,Delhi,2025-10-06
CUST02231,Karan Desai,Female,44,Kolkata,West Bengal,2023-08-08
CUST02232,Pooja Mehta,Female,25,Mumbai,Maharashtra,2024-08-03
CUST02233,Aman Desai,Male,59,Mumbai,Maharashtra,2024-09-12
CUST02234,Shreya Verma,Male,47,Mumbai,Maharashtra,2024-12-27
CUST02235,Kabir Gupta,Female,50,Mumbai,Maharashtra,2023-11-21
CUST02236,Yash Shah,Female,50,Chennai,Tamil Nadu,2025-12-11
CUST02237,Arjun Mehta,Other,64,Bangalore,Karnataka,2024-12-21
CUST02238,Aman Joshi,Female,60,Ahmedabad,Gujarat,2023-10-14
CUST02239,Isha Jain,Other,48,Kolkata,West Bengal,2023-05-20
CUST02240,Vikram Verma,Other,63,Lucknow,Uttar Pradesh,2024-01-05
CUST02241,Yash Rao,Male,62,Jaipur,Rajasthan,2024-06-14
CUST02242,Aditya Singh,Other,57,Lucknow,Uttar Pradesh,2024-12-13
CUST02243,Vikram Patel,Other,28,Mumbai,Maharashtra,2023-03-02
CUST02244,Sneha Patel,Other,48,Delhi,Delhi,2025-10-19
CUST02245,Aditya Rao,Male,29,Hyderabad,Telangana,2024-04-29
CUST02246,Vikram Rao,Male,57,Kolkata,West Bengal,2023-05-12
CUST02247,Karan Patel,Female,41,Mumbai,Maharashtra,2023-05-30
CUST02248,Shreya Khan,Female,24,Mumbai,Maharashtra,2023-12-23
CUST02249,Kabir Desai,Male,34,Bangalore,Karnataka,2024-02-14
CUST02250,Riya Verma,Male,65,Pune,Maharashtra,2024-04-06
CUST02251,Priya Desai,Male,55,Jaipur,Rajasthan,2024-01-29
CUST02252,Aarav Khan,Male,26,Delhi,Delhi,2024-02-21
CUST02253,Aarav Joshi,Female,29,Kolkata,West Bengal,2023-05-28
CUST02254,Yash Verma,Other,48,Hyderabad,Telangana,2024-02-29
CUST02255,Yash Joshi,Male,46,Chennai,Tamil Nadu,2023-10-10
CUST02256,Pooja Khan,Other,23,Kolkata,West Bengal,2023-05-26
CUST02257,Rahul Rao,Male,25,Jaipur,Rajasthan,2024-09-02
CUST02258,Riya Shah,Male,32,Mumbai,Maharashtra,2024-11-08
CUST02259,Isha Jain,Other,40,Pune,Maharashtra,2025-03-10
CUST02260,Arjun Mishra,Male,52,Bangalore,Karnataka,2024-08-12
CUST02261,Aman Shah,Female,43,Jaipur,Rajasthan,2025-10-21
CUST02262,Shreya Sharma,Other,48,Jaipur,Rajasthan,2023-08-16
CUST02263,Karan Khan,Female,44,Mumbai,Maharashtra,2023-03-08
CUST02264,Karan Shah,Male,31,Chennai,Tamil Nadu,2023-05-02
CUST02265,Simran Mishra,Male,49,Chennai,Tamil Nadu,2023-05-08
CUST02266,Arjun Rao,Female,22,Lucknow,Uttar Pradesh,2023-03-14
CUST02267,Pooja Singh,Other,48,Lucknow,Uttar Pradesh,2023-06-15
CUST02268,Rahul Gupta,Male,49,Mumbai,Maharashtra,2023-08-02
CUST02269,Yash Shah,Female,37,Chennai,Tamil Nadu,2025-06-02
CUST02270,Sneha Sharma,Male,52,Mumbai,Maharashtra,2023-02-23
CUST02271,Shreya Mishra,Other,48,Kolkata,West Bengal,2023-02-07
CUST02272,Aditi Desai,Female,62,Kolkata,West Bengal,2023-09-14
CUST02273,Pooja Kulkarni,Female,25,Bangalore,Karnataka,2023-08-25
CUST02274,Shreya Jain,Male,39,Chennai,Tamil Nadu,2024-12-21
CUST02275,Pooja Jain,Male,23,Mumbai,Maharashtra,2024-05-02
CUST02276,Aman Sharma,Other,52,Hyderabad,Telangana,2025-04-25
CUST02277,Aman Sharma,Male,22,Mumbai,Maharashtra,2024-05-26
CUST02278,Aditi Mehta,Female,20,Ahmedabad,Gujarat,2024-01-05
CUST02279,Aditya Joshi,Female,26,Lucknow,Uttar Pradesh,2024-05-15
CUST02280,Shreya Desai,Other,22,Ahmedabad,Gujarat,2023-09-08
CUST02281,Arjun Gupta,Female,63,Jaipur,Rajasthan,2024-02-26
CUST02282,Neha Jain,Other,37,Hyderabad,Telangana,2025-06-27
CUST02283,Neha Rao,Other,33,Jaipur,Rajasthan,2024-08-22
CUST02284,Yash Jain,Other,52,Pune,Maharashtra,2024-10-15
CUST02285,Yash Patel,Female,63,Mumbai,Maharashtra,2024-12-10
CUST02286,Shreya Verma,Male,26,Pune,Maharashtra,2023-06-10
CUST02287,Yash Shah,Male,41,Pune,Maharashtra,2024-03-07
CUST02288,Rahul Sharma,Other,47,Hyderabad,Telangana,2025-06-20
CUST02289,Ananya Sharma,Female,35,Ahmedabad,Gujarat,2023-03-11
CUST02290,Aman Desai,Male,35,Pune,Maharashtra,2023-06-23
CUST02291,Shreya Desai,Female,42,Ahmedabad,Gujarat,2023-02-08
CUST02292,Kabir Sharma,Female,29,Hyderabad,Telangana,2024-02-26
CUST02293,Pooja Kulkarni,Male,52,Mumbai,Maharashtra,2024-09-16
CUST02294,Neha Jain,Female,55,Mumbai,Maharashtra,2024-11-19
CUST02295,Rohan Rao,Other,57,Mumbai,Maharashtra,2024-11-29
CUST02296,Pooja Mishra,Male,53,Kolkata,West Bengal,2023-04-27
CUST02297,Vikram Nair,Female,45,Pune,Maharashtra,2025-12-31
CUST02298,Aman Nair,Female,28,Lucknow,Uttar Pradesh,2025-11-28
CUST02299,Vikram Verma,Male,35,Hyderabad,Telangana,2023-09-28
CUST02300,Karan Patel,Female,54,Hyderabad,Telangana,2024-08-28
CUST02301,Vikram Sharma,Female,35,Lucknow,Uttar Pradesh,2024-07-15
CUST02302,Karan Rao,Male,37,Lucknow,Uttar Pradesh,2023-01-26
CUST02303,Aman Khan,Male,46,Chennai,Tamil Nadu,2024-06-25
CUST02304,Kabir Sharma,Female,20,Ahmedabad,Gujarat,2023-01-19
CUST02305,Neha Verma,Female,21,Jaipur,Rajasthan,2024-03-22
CUST02306,Aman Patel,Male,46,Pune,Maharashtra,2024-10-05
CUST02307,Priya Gupta,Female,26,Pune,Maharashtra,2024-06-15
CUST02308,Sneha Khan,Other,59,Bangalore,Karnataka,2023-10-28
CUST02309,Aditi Shah,Male,61,Delhi,Delhi,2023-03-20
CUST02310,Yash Mishra,Male,53,Ahmedabad,Gujarat,2024-10-11
CUST02311,Sneha Sharma,Male,61,Pune,Maharashtra,2024-06-11
CUST02312,Neha Kulkarni,Female,24,Mumbai,Maharashtra,2024-04-25
CUST02313,Arjun Kulkarni,Other,22,Ahmedabad,Gujarat,2023-08-20
CUST02314,Sneha Shah,Other,44,Chennai,Tamil Nadu,2025-01-30
CUST02315,Arjun Khan,Male,19,Kolkata,West Bengal,2024-08-02
CUST02316,Aditya Singh,Female,59,Chennai,Tamil Nadu,2024-11-17
CUST02317,Neha Verma,Male,41,Pune,Maharashtra,2023-03-05
CUST02318,Aditi Gupta,Male,56,Bangalore,Karnataka,2023-02-22
CUST02319,Rohan Rao,Other,65,Chennai,Tamil Nadu,2025-11-12
CUST02320,Yash Rao,Male,42,Lucknow,Uttar Pradesh,2024-12-05
CUST02321,Aman Sharma,Other,23,Bangalore,Karnataka,2025-02-19
CUST02322,Arjun Jain,Other,58,Hyderabad,Telangana,2025-10-28
CUST02323,Simran Nair,Other,21,Kolkata,West Bengal,2023-09-06
CUST02324,Shreya Verma,Female,38,Jaipur,Rajasthan,2025-12-01
CUST02325,Karan Shah,Male,39,Lucknow,Uttar Pradesh,2024-08-23
CUST02326,Sneha Rao,Female,38,Chennai,Tamil Nadu,2024-04-17
CUST02327,Ananya Nair,Other,44,Hyderabad,Telangana,2025-06-30
CUST02328,Neha Patel,Male,41,Chennai,Tamil Nadu,2025-11-01
CUST02329,Riya Singh,Female,32,Hyderabad,Telangana,2025-07-08
CUST02330,Aman Mishra,Female,61,Bangalore,Karnataka,2024-05-16
CUST02331,Aman Khan,Female,39,Bangalore,Karnataka,2024-06-17
CUST02332,Aditya Patel,Female,50,Delhi,Delhi,2025-04-16
CUST02333,Rahul Singh,Male,47,Ahmedabad,Gujarat,2024-02-10
CUST02334,Aarav Mehta,Female,53,Delhi,Delhi,2025-05-07
CUST02335,Riya Nair,Male,45,Delhi,Delhi,2023-09-16
CUST02336,Aarav Nair,Male,50,Bangalore,Karnataka,2023-05-30
CUST02337,Yash Jain,Female,26,Kolkata,West Bengal,2025-05-14
CUST02338,Vikram Nair,Other,36,Jaipur,Rajasthan,2024-05-09
CUST02339,Ananya Joshi,Other,20,Chennai,Tamil Nadu,2023-08-09
CUST02340,Arjun Nair,Female,58,Chennai,Tamil Nadu,2025-07-08
CUST02341,Kabir Nair,Female,62,Kolkata,West Bengal,2024-08-15
CUST02342,Rahul Nair,Male,27,Bangalore,Karnataka,2025-11-09
CUST02343,Aarav Singh,Other,59,Lucknow,Uttar Pradesh,2025-01-27
CUST02344,Kabir Desai,Male,50,Chennai,Tamil Nadu,2025-06-17
CUST02345,Aman Gupta,Female,49,Delhi,Delhi,2024-04-20
CUST02346,Aditya Sharma,Other,55,Lucknow,Uttar Pradesh,2025-11-26
CUST02347,Yash Mishra,Female,42,Kolkata,West Bengal,2024-08-07
CUST02348,Aditya Rao,Male,65,Bangalore,Karnataka,2023-10-21
CUST02349,Rohan Desai,Other,57,Jaipur,Rajasthan,2024-07-23
CUST02350,Aditya Patel,Male,25,Chennai,Tamil Nadu,2024-08-06
CUST02351,Isha Gupta,Male,28,Ahmedabad,Gujarat,2025-06-17
CUST02352,Isha Jain,Male,60,Pune,Maharashtra,2023-08-06
CUST02353,Karan Mehta,Other,50,Delhi,Delhi,2024-02-28
CUST02354,Priya Sharma,Other,52,Lucknow,Uttar Pradesh,2023-03-23
CUST02355,Rohan Sharma,Female,31,Ahmedabad,Gujarat,2023-02-22
CUST02356,Isha Singh,Other,26,Kolkata,West Bengal,2025-06-30
CUST02357,Kabir Gupta,Female,45,Delhi,Delhi,2023-09-03
CUST02358,Riya Gupta,Female,64,Delhi,Delhi,2023-10-08
CUST02359,Ananya Joshi,Other,22,Delhi,Delhi,2024-03-31
CUST02360,Aditya Mehta,Female,47,Jaipur,Rajasthan,2024-11-17
CUST02361,Yash Khan,Male,45,Delhi,Delhi,2024-10-06
CUST02362,Ananya Jain,Male,53,Jaipur,Rajasthan,2024-10-12
CUST02363,Aditi Khan,Male,55,Mumbai,Maharashtra,2024-05-18
CUST02364,Vikram Mishra,Female,48,Hyderabad,Telangana,2024-02-05
CUST02365,Rahul Verma,Female,26,Bangalore,Karnataka,2025-10-14
CUST02366,Rohan Khan,Other,65,Delhi,Delhi,2025-11-23
CUST02367,Rohan Sharma,Female,53,Kolkata,West Bengal,2023-05-18
CUST02368,Shreya Shah,Female,62,Bangalore,Karnataka,2023-03-21
CUST02369,Karan Singh,Other,40,Kolkata,West Bengal,2024-04-25
CUST02370,Riya Kulkarni,Male,36,Bangalore,Karnataka,2024-09-06
CUST02371,Riya Verma,Other,48,Kolkata,West Bengal,2025-01-01
CUST02372,Isha Patel,Female,44,Hyderabad,Telangana,2023-08-19
CUST02373,Kabir Joshi,Male,29,Hyderabad,Telangana,2025-05-20
CUST02374,Kabir Joshi,Other,43,Delhi,Delhi,2024-12-12
CUST02375,Rahul Rao,Other,44,Ahmedabad,Gujarat,2025-09-28
CUST02376,Sneha Sharma,Other,31,Pune,Maharashtra,2024-07-02
CUST02377,Pooja Sharma,Female,61,Jaipur,Rajasthan,2024-10-23
CUST02378,Aditya Desai,Female,43,Kolkata,West Bengal,2025-06-24
CUST02379,Karan Jain,Female,64,Mumbai,Maharashtra,2024-07-03
CUST02380,Sneha Joshi,Female,44,Mumbai,Maharashtra,2024-09-23
CUST02381,Sneha Singh,Other,25,Bangalore,Karnataka,2024-02-27
CUST02382,Shreya Singh,Other,52,Chennai,Tamil Nadu,2023-09-22
CUST02383,Aarav Nair,Male,63,Mumbai,Maharashtra,2025-02-15
CUST02384,Aditya Jain,Other,21,Chennai,Tamil Nadu,2023-05-10
CUST02385,Yash Shah,Male,52,Chennai,Tamil Nadu,2024-02-11
CUST02386,Vikram Mishra,Male,41,Hyderabad,Telangana,2024-08-17
CUST02387,Aditya Desai,Male,20,Hyderabad,Telangana,2024-05-24
CUST02388,Aarav Rao,Other,43,Jaipur,Rajasthan,2023-07-29
CUST02389,Riya Sharma,Female,19,Bangalore,Karnataka,2024-08-02
CUST02390,Sneha Khan,Female,65,Hyderabad,Telangana,2023-03-11
CUST02391,Ananya Mishra,Male,65,Kolkata,West Bengal,2025-03-31
CUST02392,Karan Mishra,Male,50,Delhi,Delhi,2023-06-06
CUST02393,Pooja Sharma,Male,65,Mumbai,Maharashtra,2023-11-07
CUST02394,Aman Rao,Other,37,Kolkata,West Bengal,2024-02-02
CUST02395,Aditya Desai,Female,35,Jaipur,Rajasthan,2023-02-17
CUST02396,Kabir Shah,Other,54,Delhi,Delhi,2024-06-25
CUST02397,Riya Desai,Male,32,Pune,Maharashtra,2025-05-29
CUST02398,Pooja Kulkarni,Female,62,Pune,Maharashtra,2025-09-16
CUST02399,Simran Kulkarni,Male,49,Hyderabad,Telangana,2025-02-22
CUST02400,Vikram Joshi,Female,32,Jaipur,Rajasthan,2023-08-10
CUST02401,Aman Sharma,Female,41,Kolkata,West Bengal,2024-04-20
CUST02402,Riya Singh,Female,27,Delhi,Delhi,2024-09-28
CUST02403,Arjun Patel,Male,49,Jaipur,Rajasthan,2023-12-13
CUST02404,Aman Shah,Female,57,Delhi,Delhi,2023-10-17
CUST02405,Riya Kulkarni,Male,49,Lucknow,Uttar Pradesh,2024-04-21
CUST02406,Karan Desai,Male,20,Pune,Maharashtra,2024-11-22
CUST02407,Aditya Nair,Male,35,Lucknow,Uttar Pradesh,2025-04-12
CUST02408,Rohan Rao,Other,49,Jaipur,Rajasthan,2025-09-27
CUST02409,Aditya Khan,Female,63,Hyderabad,Telangana,2024-10-21
CUST02410,Riya Kulkarni,Male,45,Jaipur,Rajasthan,2023-06-16
CUST02411,Arjun Desai,Male,51,Bangalore,Karnataka,2023-01-28
CUST02412,Ananya Mehta,Male,20,Hyderabad,Telangana,2025-06-15
CUST02413,Pooja Verma,Female,26,Bangalore,Karnataka,2025-12-10
CUST02414,Simran Desai,Female,25,Kolkata,West Bengal,2023-01-19
CUST02415,Pooja Gupta,Female,57,Pune,Maharashtra,2025-12-06
CUST02416,Neha Singh,Female,51,Bangalore,Karnataka,2023-10-17
CUST02417,Rohan Rao,Other,56,Lucknow,Uttar Pradesh,2025-01-30
CUST02418,Karan Verma,Female,65,Ahmedabad,Gujarat,2024-03-07
CUST02419,Rahul Mehta,Male,38,Jaipur,Rajasthan,2025-08-28
CUST02420,Pooja Mehta,Male,18,Bangalore,Karnataka,2025-08-21
CUST02421,Isha Nair,Other,24,Hyderabad,Telangana,2024-02-13
CUST02422,Simran Verma,Male,57,Chennai,Tamil Nadu,2023-07-13
CUST02423,Kabir Singh,Female,58,Bangalore,Karnataka,2023-05-17
CUST02424,Simran Jain,Other,18,Hyderabad,Telangana,2024-12-07
CUST02425,Rohan Gupta,Other,64,Pune,Maharashtra,2025-05-22
CUST02426,Isha Joshi,Female,53,Lucknow,Uttar Pradesh,2025-04-05
CUST02427,Simran Khan,Other,27,Hyderabad,Telangana,2023-06-08
CUST02428,Ananya Nair,Male,34,Hyderabad,Telangana,2024-07-27
CUST02429,Aman Patel,Other,59,Bangalore,Karnataka,2025-12-05
CUST02430,Vikram Joshi,Other,57,Lucknow,Uttar Pradesh,2024-07-21
CUST02431,Riya Shah,Male,31,Bangalore,Karnataka,2023-01-06
CUST02432,Arjun Jain,Male,28,Lucknow,Uttar Pradesh,2023-10-28
CUST02433,Riya Mishra,Male,21,Mumbai,Maharashtra,2024-10-24
CUST02434,Rahul Kulkarni,Other,48,Ahmedabad,Gujarat,2025-05-21
CUST02435,Aditya Gupta,Male,53,Jaipur,Rajasthan,2023-08-29
CUST02436,Vikram Desai,Female,37,Kolkata,West Bengal,2025-08-29
CUST02437,Yash Joshi,Other,31,Jaipur,Rajasthan,2023-06-10
CUST02438,Priya Khan,Female,53,Pune,Maharashtra,2023-10-20
CUST02439,Kabir Verma,Other,45,Pune,Maharashtra,2023-09-04
CUST02440,Neha Mehta,Female,60,Mumbai,Maharashtra,2025-01-18
CUST02441,Neha Nair,Other,53,Kolkata,West Bengal,2024-03-13
CUST02442,Rohan Desai,Other,18,Chennai,Tamil Nadu,2024-01-02
CUST02443,Rohan Verma,Male,18,Chennai,Tamil Nadu,2025-12-13
CUST02444,Aman Gupta,Female,34,Chennai,Tamil Nadu,2023-07-12
CUST02445,Yash Jain,Male,59,Mumbai,Maharashtra,2024-07-13
CUST02446,Karan Khan,Male,62,Ahmedabad,Gujarat,2025-03-26
CUST02447,Karan Gupta,Other,48,Mumbai,Maharashtra,2023-03-04
CUST02448,Shreya Khan,Male,48,Ahmedabad,Gujarat,2025-10-01
CUST02449,Simran Rao,Female,19,Delhi,Delhi,2023-03-20
CUST02450,Shreya Jain,Male,23,Bangalore,Karnataka,2023-12-29
CUST02451,Pooja Mishra,Female,58,Delhi,Delhi,2023-04-25
CUST02452,Aditi Joshi,Male,59,Delhi,Delhi,2024-07-22
CUST02453,Shreya Nair,Other,38,Mumbai,Maharashtra,2024-11-12
CUST02454,Priya Jain,Other,18,Lucknow,Uttar Pradesh,2025-01-20
CUST02455,Vikram Desai,Male,50,Mumbai,Maharashtra,2023-05-14
CUST02456,Rahul Nair,Male,46,Pune,Maharashtra,2023-06-21
CUST02457,Aditi Gupta,Other,50,Lucknow,Uttar Pradesh,2024-02-11
CUST02458,Pooja Mehta,Female,53,Mumbai,Maharashtra,2024-09-29
CUST02459,Neha Patel,Other,62,Chennai,Tamil Nadu,2025-08-12
CUST02460,Arjun Singh,Male,23,Ahmedabad,Gujarat,2023-06-30
CUST02461,Priya Nair,Female,55,Delhi,Delhi,2024-01-16
CUST02462,Aarav Rao,Male,58,Bangalore,Karnataka,2023-01-22
CUST02463,Neha Verma,Female,61,Delhi,Delhi,2024-05-20
CUST02464,Rohan Nair,Male,42,Bangalore,Karnataka,2024-09-27
CUST02465,Isha Mehta,Other,38,Pune,Maharashtra,2023-10-15
CUST02466,Pooja Shah,Male,29,Hyderabad,Telangana,2024-07-12
CUST02467,Isha Gupta,Male,49,Ahmedabad,Gujarat,2024-06-25
CUST02468,Neha Singh,Other,51,Chennai,Tamil Nadu,2024-12-15
CUST02469,Kabir Mishra,Other,42,Bangalore,Karnataka,2023-03-17
CUST02470,Rahul Kulkarni,Other,45,Lucknow,Uttar Pradesh,2024-03-07
CUST02471,Neha Khan,Female,62,Pune,Maharashtra,2024-02-29
CUST02472,Yash Kulkarni,Other,31,Pune,Maharashtra,2023-07-05
CUST02473,Karan Shah,Male,25,Ahmedabad,Gujarat,2024-06-18
CUST02474,Yash Khan,Male,47,Bangalore,Karnataka,2025-08-31
CUST02475,Aman Joshi,Other,55,Chennai,Tamil Nadu,2025-02-12
CUST02476,Aditi Joshi,Male,28,Delhi,Delhi,2025-01-04
CUST02477,Pooja Verma,Other,24,Chennai,Tamil Nadu,2024-11-20
CUST02478,Priya Jain,Male,47,Chennai,Tamil Nadu,2024-09-19
CUST02479,Simran Mehta,Other,47,Mumbai,Maharashtra,2025-06-18
CUST02480,Aman Singh,Female,33,Kolkata,West Bengal,2025-03-28
CUST02481,Karan Nair,Female,61,Chennai,Tamil Nadu,2024-11-22
CUST02482,Vikram Gupta,Other,24,Mumbai,Maharashtra,2024-04-24
CUST02483,Pooja Desai,Other,19,Pune,Maharashtra,2025-03-31
CUST02484,Priya Kulkarni,Other,62,Bangalore,Karnataka,2024-09-07
CUST02485,Yash Shah,Male,60,Lucknow,Uttar Pradesh,2023-10-13
CUST02486,Aditya Rao,Female,27,Mumbai,Maharashtra,2023-07-05
CUST02487,Neha Verma,Female,18,Kolkata,West Bengal,2023-12-05
CUST02488,Rahul Shah,Female,23,Bangalore,Karnataka,2024-09-09
CUST02489,Priya Shah,Male,64,Hyderabad,Telangana,2025-06-13
CUST02490,Sneha Mehta,Male,48,Jaipur,Rajasthan,2025-02-05
CUST02491,Priya Joshi,Other,61,Delhi,Delhi,2025-08-22
CUST02492,Vikram Nair,Other,42,Hyderabad,Telangana,2025-08-25
CUST02493,Kabir Nair,Female,26,Hyderabad,Telangana,2023-07-16
CUST02494,Aditya Rao,Female,36,Bangalore,Karnataka,2025-03-29
CUST02495,Pooja Singh,Male,40,Kolkata,West Bengal,2025-12-29
CUST02496,Riya Khan,Male,56,Lucknow,Uttar Pradesh,2023-02-25
CUST02497,Priya Rao,Female,39,Hyderabad,Telangana,2025-01-25
CUST02498,Yash Mishra,Male,59,Mumbai,Maharashtra,2025-03-26
CUST02499,Sneha Mehta,Male,31,Ahmedabad,Gujarat,2024-01-20
CUST02500,Isha Desai,Female,59,Delhi,Delhi,2024-11-26
CUST02501,Priya Desai,Female,42,Bangalore,Karnataka,2024-08-06
CUST02502,Riya Sharma,Male,28,Pune,Maharashtra,2025-05-13
CUST02503,Vikram Khan,Female,23,Jaipur,Rajasthan,2023-08-06
CUST02504,Neha Khan,Male,28,Delhi,Delhi,2025-04-08
CUST02505,Aditya Mehta,Female,61,Lucknow,Uttar Pradesh,2025-11-04
CUST02506,Kabir Sharma,Female,21,Ahmedabad,Gujarat,2025-04-02
CUST02507,Isha Desai,Other,46,Pune,Maharashtra,2023-08-26
CUST02508,Yash Joshi,Other,41,Ahmedabad,Gujarat,2024-11-17
CUST02509,Ananya Rao,Other,42,Bangalore,Karnataka,2025-05-18
CUST02510,Arjun Mehta,Other,55,Mumbai,Maharashtra,2024-11-21
CUST02511,Karan Shah,Female,21,Jaipur,Rajasthan,2025-07-20
CUST02512,Kabir Gupta,Female,47,Mumbai,Maharashtra,2023-09-06
CUST02513,Neha Sharma,Female,45,Lucknow,Uttar Pradesh,2025-01-26
CUST02514,Aditya Khan,Other,35,Pune,Maharashtra,2023-02-18
CUST02515,Priya Gupta,Male,46,Chennai,Tamil Nadu,2025-05-04
CUST02516,Aditya Gupta,Female,64,Mumbai,Maharashtra,2023-08-17
CUST02517,Aditi Kulkarni,Male,23,Kolkata,West Bengal,2024-05-24
CUST02518,Simran Patel,Other,49,Bangalore,Karnataka,2023-10-24
CUST02519,Pooja Jain,Female,62,Pune,Maharashtra,2024-12-08
CUST02520,Shreya Shah,Male,22,Jaipur,Rajasthan,2025-07-27
CUST02521,Aditya Joshi,Other,64,Mumbai,Maharashtra,2023-10-28
CUST02522,Ananya Desai,Female,58,Jaipur,Rajasthan,2023-06-11
CUST02523,Isha Desai,Male,65,Kolkata,West Bengal,2023-02-15
CUST02524,Karan Nair,Male,30,Delhi,Delhi,2025-06-06
CUST02525,Aman Gupta,Other,33,Pune,Maharashtra,2025-11-18
CUST02526,Aditi Joshi,Male,45,Lucknow,Uttar Pradesh,2025-08-26
CUST02527,Karan Nair,Other,60,Bangalore,Karnataka,2024-07-20
CUST02528,Aditi Singh,Other,36,Kolkata,West Bengal,2024-01-07
CUST02529,Karan Sharma,Male,44,Kolkata,West Bengal,2024-02-29
CUST02530,Rahul Gupta,Other,58,Pune,Maharashtra,2025-08-05
CUST02531,Aditya Patel,Male,63,Hyderabad,Telangana,2024-04-05
CUST02532,Aditya Shah,Other,63,Delhi,Delhi,2024-08-12
CUST02533,Shreya Mishra,Other,56,Ahmedabad,Gujarat,2025-05-11
CUST02534,Aditya Kulkarni,Other,18,Kolkata,West Bengal,2025-09-01
CUST02535,Aditya Joshi,Female,27,Chennai,Tamil Nadu,2024-12-10
CUST02536,Kabir Mishra,Other,62,Ahmedabad,Gujarat,2024-03-07
CUST02537,Priya Khan,Female,20,Kolkata,West Bengal,2024-06-07
CUST02538,Aman Patel,Male,31,Ahmedabad,Gujarat,2024-12-08
CUST02539,Yash Joshi,Female,46,Pune,Maharashtra,2024-08-20
CUST02540,Kabir Sharma,Other,40,Bangalore,Karnataka,2023-12-08
CUST02541,Aman Desai,Female,53,Kolkata,West Bengal,2023-02-17
CUST02542,Riya Shah,Female,56,Kolkata,West Bengal,2023-09-27
CUST02543,Ananya Patel,Male,25,Kolkata,West Bengal,2024-03-23
CUST02544,Aman Gupta,Other,43,Bangalore,Karnataka,2023-11-22
CUST02545,Simran Desai,Female,56,Chennai,Tamil Nadu,2024-03-21
CUST02546,Karan Joshi,Other,61,Chennai,Tamil Nadu,2023-08-05
CUST02547,Aditya Kulkarni,Female,32,Jaipur,Rajasthan,2025-12-26
CUST02548,Vikram Verma,Female,28,Ahmedabad,Gujarat,2024-08-09
CUST02549,Priya Desai,Other,39,Pune,Maharashtra,2023-01-07
CUST02550,Kabir Khan,Female,55,Bangalore,Karnataka,2023-07-21
CUST02551,Pooja Desai,Other,19,Kolkata,West Bengal,2024-01-22
CUST02552,Shreya Shah,Male,56,Bangalore,Karnataka,2025-10-27
CUST02553,Aman Nair,Female,57,Kolkata,West Bengal,2023-02-16
CUST02554,Sneha Mehta,Other,23,Lucknow,Uttar Pradesh,2025-08-24
CUST02555,Neha Sharma,Other,50,Lucknow,Uttar Pradesh,2025-03-08
CUST02556,Rohan Mishra,Female,64,Bangalore,Karnataka,2025-07-26
CUST02557,Sneha Mehta,Female,26,Ahmedabad,Gujarat,2024-02-14
CUST02558,Isha Patel,Other,47,Mumbai,Maharashtra,2024-02-28
CUST02559,Kabir Shah,Male,29,Lucknow,Uttar Pradesh,2025-06-27
CUST02560,Kabir Kulkarni,Male,33,Delhi,Delhi,2024-11-09
CUST02561,Kabir Nair,Other,20,Delhi,Delhi,2023-01-15
CUST02562,Pooja Mishra,Female,22,Jaipur,Rajasthan,2025-08-20
CUST02563,Pooja Gupta,Other,56,Jaipur,Rajasthan,2023-09-05
CUST02564,Simran Nair,Female,64,Mumbai,Maharashtra,2025-06-17
CUST02565,Aditi Gupta,Female,43,Kolkata,West Bengal,2023-03-23
CUST02566,Yash Khan,Male,24,Ahmedabad,Gujarat,2025-05-27
CUST02567,Rahul Mishra,Other,28,Pune,Maharashtra,2023-08-17
CUST02568,Neha Desai,Male,48,Chennai,Tamil Nadu,2023-10-18
CUST02569,Rohan Gupta,Other,62,Delhi,Delhi,2024-11-06
CUST02570,Arjun Verma,Female,39,Ahmedabad,Gujarat,2024-05-16
CUST02571,Isha Nair,Female,62,Ahmedabad,Gujarat,2024-11-08
CUST02572,Karan Singh,Male,27,Pune,Maharashtra,2023-03-15
CUST02573,Yash Gupta,Female,54,Mumbai,Maharashtra,2024-03-28
CUST02574,Neha Nair,Other,28,Pune,Maharashtra,2024-09-20
CUST02575,Aman Khan,Other,46,Pune,Maharashtra,2025-08-31
CUST02576,Isha Mehta,Other,36,Bangalore,Karnataka,2023-10-28
CUST02577,Vikram Gupta,Male,55,Hyderabad,Telangana,2023-02-27
CUST02578,Isha Mehta,Female,41,Lucknow,Uttar Pradesh,2023-01-25
CUST02579,Yash Nair,Female,57,Jaipur,Rajasthan,2025-04-11
CUST02580,Priya Joshi,Female,51,Bangalore,Karnataka,2025-10-23
CUST02581,Neha Desai,Other,48,Ahmedabad,Gujarat,2023-12-13
CUST02582,Priya Verma,Other,22,Kolkata,West Bengal,2023-01-30
CUST02583,Aditya Shah,Male,27,Pune,Maharashtra,2024-02-27
CUST02584,Karan Singh,Female,49,Delhi,Delhi,2024-02-08
CUST02585,Kabir Singh,Male,65,Mumbai,Maharashtra,2025-12-09
CUST02586,Rohan Joshi,Other,24,Mumbai,Maharashtra,2025-03-27
CUST02587,Aditya Kulkarni,Other,52,Delhi,Delhi,2024-07-09
CUST02588,Simran Mishra,Female,54,Delhi,Delhi,2023-04-25
CUST02589,Yash Shah,Other,29,Hyderabad,Telangana,2024-06-08
CUST02590,Sneha Shah,Male,56,Ahmedabad,Gujarat,2023-12-30
CUST02591,Karan Kulkarni,Other,30,Pune,Maharashtra,2023-07-07
CUST02592,Arjun Jain,Female,21,Bangalore,Karnataka,2025-12-06
CUST02593,Rohan Shah,Female,24,Hyderabad,Telangana,2025-09-04
CUST02594,Simran Jain,Other,22,Mumbai,Maharashtra,2024-10-15
CUST02595,Rohan Verma,Male,48,Delhi,Delhi,2025-06-24
CUST02596,Rohan Patel,Other,49,Jaipur,Rajasthan,2024-03-16
CUST02597,Isha Singh,Male,64,Mumbai,Maharashtra,2025-05-30
CUST02598,Kabir Rao,Male,34,Hyderabad,Telangana,2025-07-23
CUST02599,Pooja Singh,Other,29,Pune,Maharashtra,2025-10-05
CUST02600,Aditya Kulkarni,Female,59,Ahmedabad,Gujarat,2025-11-19
CUST02601,Isha Gupta,Female,35,Jaipur,Rajasthan,2024-05-24
CUST02602,Simran Kulkarni,Male,29,Pune,Maharashtra,2025-06-20
CUST02603,Riya Sharma,Female,49,Chennai,Tamil Nadu,2025-11-09
CUST02604,Priya Mehta,Other,37,Delhi,Delhi,2025-06-03
CUST02605,Ananya Jain,Other,61,Ahmedabad,Gujarat,2024-12-02
CUST02606,Simran Mishra,Male,32,Bangalore,Karnataka,2024-02-01
CUST02607,Rohan Gupta,Female,51,Jaipur,Rajasthan,2024-09-17
CUST02608,Riya Patel,Other,61,Pune,Maharashtra,2024-03-06
CUST02609,Rahul Joshi,Female,28,Bangalore,Karnataka,2024-01-29
CUST02610,Priya Singh,Other,48,Bangalore,Karnataka,2024-10-28
CUST02611,Shreya Rao,Male,34,Kolkata,West Bengal,2024-07-05
CUST02612,Riya Jain,Male,37,Pune,Maharashtra,2025-01-29
CUST02613,Aditya Nair,Female,37,Chennai,Tamil Nadu,2024-10-07
CUST02614,Pooja Singh,Male,43,Kolkata,West Bengal,2025-05-04
CUST02615,Aditi Desai,Female,35,Chennai,Tamil Nadu,2023-10-14
CUST02616,Aarav Mishra,Other,63,Hyderabad,Telangana,2024-03-03
CUST02617,Karan Gupta,Female,45,Chennai,Tamil Nadu,2023-02-18
CUST02618,Vikram Joshi,Male,57,Jaipur,Rajasthan,2024-02-13
CUST02619,Yash Verma,Male,33,Pune,Maharashtra,2023-08-07
CUST02620,Priya Joshi,Male,60,Ahmedabad,Gujarat,2025-08-20
CUST02621,Vikram Nair,Female,56,Ahmedabad,Gujarat,2024-05-26
CUST02622,Aman Desai,Male,58,Mumbai,Maharashtra,2023-07-27
CUST02623,Aditya Gupta,Female,36,Jaipur,Rajasthan,2025-01-26
CUST02624,Ananya Verma,Female,64,Bangalore,Karnataka,2023-06-01
CUST02625,Pooja Mishra,Other,37,Bangalore,Karnataka,2023-11-05
CUST02626,Aman Shah,Female,33,Jaipur,Rajasthan,2023-06-30
CUST02627,Aditya Singh,Other,51,Jaipur,Rajasthan,2024-06-17
CUST02628,Isha Nair,Male,62,Mumbai,Maharashtra,2023-10-15
CUST02629,Aditya Mishra,Other,31,Chennai,Tamil Nadu,2025-07-02
CUST02630,Priya Joshi,Female,41,Ahmedabad,Gujarat,2024-04-11
CUST02631,Aditya Shah,Other,65,Pune,Maharashtra,2024-06-06
CUST02632,Aarav Mehta,Female,43,Delhi,Delhi,2025-04-21
CUST02633,Riya Rao,Male,50,Mumbai,Maharashtra,2025-12-18
CUST02634,Neha Sharma,Male,50,Lucknow,Uttar Pradesh,2025-06-14
CUST02635,Aditya Rao,Female,54,Jaipur,Rajasthan,2025-10-04
CUST02636,Aditya Khan,Other,23,Delhi,Delhi,2023-06-04
CUST02637,Simran Rao,Male,50,Delhi,Delhi,2025-12-25
CUST02638,Arjun Singh,Male,61,Ahmedabad,Gujarat,2024-01-26
CUST02639,Pooja Mishra,Female,65,Pune,Maharashtra,2025-08-11
CUST02640,Rahul Khan,Male,59,Chennai,Tamil Nadu,2023-05-30
CUST02641,Aman Joshi,Other,65,Ahmedabad,Gujarat,2025-12-16
CUST02642,Pooja Jain,Other,36,Mumbai,Maharashtra,2025-04-02
CUST02643,Aarav Singh,Male,32,Kolkata,West Bengal,2023-02-08
CUST02644,Aditya Desai,Male,55,Bangalore,Karnataka,2024-06-14
CUST02645,Aditya Kulkarni,Other,40,Ahmedabad,Gujarat,2024-02-15
CUST02646,Aman Mehta,Male,37,Hyderabad,Telangana,2023-10-31
CUST02647,Priya Patel,Other,20,Mumbai,Maharashtra,2025-12-28
CUST02648,Rahul Kulkarni,Female,38,Chennai,Tamil Nadu,2023-05-22
CUST02649,Sneha Khan,Female,28,Hyderabad,Telangana,2024-02-18
CUST02650,Pooja Gupta,Female,19,Hyderabad,Telangana,2024-03-20
CUST02651,Rahul Jain,Female,19,Ahmedabad,Gujarat,2023-09-10
CUST02652,Kabir Mishra,Male,46,Hyderabad,Telangana,2025-02-18
CUST02653,Kabir Desai,Female,55,Hyderabad,Telangana,2024-02-26
CUST02654,Ananya Patel,Other,64,Bangalore,Karnataka,2025-11-03
CUST02655,Yash Patel,Male,49,Bangalore,Karnataka,2024-03-05
CUST02656,Shreya Joshi,Male,31,Chennai,Tamil Nadu,2025-04-30
CUST02657,Arjun Rao,Female,34,Jaipur,Rajasthan,2025-01-06
CUST02658,Yash Patel,Male,42,Ahmedabad,Gujarat,2023-02-03
CUST02659,Pooja Desai,Female,37,Delhi,Delhi,2024-12-27
CUST02660,Arjun Desai,Other,23,Pune,Maharashtra,2024-04-14
CUST02661,Vikram Jain,Female,64,Ahmedabad,Gujarat,2023-02-02
CUST02662,Aditya Sharma,Male,54,Bangalore,Karnataka,2024-05-24
CUST02663,Aarav Mehta,Male,62,Jaipur,Rajasthan,2023-11-15
CUST02664,Riya Rao,Other,31,Mumbai,Maharashtra,2023-05-06
CUST02665,Isha Joshi,Male,44,Lucknow,Uttar Pradesh,2025-04-29
CUST02666,Priya Mehta,Other,60,Jaipur,Rajasthan,2023-11-07
CUST02667,Priya Joshi,Male,49,Delhi,Delhi,2023-11-29
CUST02668,Rohan Gupta,Female,57,Kolkata,West Bengal,2025-02-03
CUST02669,Aditya Sharma,Male,48,Mumbai,Maharashtra,2024-11-10
CUST02670,Aditi Nair,Male,52,Bangalore,Karnataka,2025-04-14
CUST02671,Vikram Rao,Male,28,Lucknow,Uttar Pradesh,2025-12-11
CUST02672,Ananya Sharma,Male,44,Chennai,Tamil Nadu,2024-04-01
CUST02673,Arjun Patel,Female,52,Ahmedabad,Gujarat,2025-08-09
CUST02674,Kabir Mehta,Female,48,Lucknow,Uttar Pradesh,2023-01-02
CUST02675,Riya Jain,Female,60,Pune,Maharashtra,2023-09-20
CUST02676,Simran Joshi,Female,49,Lucknow,Uttar Pradesh,2023-07-17
CUST02677,Aman Shah,Other,26,Bangalore,Karnataka,2024-03-25
CUST02678,Rahul Shah,Other,43,Delhi,Delhi,2023-07-14
CUST02679,Isha Jain,Male,32,Lucknow,Uttar Pradesh,2023-08-04
CUST02680,Karan Mehta,Other,47,Pune,Maharashtra,2024-11-04
CUST02681,Aman Kulkarni,Male,38,Jaipur,Rajasthan,2024-06-30
CUST02682,Pooja Joshi,Other,42,Bangalore,Karnataka,2023-03-12
CUST02683,Aditi Rao,Male,27,Hyderabad,Telangana,2024-01-09
CUST02684,Aditi Mishra,Female,38,Hyderabad,Telangana,2023-11-28
CUST02685,Aarav Singh,Female,30,Ahmedabad,Gujarat,2025-09-17
CUST02686,Aman Desai,Female,57,Ahmedabad,Gujarat,2024-03-15
CUST02687,Karan Kulkarni,Other,35,Ahmedabad,Gujarat,2023-08-30
CUST02688,Yash Jain,Male,34,Chennai,Tamil Nadu,2024-11-21
CUST02689,Aditya Rao,Other,24,Ahmedabad,Gujarat,2025-07-23
CUST02690,Aditya Rao,Male,41,Jaipur,Rajasthan,2024-06-22
CUST02691,Pooja Khan,Male,32,Mumbai,Maharashtra,2023-09-16
CUST02692,Kabir Mishra,Other,63,Delhi,Delhi,2023-09-04
CUST02693,Isha Mehta,Female,45,Chennai,Tamil Nadu,2024-09-20
CUST02694,Simran Patel,Female,50,Jaipur,Rajasthan,2024-01-09
CUST02695,Rohan Mehta,Male,64,Hyderabad,Telangana,2023-02-04
CUST02696,Neha Kulkarni,Other,51,Lucknow,Uttar Pradesh,2023-11-07
CUST02697,Yash Sharma,Other,32,Jaipur,Rajasthan,2025-01-12
CUST02698,Yash Mehta,Male,61,Chennai,Tamil Nadu,2023-11-22
CUST02699,Priya Khan,Other,27,Lucknow,Uttar Pradesh,2024-04-08
CUST02700,Simran Singh,Female,21,Kolkata,West Bengal,2024-02-19
CUST02701,Vikram Gupta,Female,48,Kolkata,West Bengal,2025-12-04
CUST02702,Kabir Joshi,Male,22,Bangalore,Karnataka,2024-09-06
CUST02703,Karan Nair,Male,64,Jaipur,Rajasthan,2024-09-30
CUST02704,Shreya Singh,Female,26,Delhi,Delhi,2023-05-02
CUST02705,Rahul Verma,Female,28,Bangalore,Karnataka,2024-05-11
CUST02706,Pooja Desai,Male,40,Lucknow,Uttar Pradesh,2024-02-01
CUST02707,Arjun Shah,Female,25,Pune,Maharashtra,2023-10-15
CUST02708,Aman Khan,Female,27,Bangalore,Karnataka,2024-02-26
CUST02709,Karan Rao,Other,25,Chennai,Tamil Nadu,2023-01-23
CUST02710,Yash Gupta,Other,56,Jaipur,Rajasthan,2023-07-30
CUST02711,Riya Shah,Male,52,Ahmedabad,Gujarat,2024-09-03
CUST02712,Shreya Verma,Other,39,Bangalore,Karnataka,2023-05-25
CUST02713,Karan Sharma,Male,58,Kolkata,West Bengal,2024-06-07
CUST02714,Kabir Desai,Other,62,Lucknow,Uttar Pradesh,2023-12-11
CUST02715,Riya Rao,Other,24,Pune,Maharashtra,2024-04-05
CUST02716,Arjun Nair,Male,60,Lucknow,Uttar Pradesh,2025-01-12
CUST02717,Riya Mishra,Male,58,Kolkata,West Bengal,2025-05-13
CUST02718,Ananya Mishra,Female,58,Pune,Maharashtra,2024-07-18
CUST02719,Yash Joshi,Female,23,Kolkata,West Bengal,2024-05-29
CUST02720,Aarav Patel,Other,49,Ahmedabad,Gujarat,2024-05-12
CUST02721,Sneha Singh,Male,63,Kolkata,West Bengal,2024-06-28
CUST02722,Riya Kulkarni,Other,51,Lucknow,Uttar Pradesh,2025-02-08
CUST02723,Vikram Sharma,Other,59,Lucknow,Uttar Pradesh,2023-08-09
CUST02724,Ananya Singh,Male,41,Delhi,Delhi,2023-08-29
CUST02725,Aman Khan,Female,63,Lucknow,Uttar Pradesh,2025-05-13
CUST02726,Aditi Joshi,Other,51,Ahmedabad,Gujarat,2025-08-01
CUST02727,Aditi Desai,Male,54,Kolkata,West Bengal,2023-02-22
CUST02728,Priya Sharma,Female,44,Chennai,Tamil Nadu,2023-07-22
CUST02729,Aarav Nair,Female,61,Ahmedabad,Gujarat,2024-06-03
CUST02730,Neha Joshi,Female,21,Hyderabad,Telangana,2024-07-20
CUST02731,Aditya Verma,Male,53,Pune,Maharashtra,2023-11-25
CUST02732,Simran Khan,Female,29,Chennai,Tamil Nadu,2025-04-01
CUST02733,Riya Mishra,Female,57,Delhi,Delhi,2024-11-14
CUST02734,Simran Nair,Female,24,Hyderabad,Telangana,2024-10-10
CUST02735,Arjun Khan,Other,49,Kolkata,West Bengal,2024-10-02
CUST02736,Priya Rao,Female,63,Kolkata,West Bengal,2024-02-19
CUST02737,Riya Joshi,Female,28,Chennai,Tamil Nadu,2025-06-15
CUST02738,Priya Joshi,Male,55,Mumbai,Maharashtra,2023-08-17
CUST02739,Isha Jain,Other,52,Jaipur,Rajasthan,2024-08-29
CUST02740,Priya Desai,Male,23,Lucknow,Uttar Pradesh,2023-06-05
CUST02741,Arjun Nair,Female,27,Lucknow,Uttar Pradesh,2025-04-08
CUST02742,Aditya Kulkarni,Male,42,Chennai,Tamil Nadu,2025-03-23
CUST02743,Ananya Mishra,Female,32,Pune,Maharashtra,2023-06-18
CUST02744,Kabir Mishra,Other,27,Mumbai,Maharashtra,2024-05-18
CUST02745,Karan Sharma,Other,32,Ahmedabad,Gujarat,2024-04-04
CUST02746,Sneha Jain,Other,31,Hyderabad,Telangana,2025-06-20
CUST02747,Rahul Sharma,Male,57,Pune,Maharashtra,2024-05-14
CUST02748,Riya Mishra,Other,53,Ahmedabad,Gujarat,2025-04-28
CUST02749,Aman Shah,Other,55,Kolkata,West Bengal,2024-01-17
CUST02750,Vikram Khan,Other,34,Lucknow,Uttar Pradesh,2025-03-03
CUST02751,Neha Rao,Female,41,Pune,Maharashtra,2025-06-02
CUST02752,Sneha Joshi,Male,62,Jaipur,Rajasthan,2025-01-01
CUST02753,Rahul Joshi,Male,50,Hyderabad,Telangana,2023-09-21
CUST02754,Riya Kulkarni,Other,32,Chennai,Tamil Nadu,2023-08-03
CUST02755,Neha Nair,Female,35,Jaipur,Rajasthan,2024-04-03
CUST02756,Aman Mishra,Other,46,Mumbai,Maharashtra,2025-07-31
CUST02757,Riya Singh,Male,19,Kolkata,West Bengal,2023-05-13
CUST02758,Simran Verma,Female,48,Jaipur,Rajasthan,2023-04-28
CUST02759,Rahul Patel,Other,35,Chennai,Tamil Nadu,2023-05-14
CUST02760,Aman Gupta,Female,63,Mumbai,Maharashtra,2025-10-02
CUST02761,Rahul Desai,Female,52,Hyderabad,Telangana,2025-07-14
CUST02762,Isha Joshi,Female,27,Hyderabad,Telangana,2025-11-06
CUST02763,Simran Khan,Male,57,Lucknow,Uttar Pradesh,2024-10-06
CUST02764,Aditi Nair,Male,57,Chennai,Tamil Nadu,2023-09-03
CUST02765,Arjun Kulkarni,Other,30,Kolkata,West Bengal,2023-11-27
CUST02766,Sneha Singh,Male,59,Bangalore,Karnataka,2024-01-07
CUST02767,Riya Nair,Male,24,Delhi,Delhi,2024-11-10
CUST02768,Vikram Singh,Female,62,Kolkata,West Bengal,2025-04-14
CUST02769,Riya Mehta,Male,37,Chennai,Tamil Nadu,2024-01-10
CUST02770,Neha Mehta,Female,23,Kolkata,West Bengal,2024-05-31
CUST02771,Priya Gupta,Male,40,Kolkata,West Bengal,2024-02-15
CUST02772,Arjun Joshi,Other,34,Ahmedabad,Gujarat,2023-07-12
CUST02773,Aarav Jain,Other,21,Lucknow,Uttar Pradesh,2023-05-05
CUST02774,Neha Patel,Other,18,Bangalore,Karnataka,2023-01-04
CUST02775,Aarav Joshi,Male,54,Kolkata,West Bengal,2024-09-19
CUST02776,Aman Joshi,Male,58,Delhi,Delhi,2023-12-20
CUST02777,Shreya Verma,Female,24,Bangalore,Karnataka,2024-03-23
CUST02778,Rahul Singh,Female,63,Chennai,Tamil Nadu,2023-12-29
CUST02779,Priya Kulkarni,Male,57,Bangalore,Karnataka,2025-06-30
CUST02780,Aditi Jain,Female,36,Jaipur,Rajasthan,2023-09-04
CUST02781,Ananya Joshi,Male,24,Bangalore,Karnataka,2025-11-27
CUST02782,Riya Shah,Other,39,Lucknow,Uttar Pradesh,2023-11-14
CUST02783,Kabir Jain,Female,25,Jaipur,Rajasthan,2025-03-07
CUST02784,Simran Patel,Female,27,Chennai,Tamil Nadu,2024-05-19
CUST02785,Sneha Mishra,Female,20,Ahmedabad,Gujarat,2024-01-21
CUST02786,Neha Sharma,Other,23,Ahmedabad,Gujarat,2023-07-22
CUST02787,Aditya Jain,Other,43,Jaipur,Rajasthan,2025-12-25
CUST02788,Simran Khan,Female,26,Hyderabad,Telangana,2024-08-01
CUST02789,Kabir Rao,Other,45,Hyderabad,Telangana,2024-08-22
CUST02790,Vikram Desai,Female,19,Kolkata,West Bengal,2023-06-18
CUST02791,Riya Patel,Other,42,Chennai,Tamil Nadu,2025-09-18
CUST02792,Isha Verma,Other,20,Pune,Maharashtra,2023-04-23
CUST02793,Rohan Patel,Other,38,Pune,Maharashtra,2023-12-22
CUST02794,Aditi Kulkarni,Female,42,Mumbai,Maharashtra,2023-04-07
CUST02795,Rohan Joshi,Other,45,Jaipur,Rajasthan,2023-04-18
CUST02796,Yash Kulkarni,Female,61,Bangalore,Karnataka,2025-11-07
CUST02797,Aditi Jain,Female,29,Hyderabad,Telangana,2023-07-22
CUST02798,Sneha Nair,Other,31,Chennai,Tamil Nadu,2023-05-30
CUST02799,Riya Shah,Male,42,Lucknow,Uttar Pradesh,2023-02-01
CUST02800,Rohan Jain,Male,33,Delhi,Delhi,2024-08-17
CUST02801,Aditya Mehta,Female,43,Kolkata,West Bengal,2024-04-12
CUST02802,Aditi Mehta,Other,60,Bangalore,Karnataka,2024-05-19
CUST02803,Karan Jain,Male,59,Kolkata,West Bengal,2024-09-26
CUST02804,Karan Desai,Female,42,Mumbai,Maharashtra,2025-05-01
CUST02805,Karan Mishra,Female,56,Hyderabad,Telangana,2025-09-26
CUST02806,Aarav Khan,Other,46,Kolkata,West Bengal,2023-03-27
CUST02807,Rahul Khan,Other,25,Hyderabad,Telangana,2023-05-25
CUST02808,Ananya Mehta,Male,52,Ahmedabad,Gujarat,2023-05-17
CUST02809,Aditya Mehta,Female,52,Pune,Maharashtra,2025-03-26
CUST02810,Isha Gupta,Male,25,Lucknow,Uttar Pradesh,2024-06-19
CUST02811,Vikram Mishra,Other,49,Hyderabad,Telangana,2023-06-27
CUST02812,Rohan Mehta,Female,48,Jaipur,Rajasthan,2023-03-15
CUST02813,Ananya Patel,Female,29,Hyderabad,Telangana,2023-03-19
CUST02814,Arjun Rao,Female,57,Delhi,Delhi,2024-05-10
CUST02815,Neha Verma,Other,20,Bangalore,Karnataka,2025-06-24
CUST02816,Yash Rao,Other,38,Hyderabad,Telangana,2024-03-06
CUST02817,Aditi Singh,Female,34,Mumbai,Maharashtra,2023-11-09
CUST02818,Priya Joshi,Other,21,Ahmedabad,Gujarat,2024-02-15
CUST02819,Vikram Desai,Other,22,Bangalore,Karnataka,2024-08-20
CUST02820,Sneha Mehta,Other,64,Hyderabad,Telangana,2024-11-18
CUST02821,Kabir Sharma,Male,56,Ahmedabad,Gujarat,2023-05-23
CUST02822,Yash Gupta,Male,53,Jaipur,Rajasthan,2023-11-26
CUST02823,Aditya Sharma,Female,51,Delhi,Delhi,2023-05-14
CUST02824,Simran Sharma,Other,38,Lucknow,Uttar Pradesh,2023-12-14
CUST02825,Neha Sharma,Other,32,Bangalore,Karnataka,2023-08-01
CUST02826,Aarav Desai,Female,54,Mumbai,Maharashtra,2023-04-30
CUST02827,Ananya Mishra,Other,52,Hyderabad,Telangana,2023-03-14
CUST02828,Arjun Sharma,Female,61,Ahmedabad,Gujarat,2025-03-01
CUST02829,Shreya Desai,Other,49,Ahmedabad,Gujarat,2024-05-01
CUST02830,Shreya Gupta,Female,27,Chennai,Tamil Nadu,2025-07-20
CUST02831,Kabir Kulkarni,Male,36,Chennai,Tamil Nadu,2024-04-03
CUST02832,Priya Desai,Female,65,Pune,Maharashtra,2023-11-25
CUST02833,Aarav Desai,Male,47,Pune,Maharashtra,2023-10-22
CUST02834,Pooja Nair,Female,26,Jaipur,Rajasthan,2024-04-09
CUST02835,Neha Shah,Female,47,Kolkata,West Bengal,2025-05-12
CUST02836,Kabir Verma,Female,39,Kolkata,West Bengal,2025-08-07
CUST02837,Aditya Khan,Other,51,Kolkata,West Bengal,2023-09-30
CUST02838,Rohan Shah,Other,30,Hyderabad,Telangana,2024-01-27
CUST02839,Shreya Joshi,Female,59,Ahmedabad,Gujarat,2025-04-16
CUST02840,Isha Shah,Female,24,Kolkata,West Bengal,2023-10-17
CUST02841,Simran Khan,Other,44,Ahmedabad,Gujarat,2024-09-07
CUST02842,Aditi Shah,Other,28,Hyderabad,Telangana,2024-11-22
CUST02843,Vikram Jain,Male,46,Jaipur,Rajasthan,2025-06-03
CUST02844,Aarav Nair,Other,60,Hyderabad,Telangana,2025-03-01
CUST02845,Priya Gupta,Other,43,Lucknow,Uttar Pradesh,2023-11-16
CUST02846,Aman Rao,Female,38,Hyderabad,Telangana,2023-11-05
CUST02847,Kabir Shah,Female,57,Bangalore,Karnataka,2025-09-23
CUST02848,Shreya Kulkarni,Male,23,Mumbai,Maharashtra,2023-07-18
CUST02849,Aarav Sharma,Male,38,Mumbai,Maharashtra,2024-11-09
CUST02850,Neha Shah,Female,22,Bangalore,Karnataka,2024-03-12
CUST02851,Neha Singh,Female,39,Chennai,Tamil Nadu,2025-07-03
CUST02852,Priya Gupta,Other,28,Pune,Maharashtra,2023-07-27
CUST02853,Rahul Mehta,Other,57,Kolkata,West Bengal,2023-08-31
CUST02854,Pooja Mehta,Other,35,Jaipur,Rajasthan,2025-08-19
CUST02855,Sneha Patel,Male,20,Bangalore,Karnataka,2025-06-30
CUST02856,Rahul Jain,Female,48,Kolkata,West Bengal,2025-08-26
CUST02857,Priya Rao,Female,55,Mumbai,Maharashtra,2025-01-12
CUST02858,Aman Mehta,Female,60,Ahmedabad,Gujarat,2023-02-10
CUST02859,Aman Joshi,Female,22,Chennai,Tamil Nadu,2023-06-24
CUST02860,Priya Mehta,Other,43,Lucknow,Uttar Pradesh,2024-09-06
CUST02861,Rahul Patel,Female,63,Hyderabad,Telangana,2024-10-18
CUST02862,Arjun Joshi,Male,57,Lucknow,Uttar Pradesh,2025-10-10
CUST02863,Aman Desai,Female,30,Bangalore,Karnataka,2025-01-17
CUST02864,Yash Gupta,Female,38,Jaipur,Rajasthan,2023-02-18
CUST02865,Priya Sharma,Female,46,Hyderabad,Telangana,2024-09-19
CUST02866,Pooja Joshi,Other,60,Mumbai,Maharashtra,2024-07-12
CUST02867,Kabir Khan,Other,20,Delhi,Delhi,2024-11-12
CUST02868,Rahul Mishra,Other,54,Lucknow,Uttar Pradesh,2023-01-22
CUST02869,Aarav Gupta,Female,42,Kolkata,West Bengal,2024-02-13
CUST02870,Vikram Sharma,Female,41,Pune,Maharashtra,2025-02-07
CUST02871,Yash Mishra,Other,39,Kolkata,West Bengal,2025-04-13
CUST02872,Rahul Joshi,Female,36,Pune,Maharashtra,2024-01-31
CUST02873,Karan Patel,Other,38,Ahmedabad,Gujarat,2023-06-23
CUST02874,Yash Jain,Male,24,Delhi,Delhi,2023-02-17
CUST02875,Sneha Patel,Male,27,Bangalore,Karnataka,2025-02-03
CUST02876,Aman Rao,Male,18,Hyderabad,Telangana,2023-06-28
CUST02877,Aarav Nair,Male,55,Chennai,Tamil Nadu,2023-05-25
CUST02878,Kabir Khan,Other,25,Chennai,Tamil Nadu,2023-08-05
CUST02879,Aditi Nair,Other,23,Bangalore,Karnataka,2024-02-13
CUST02880,Priya Patel,Female,61,Delhi,Delhi,2023-01-08
CUST02881,Sneha Shah,Female,38,Mumbai,Maharashtra,2023-06-12
CUST02882,Yash Shah,Other,49,Ahmedabad,Gujarat,2024-02-09
CUST02883,Shreya Nair,Female,64,Bangalore,Karnataka,2025-08-18
CUST02884,Aman Mishra,Male,50,Mumbai,Maharashtra,2025-06-25
CUST02885,Aarav Patel,Female,27,Bangalore,Karnataka,2024-02-09
CUST02886,Simran Singh,Other,22,Hyderabad,Telangana,2023-09-11
CUST02887,Rohan Mehta,Male,43,Chennai,Tamil Nadu,2024-04-11
CUST02888,Aman Gupta,Other,58,Lucknow,Uttar Pradesh,2025-04-24
CUST02889,Isha Shah,Female,65,Kolkata,West Bengal,2024-05-28
CUST02890,Sneha Kulkarni,Female,28,Mumbai,Maharashtra,2024-05-30
CUST02891,Arjun Sharma,Female,64,Delhi,Delhi,2025-10-08
CUST02892,Aditi Singh,Other,63,Kolkata,West Bengal,2023-06-13
CUST02893,Kabir Sharma,Other,41,Delhi,Delhi,2024-10-14
CUST02894,Shreya Khan,Other,38,Delhi,Delhi,2024-06-21
CUST02895,Kabir Joshi,Female,37,Ahmedabad,Gujarat,2025-01-28
CUST02896,Riya Joshi,Male,55,Jaipur,Rajasthan,2024-01-25
CUST02897,Priya Sharma,Female,47,Chennai,Tamil Nadu,2025-04-19
CUST02898,Aditya Jain,Female,46,Kolkata,West Bengal,2025-08-07
CUST02899,Rahul Mehta,Male,26,Kolkata,West Bengal,2025-05-09
CUST02900,Aditya Desai,Female,18,Bangalore,Karnataka,2025-03-29
CUST02901,Pooja Rao,Other,29,Bangalore,Karnataka,2023-11-06
CUST02902,Rohan Patel,Female,27,Mumbai,Maharashtra,2025-03-12
CUST02903,Karan Joshi,Female,43,Hyderabad,Telangana,2023-02-14
CUST02904,Priya Gupta,Male,30,Jaipur,Rajasthan,2024-07-22
CUST02905,Riya Singh,Female,28,Ahmedabad,Gujarat,2025-06-05
CUST02906,Riya Khan,Male,22,Mumbai,Maharashtra,2024-12-24
CUST02907,Aditya Nair,Male,33,Ahmedabad,Gujarat,2024-08-15
CUST02908,Yash Verma,Female,18,Hyderabad,Telangana,2025-05-02
CUST02909,Isha Khan,Other,37,Bangalore,Karnataka,2024-11-24
CUST02910,Shreya Desai,Other,26,Lucknow,Uttar Pradesh,2023-09-07
CUST02911,Yash Gupta,Other,26,Chennai,Tamil Nadu,2025-02-03
CUST02912,Neha Singh,Male,46,Ahmedabad,Gujarat,2023-05-10
CUST02913,Neha Desai,Female,62,Hyderabad,Telangana,2024-03-04
CUST02914,Sneha Jain,Female,53,Chennai,Tamil Nadu,2025-09-02
CUST02915,Aditya Singh,Male,38,Chennai,Tamil Nadu,2024-02-03
CUST02916,Aman Jain,Male,49,Hyderabad,Telangana,2024-04-30
CUST02917,Aman Verma,Other,24,Mumbai,Maharashtra,2024-10-03
CUST02918,Vikram Rao,Male,51,Bangalore,Karnataka,2024-10-20
CUST02919,Riya Verma,Male,46,Lucknow,Uttar Pradesh,2024-06-28
CUST02920,Vikram Rao,Other,27,Hyderabad,Telangana,2024-07-19
CUST02921,Neha Mishra,Male,32,Mumbai,Maharashtra,2025-08-28
CUST02922,Aarav Joshi,Other,27,Chennai,Tamil Nadu,2025-09-15
CUST02923,Karan Joshi,Other,52,Ahmedabad,Gujarat,2024-10-05
CUST02924,Rohan Mishra,Female,64,Hyderabad,Telangana,2023-09-04
CUST02925,Aditi Nair,Other,36,Hyderabad,Telangana,2025-12-08
CUST02926,Sneha Rao,Other,18,Kolkata,West Bengal,2025-05-16
CUST02927,Isha Gupta,Female,19,Hyderabad,Telangana,2023-10-23
CUST02928,Aarav Khan,Female,47,Kolkata,West Bengal,2023-06-11
CUST02929,Rahul Verma,Other,46,Kolkata,West Bengal,2023-11-18
CUST02930,Aditya Patel,Female,30,Pune,Maharashtra,2025-07-22
CUST02931,Shreya Verma,Other,26,Pune,Maharashtra,2023-11-30
CUST02932,Aditya Sharma,Female,53,Delhi,Delhi,2023-04-18
CUST02933,Riya Joshi,Other,42,Bangalore,Karnataka,2024-10-07
CUST02934,Simran Sharma,Female,29,Kolkata,West Bengal,2024-10-25
CUST02935,Aditya Singh,Female,54,Mumbai,Maharashtra,2024-08-02
CUST02936,Aman Sharma,Other,63,Jaipur,Rajasthan,2023-04-25
CUST02937,Rahul Verma,Male,27,Delhi,Delhi,2023-05-20
CUST02938,Ananya Kulkarni,Male,41,Bangalore,Karnataka,2024-04-26
CUST02939,Neha Joshi,Female,22,Delhi,Delhi,2025-04-25
CUST02940,Riya Desai,Other,44,Jaipur,Rajasthan,2023-05-08
CUST02941,Vikram Nair,Male,46,Bangalore,Karnataka,2023-07-03
CUST02942,Priya Patel,Male,21,Pune,Maharashtra,2024-04-10
CUST02943,Simran Sharma,Female,20,Mumbai,Maharashtra,2024-04-06
CUST02944,Aditi Shah,Male,50,Hyderabad,Telangana,2023-11-09
CUST02945,Aditya Joshi,Male,50,Kolkata,West Bengal,2025-03-21
CUST02946,Isha Verma,Other,22,Mumbai,Maharashtra,2025-04-29
CUST02947,Aditi Shah,Male,32,Lucknow,Uttar Pradesh,2023-03-15
CUST02948,Aman Verma,Other,23,Mumbai,Maharashtra,2024-12-16
CUST02949,Aman Jain,Male,43,Chennai,Tamil Nadu,2025-11-08
CUST02950,Rohan Mehta,Other,65,Jaipur,Rajasthan,2023-01-16
CUST02951,Shreya Gupta,Other,42,Pune,Maharashtra,2025-02-05
CUST02952,Priya Mishra,Female,30,Hyderabad,Telangana,2024-06-08
CUST02953,Aditya Jain,Male,59,Pune,Maharashtra,2025-03-15
CUST02954,Isha Verma,Other,59,Mumbai,Maharashtra,2025-07-01
CUST02955,Yash Rao,Male,25,Kolkata,West Bengal,2024-02-24
CUST02956,Aditi Desai,Male,54,Delhi,Delhi,2024-02-26
CUST02957,Isha Mishra,Female,47,Hyderabad,Telangana,2024-09-13
CUST02958,Aditi Khan,Male,50,Hyderabad,Telangana,2024-05-31
CUST02959,Aarav Gupta,Male,39,Mumbai,Maharashtra,2024-03-19
CUST02960,Rohan Verma,Female,43,Kolkata,West Bengal,2024-11-01
CUST02961,Shreya Rao,Female,53,Bangalore,Karnataka,2025-10-03
CUST02962,Shreya Gupta,Other,24,Hyderabad,Telangana,2023-06-09
CUST02963,Aarav Mishra,Male,35,Mumbai,Maharashtra,2023-04-13
CUST02964,Aarav Gupta,Other,54,Ahmedabad,Gujarat,2025-02-20
CUST02965,Priya Patel,Male,59,Mumbai,Maharashtra,2025-01-23
CUST02966,Rohan Desai,Female,44,Chennai,Tamil Nadu,2023-06-05
CUST02967,Aarav Gupta,Female,27,Mumbai,Maharashtra,2023-09-03
CUST02968,Karan Verma,Other,65,Hyderabad,Telangana,2023-09-04
CUST02969,Aarav Jain,Male,25,Ahmedabad,Gujarat,2023-12-24
CUST02970,Arjun Nair,Other,62,Hyderabad,Telangana,2025-07-21
CUST02971,Simran Gupta,Other,54,Pune,Maharashtra,2023-02-16
CUST02972,Riya Patel,Male,43,Bangalore,Karnataka,2024-03-17
CUST02973,Vikram Sharma,Female,47,Mumbai,Maharashtra,2025-10-15
CUST02974,Pooja Mehta,Other,22,Mumbai,Maharashtra,2023-04-01
CUST02975,Karan Nair,Male,35,Pune,Maharashtra,2025-09-08
CUST02976,Aarav Khan,Male,62,Pune,Maharashtra,2024-01-21
CUST02977,Kabir Rao,Other,45,Mumbai,Maharashtra,2023-04-01
CUST02978,Simran Nair,Other,65,Ahmedabad,Gujarat,2024-04-19
CUST02979,Aditi Gupta,Other,41,Chennai,Tamil Nadu,2023-07-01
CUST02980,Kabir Mishra,Female,60,Ahmedabad,Gujarat,2023-12-02
CUST02981,Neha Nair,Female,65,Jaipur,Rajasthan,2023-10-26
CUST02982,Neha Desai,Female,47,Bangalore,Karnataka,2025-04-02
CUST02983,Neha Rao,Other,49,Pune,Maharashtra,2023-10-30
CUST02984,Simran Desai,Male,56,Chennai,Tamil Nadu,2025-06-03
CUST02985,Karan Jain,Female,59,Bangalore,Karnataka,2024-11-12
CUST02986,Kabir Verma,Male,39,Jaipur,Rajasthan,2023-12-03
CUST02987,Yash Jain,Other,58,Bangalore,Karnataka,2024-11-30
CUST02988,Priya Mishra,Male,62,Lucknow,Uttar Pradesh,2023-10-13
CUST02989,Vikram Patel,Other,52,Kolkata,West Bengal,2023-08-18
CUST02990,Aditi Kulkarni,Female,53,Delhi,Delhi,2023-01-09
CUST02991,Priya Nair,Female,25,Hyderabad,Telangana,2024-11-16
CUST02992,Aditya Nair,Other,60,Chennai,Tamil Nadu,2025-03-19
CUST02993,Vikram Shah,Other,44,Lucknow,Uttar Pradesh,2024-12-20
CUST02994,Ananya Shah,Other,30,Ahmedabad,Gujarat,2023-11-15
CUST02995,Aarav Jain,Female,27,Jaipur,Rajasthan,2023-08-09
CUST02996,Arjun Nair,Female,37,Pune,Maharashtra,2024-05-10
CUST02997,Rohan Kulkarni,Male,19,Delhi,Delhi,2024-01-27
CUST02998,Aarav Gupta,Male,61,Delhi,Delhi,2024-02-29
CUST02999,Arjun Patel,Male,45,Pune,Maharashtra,2025-07-15
CUST03000,Neha Khan,Other,56,Kolkata,West Bengal,2023-01-22
CUST03001,Isha Joshi,Male,37,Kolkata,West Bengal,2025-02-06
CUST03002,Pooja Singh,Other,57,Lucknow,Uttar Pradesh,2025-09-06
CUST03003,Aman Sharma,Female,38,Ahmedabad,Gujarat,2023-03-06
CUST03004,Neha Sharma,Female,52,Pune,Maharashtra,2025-08-27
CUST03005,Ananya Desai,Other,49,Lucknow,Uttar Pradesh,2024-12-19
CUST03006,Aarav Desai,Male,48,Mumbai,Maharashtra,2025-09-25
CUST03007,Karan Kulkarni,Male,64,Delhi,Delhi,2023-06-19
CUST03008,Ananya Verma,Male,56,Kolkata,West Bengal,2024-11-21
CUST03009,Riya Sharma,Other,63,Chennai,Tamil Nadu,2024-09-26
CUST03010,Kabir Shah,Male,18,Lucknow,Uttar Pradesh,2025-04-20
CUST03011,Rahul Singh,Female,22,Mumbai,Maharashtra,2025-11-02
CUST03012,Yash Mehta,Other,54,Ahmedabad,Gujarat,2024-07-16
CUST03013,Vikram Rao,Female,55,Jaipur,Rajasthan,2023-04-10
CUST03014,Ananya Nair,Male,46,Jaipur,Rajasthan,2025-10-02
CUST03015,Isha Mishra,Female,56,Bangalore,Karnataka,2023-03-23
CUST03016,Aditya Desai,Male,30,Delhi,Delhi,2023-11-14
CUST03017,Riya Verma,Female,65,Hyderabad,Telangana,2023-01-12
CUST03018,Priya Rao,Female,29,Kolkata,West Bengal,2023-03-31
CUST03019,Sneha Joshi,Male,63,Lucknow,Uttar Pradesh,2025-10-07
CUST03020,Kabir Rao,Male,26,Delhi,Delhi,2023-07-27
CUST03021,Rahul Nair,Female,49,Lucknow,Uttar Pradesh,2023-02-18
CUST03022,Neha Rao,Other,51,Kolkata,West Bengal,2023-02-12
CUST03023,Neha Khan,Female,48,Jaipur,Rajasthan,2023-08-06
CUST03024,Aditi Gupta,Male,22,Kolkata,West Bengal,2025-05-14
CUST03025,Arjun Gupta,Female,50,Chennai,Tamil Nadu,2025-08-30
CUST03026,Sneha Jain,Male,28,Bangalore,Karnataka,2023-09-05
CUST03027,Arjun Singh,Female,60,Bangalore,Karnataka,2024-02-07
CUST03028,Simran Joshi,Female,22,Jaipur,Rajasthan,2024-06-22
CUST03029,Priya Singh,Other,20,Kolkata,West Bengal,2023-08-26
CUST03030,Sneha Shah,Male,65,Bangalore,Karnataka,2024-09-07
CUST03031,Vikram Sharma,Other,18,Chennai,Tamil Nadu,2023-05-03
CUST03032,Ananya Kulkarni,Male,37,Pune,Maharashtra,2025-12-22
CUST03033,Rahul Joshi,Male,30,Hyderabad,Telangana,2025-09-10
CUST03034,Riya Verma,Male,29,Ahmedabad,Gujarat,2024-03-14
CUST03035,Vikram Kulkarni,Male,60,Jaipur,Rajasthan,2023-05-26
CUST03036,Rahul Mishra,Male,48,Jaipur,Rajasthan,2023-10-25
CUST03037,Yash Patel,Male,58,Lucknow,Uttar Pradesh,2023-12-04
CUST03038,Pooja Mishra,Female,44,Chennai,Tamil Nadu,2024-04-06
CUST03039,Aditi Rao,Female,43,Kolkata,West Bengal,2023-03-29
CUST03040,Aarav Shah,Female,56,Chennai,Tamil Nadu,2025-03-11
CUST03041,Sneha Nair,Other,50,Bangalore,Karnataka,2025-09-08
CUST03042,Pooja Khan,Other,51,Bangalore,Karnataka,2024-05-09
CUST03043,Isha Verma,Other,19,Delhi,Delhi,2025-06-05
CUST03044,Pooja Patel,Other,27,Jaipur,Rajasthan,2023-06-23
CUST03045,Aditi Joshi,Female,47,Pune,Maharashtra,2025-03-16
CUST03046,Aditya Gupta,Female,48,Jaipur,Rajasthan,2024-10-31
CUST03047,Yash Verma,Female,39,Kolkata,West Bengal,2023-10-09
CUST03048,Arjun Nair,Other,51,Ahmedabad,Gujarat,2024-12-02
CUST03049,Shreya Khan,Other,35,Delhi,Delhi,2024-05-30
CUST03050,Karan Mishra,Male,38,Pune,Maharashtra,2025-11-17
CUST03051,Aditya Jain,Female,37,Hyderabad,Telangana,2024-01-27
CUST03052,Rohan Mishra,Other,44,Chennai,Tamil Nadu,2025-11-26
CUST03053,Karan Gupta,Other,60,Lucknow,Uttar Pradesh,2025-05-18
CUST03054,Rohan Rao,Other,36,Lucknow,Uttar Pradesh,2023-10-13
CUST03055,Rohan Khan,Male,47,Chennai,Tamil Nadu,2024-10-19
CUST03056,Aman Kulkarni,Other,64,Bangalore,Karnataka,2023-08-29
CUST03057,Isha Khan,Other,58,Hyderabad,Telangana,2024-02-26
CUST03058,Aditya Mehta,Male,43,Ahmedabad,Gujarat,2025-02-06
CUST03059,Riya Nair,Other,39,Pune,Maharashtra,2025-07-29
CUST03060,Rahul Gupta,Female,25,Lucknow,Uttar Pradesh,2023-05-28
CUST03061,Vikram Mishra,Male,22,Jaipur,Rajasthan,2025-03-16
CUST03062,Rohan Rao,Female,53,Pune,Maharashtra,2025-10-10
CUST03063,Aman Mishra,Other,44,Pune,Maharashtra,2025-11-12
CUST03064,Rohan Gupta,Other,49,Mumbai,Maharashtra,2025-05-25
CUST03065,Shreya Patel,Female,38,Ahmedabad,Gujarat,2025-06-14
CUST03066,Ananya Mehta,Female,21,Bangalore,Karnataka,2023-09-09
CUST03067,Aditi Mishra,Male,53,Delhi,Delhi,2024-07-22
CUST03068,Simran Gupta,Other,61,Bangalore,Karnataka,2023-07-16
CUST03069,Pooja Shah,Male,25,Mumbai,Maharashtra,2023-05-03
CUST03070,Aditya Singh,Female,33,Pune,Maharashtra,2024-08-05
CUST03071,Sneha Shah,Other,40,Lucknow,Uttar Pradesh,2024-06-30
CUST03072,Sneha Mehta,Male,28,Mumbai,Maharashtra,2024-10-10
CUST03073,Vikram Shah,Male,23,Jaipur,Rajasthan,2023-02-05
CUST03074,Aman Nair,Female,25,Lucknow,Uttar Pradesh,2024-07-06
CUST03075,Ananya Shah,Male,47,Kolkata,West Bengal,2024-03-28
CUST03076,Shreya Mehta,Female,24,Bangalore,Karnataka,2024-03-27
CUST03077,Aarav Shah,Other,56,Pune,Maharashtra,2025-06-10
CUST03078,Vikram Verma,Male,23,Hyderabad,Telangana,2024-04-20
CUST03079,Pooja Nair,Male,65,Ahmedabad,Gujarat,2025-06-25
CUST03080,Vikram Mishra,Male,52,Lucknow,Uttar Pradesh,2025-02-17
CUST03081,Karan Shah,Other,39,Ahmedabad,Gujarat,2025-06-13
CUST03082,Aditya Sharma,Other,42,Ahmedabad,Gujarat,2025-11-05
CUST03083,Kabir Singh,Male,63,Hyderabad,Telangana,2025-02-02
CUST03084,Arjun Singh,Female,31,Kolkata,West Bengal,2023-12-11
CUST03085,Rohan Joshi,Female,33,Chennai,Tamil Nadu,2025-04-09
CUST03086,Isha Jain,Other,48,Hyderabad,Telangana,2025-02-16
CUST03087,Aarav Khan,Other,62,Lucknow,Uttar Pradesh,2024-05-14
CUST03088,Arjun Verma,Other,40,Mumbai,Maharashtra,2025-03-07
CUST03089,Neha Desai,Female,64,Mumbai,Maharashtra,2025-10-02
CUST03090,Kabir Jain,Female,34,Kolkata,West Bengal,2023-07-03
CUST03091,Neha Shah,Female,48,Pune,Maharashtra,2025-01-20
CUST03092,Priya Mehta,Other,51,Hyderabad,Telangana,2025-11-25
CUST03093,Rohan Mishra,Female,21,Mumbai,Maharashtra,2025-02-20
CUST03094,Sneha Patel,Other,62,Bangalore,Karnataka,2023-07-09
CUST03095,Simran Sharma,Other,34,Pune,Maharashtra,2023-06-12
CUST03096,Kabir Mehta,Female,35,Pune,Maharashtra,2023-10-18
CUST03097,Priya Shah,Male,51,Kolkata,West Bengal,2024-09-30
CUST03098,Arjun Shah,Other,59,Delhi,Delhi,2023-04-17
CUST03099,Priya Gupta,Female,28,Jaipur,Rajasthan,2025-08-21
CUST03100,Sneha Sharma,Male,24,Hyderabad,Telangana,2023-06-07
CUST03101,Karan Mishra,Male,47,Bangalore,Karnataka,2025-12-29
CUST03102,Simran Rao,Male,52,Chennai,Tamil Nadu,2024-01-02
CUST03103,Priya Shah,Male,35,Mumbai,Maharashtra,2024-10-28
CUST03104,Yash Mishra,Other,21,Mumbai,Maharashtra,2025-10-22
CUST03105,Vikram Mehta,Female,27,Bangalore,Karnataka,2023-04-10
CUST03106,Rahul Shah,Other,35,Lucknow,Uttar Pradesh,2025-01-22
CUST03107,Kabir Shah,Other,25,Ahmedabad,Gujarat,2023-12-25
CUST03108,Sneha Mehta,Male,42,Lucknow,Uttar Pradesh,2023-03-28
CUST03109,Rahul Sharma,Other,49,Pune,Maharashtra,2025-08-01
CUST03110,Vikram Kulkarni,Other,47,Jaipur,Rajasthan,2025-04-07
CUST03111,Yash Joshi,Female,51,Lucknow,Uttar Pradesh,2025-04-09
CUST03112,Pooja Mehta,Male,20,Jaipur,Rajasthan,2025-10-20
CUST03113,Rohan Patel,Female,25,Lucknow,Uttar Pradesh,2025-01-22
CUST03114,Shreya Jain,Female,37,Kolkata,West Bengal,2025-02-22
CUST03115,Neha Sharma,Male,19,Chennai,Tamil Nadu,2025-09-24
CUST03116,Rohan Desai,Other,65,Bangalore,Karnataka,2025-07-10
CUST03117,Rahul Khan,Male,27,Pune,Maharashtra,2025-03-22
CUST03118,Aarav Jain,Female,49,Hyderabad,Telangana,2025-06-18
CUST03119,Vikram Verma,Male,47,Ahmedabad,Gujarat,2025-01-30
CUST03120,Rahul Desai,Male,58,Mumbai,Maharashtra,2024-05-17
CUST03121,Ananya Gupta,Female,47,Chennai,Tamil Nadu,2023-04-19
CUST03122,Vikram Jain,Other,36,Kolkata,West Bengal,2023-06-09
CUST03123,Neha Mishra,Male,48,Jaipur,Rajasthan,2025-09-04
CUST03124,Arjun Joshi,Female,50,Chennai,Tamil Nadu,2024-02-01
CUST03125,Priya Sharma,Other,63,Delhi,Delhi,2023-10-26
CUST03126,Simran Gupta,Other,31,Mumbai,Maharashtra,2023-02-20
CUST03127,Yash Joshi,Female,39,Mumbai,Maharashtra,2025-07-07
CUST03128,Shreya Verma,Female,41,Chennai,Tamil Nadu,2024-10-30
CUST03129,Aditi Rao,Female,49,Jaipur,Rajasthan,2023-09-10
CUST03130,Pooja Rao,Other,53,Jaipur,Rajasthan,2023-03-16
CUST03131,Aman Kulkarni,Female,39,Delhi,Delhi,2023-11-11
CUST03132,Kabir Nair,Male,30,Pune,Maharashtra,2023-10-22
CUST03133,Arjun Singh,Female,32,Kolkata,West Bengal,2024-07-18
CUST03134,Aditi Sharma,Male,30,Pune,Maharashtra,2023-01-25
CUST03135,Pooja Singh,Male,45,Hyderabad,Telangana,2025-05-05
CUST03136,Simran Singh,Male,22,Pune,Maharashtra,2024-03-07
CUST03137,Priya Mishra,Other,48,Mumbai,Maharashtra,2024-06-27
CUST03138,Arjun Shah,Other,49,Ahmedabad,Gujarat,2023-12-06
CUST03139,Ananya Patel,Other,64,Ahmedabad,Gujarat,2024-12-02
CUST03140,Neha Mishra,Other,53,Ahmedabad,Gujarat,2024-06-12
CUST03141,Simran Jain,Other,27,Chennai,Tamil Nadu,2024-10-30
CUST03142,Aman Kulkarni,Male,19,Pune,Maharashtra,2024-05-17
CUST03143,Pooja Verma,Other,37,Pune,Maharashtra,2024-11-03
CUST03144,Riya Nair,Other,37,Kolkata,West Bengal,2023-04-16
CUST03145,Karan Patel,Male,33,Bangalore,Karnataka,2024-04-02
CUST03146,Kabir Jain,Other,52,Bangalore,Karnataka,2023-07-21
CUST03147,Yash Joshi,Female,54,Kolkata,West Bengal,2025-03-29
CUST03148,Aditya Gupta,Male,57,Delhi,Delhi,2024-05-11
CUST03149,Riya Jain,Male,45,Delhi,Delhi,2024-10-04
CUST03150,Vikram Mishra,Female,48,Kolkata,West Bengal,2023-11-12
CUST03151,Aarav Joshi,Female,33,Chennai,Tamil Nadu,2023-08-31
CUST03152,Riya Jain,Other,31,Ahmedabad,Gujarat,2025-03-22
CUST03153,Vikram Desai,Male,57,Hyderabad,Telangana,2024-08-09
CUST03154,Priya Joshi,Other,42,Bangalore,Karnataka,2024-10-31
CUST03155,Arjun Patel,Other,18,Delhi,Delhi,2023-06-18
CUST03156,Rahul Kulkarni,Male,62,Kolkata,West Bengal,2025-10-05
CUST03157,Rahul Sharma,Male,20,Mumbai,Maharashtra,2025-08-23
CUST03158,Rahul Gupta,Other,54,Chennai,Tamil Nadu,2025-01-01
CUST03159,Arjun Sharma,Female,24,Bangalore,Karnataka,2024-09-26
CUST03160,Aditi Singh,Other,18,Delhi,Delhi,2023-03-22
CUST03161,Rohan Rao,Female,24,Bangalore,Karnataka,2025-03-11
CUST03162,Karan Singh,Male,57,Pune,Maharashtra,2025-12-13
CUST03163,Isha Mehta,Other,34,Delhi,Delhi,2025-08-04
CUST03164,Priya Khan,Female,56,Jaipur,Rajasthan,2023-07-16
CUST03165,Sneha Nair,Female,39,Pune,Maharashtra,2023-03-07
CUST03166,Priya Nair,Female,50,Ahmedabad,Gujarat,2025-07-15
CUST03167,Isha Gupta,Male,37,Kolkata,West Bengal,2025-05-06
CUST03168,Aditya Shah,Male,63,Hyderabad,Telangana,2025-08-02
CUST03169,Rahul Sharma,Other,25,Delhi,Delhi,2023-05-01
CUST03170,Rahul Patel,Male,64,Ahmedabad,Gujarat,2023-09-16
CUST03171,Arjun Gupta,Other,33,Chennai,Tamil Nadu,2024-10-17
CUST03172,Riya Desai,Other,60,Kolkata,West Bengal,2023-09-09
CUST03173,Simran Nair,Other,31,Lucknow,Uttar Pradesh,2024-09-11
CUST03174,Riya Khan,Male,43,Mumbai,Maharashtra,2025-01-15
CUST03175,Rohan Joshi,Male,34,Delhi,Delhi,2023-04-11
CUST03176,Vikram Mehta,Other,43,Ahmedabad,Gujarat,2025-08-07
CUST03177,Aditya Verma,Other,63,Bangalore,Karnataka,2024-10-31
CUST03178,Pooja Khan,Male,28,Chennai,Tamil Nadu,2024-01-12
CUST03179,Karan Desai,Female,27,Delhi,Delhi,2025-09-24
CUST03180,Aditi Jain,Other,56,Bangalore,Karnataka,2024-05-06
CUST03181,Riya Gupta,Female,20,Hyderabad,Telangana,2024-01-05
CUST03182,Aarav Khan,Other,41,Chennai,Tamil Nadu,2024-12-03
CUST03183,Aditya Sharma,Other,30,Delhi,Delhi,2025-09-15
CUST03184,Rohan Mehta,Female,51,Chennai,Tamil Nadu,2025-10-31
CUST03185,Vikram Jain,Female,64,Jaipur,Rajasthan,2024-02-07
CUST03186,Aditi Verma,Other,47,Lucknow,Uttar Pradesh,2024-08-17
CUST03187,Aditi Gupta,Female,55,Chennai,Tamil Nadu,2023-02-06
CUST03188,Arjun Verma,Other,54,Kolkata,West Bengal,2025-08-07
CUST03189,Sneha Jain,Female,34,Chennai,Tamil Nadu,2024-04-01
CUST03190,Isha Jain,Other,55,Mumbai,Maharashtra,2024-04-14
CUST03191,Karan Desai,Other,32,Pune,Maharashtra,2023-01-09
CUST03192,Aditi Shah,Female,18,Ahmedabad,Gujarat,2024-05-04
CUST03193,Pooja Sharma,Other,52,Delhi,Delhi,2024-07-14
CUST03194,Pooja Sharma,Other,60,Jaipur,Rajasthan,2024-09-19
CUST03195,Aditi Verma,Other,60,Lucknow,Uttar Pradesh,2024-03-13
CUST03196,Simran Gupta,Female,53,Delhi,Delhi,2024-04-25
CUST03197,Aditya Mehta,Male,61,Jaipur,Rajasthan,2024-02-15
CUST03198,Pooja Patel,Female,19,Chennai,Tamil Nadu,2024-05-17
CUST03199,Ananya Mehta,Other,36,Pune,Maharashtra,2023-12-13
CUST03200,Karan Desai,Male,64,Bangalore,Karnataka,2025-05-23
CUST03201,Priya Joshi,Female,52,Delhi,Delhi,2024-08-14
CUST03202,Simran Khan,Male,25,Delhi,Delhi,2023-06-06
CUST03203,Aarav Shah,Male,25,Delhi,Delhi,2024-07-07
CUST03204,Kabir Joshi,Other,47,Delhi,Delhi,2025-10-21
CUST03205,Yash Patel,Male,40,Ahmedabad,Gujarat,2024-07-23
CUST03206,Arjun Joshi,Male,52,Bangalore,Karnataka,2025-03-05
CUST03207,Karan Nair,Male,28,Mumbai,Maharashtra,2023-06-26
CUST03208,Rahul Joshi,Other,52,Bangalore,Karnataka,2025-12-05
CUST03209,Rohan Verma,Female,42,Chennai,Tamil Nadu,2023-03-03
CUST03210,Pooja Patel,Male,28,Jaipur,Rajasthan,2025-04-04
CUST03211,Rohan Singh,Other,32,Ahmedabad,Gujarat,2023-05-18
CUST03212,Riya Kulkarni,Female,59,Ahmedabad,Gujarat,2025-03-04
CUST03213,Neha Shah,Female,30,Mumbai,Maharashtra,2023-03-16
CUST03214,Aarav Singh,Other,41,Chennai,Tamil Nadu,2023-02-05
CUST03215,Aditya Desai,Female,23,Mumbai,Maharashtra,2024-10-07
CUST03216,Rahul Mishra,Other,25,Delhi,Delhi,2025-12-02
CUST03217,Aman Mehta,Other,53,Ahmedabad,Gujarat,2025-10-09
CUST03218,Aditya Patel,Other,38,Lucknow,Uttar Pradesh,2023-03-08
CUST03219,Sneha Gupta,Female,20,Jaipur,Rajasthan,2025-05-21
CUST03220,Ananya Sharma,Other,34,Pune,Maharashtra,2023-10-08
CUST03221,Vikram Mehta,Female,22,Pune,Maharashtra,2024-11-27
CUST03222,Yash Joshi,Female,65,Delhi,Delhi,2025-10-17
CUST03223,Isha Desai,Female,38,Mumbai,Maharashtra,2023-02-23
CUST03224,Priya Nair,Other,56,Delhi,Delhi,2023-10-09
CUST03225,Shreya Mishra,Male,24,Delhi,Delhi,2025-01-12
CUST03226,Karan Rao,Male,29,Chennai,Tamil Nadu,2024-10-13
CUST03227,Aman Shah,Male,21,Lucknow,Uttar Pradesh,2023-06-11
CUST03228,Karan Gupta,Other,53,Jaipur,Rajasthan,2023-06-13
CUST03229,Aman Mishra,Other,60,Jaipur,Rajasthan,2024-08-31
CUST03230,Isha Patel,Female,44,Kolkata,West Bengal,2023-03-25
CUST03231,Arjun Khan,Other,21,Chennai,Tamil Nadu,2024-07-05
CUST03232,Rahul Patel,Male,48,Delhi,Delhi,2023-01-09
CUST03233,Aditi Verma,Other,24,Chennai,Tamil Nadu,2025-04-11
CUST03234,Karan Mehta,Male,39,Lucknow,Uttar Pradesh,2024-05-22
CUST03235,Priya Mehta,Other,19,Lucknow,Uttar Pradesh,2023-08-01
CUST03236,Riya Shah,Other,61,Bangalore,Karnataka,2023-12-13
CUST03237,Yash Shah,Other,51,Kolkata,West Bengal,2023-01-11
CUST03238,Karan Singh,Other,33,Hyderabad,Telangana,2025-10-05
CUST03239,Aditi Desai,Male,51,Hyderabad,Telangana,2025-03-06
CUST03240,Isha Joshi,Other,44,Bangalore,Karnataka,2025-04-08
CUST03241,Aman Gupta,Other,25,Pune,Maharashtra,2024-05-25
CUST03242,Pooja Gupta,Male,25,Lucknow,Uttar Pradesh,2025-10-16
CUST03243,Vikram Singh,Other,26,Hyderabad,Telangana,2024-06-02
CUST03244,Aman Mehta,Other,33,Lucknow,Uttar Pradesh,2023-09-03
CUST03245,Rahul Nair,Male,65,Mumbai,Maharashtra,2024-04-17
CUST03246,Aditi Nair,Male,31,Delhi,Delhi,2025-03-19
CUST03247,Karan Patel,Other,31,Lucknow,Uttar Pradesh,2023-01-06
CUST03248,Ananya Mishra,Male,39,Mumbai,Maharashtra,2025-04-26
CUST03249,Rohan Verma,Other,59,Bangalore,Karnataka,2023-10-29
CUST03250,Ananya Mishra,Female,42,Chennai,Tamil Nadu,2024-10-27
CUST03251,Yash Khan,Other,30,Pune,Maharashtra,2025-06-27
CUST03252,Rahul Shah,Male,60,Kolkata,West Bengal,2024-12-24
CUST03253,Sneha Verma,Female,21,Ahmedabad,Gujarat,2024-07-14
CUST03254,Karan Sharma,Male,21,Kolkata,West Bengal,2025-08-07
CUST03255,Aditi Nair,Female,31,Ahmedabad,Gujarat,2025-12-09
CUST03256,Pooja Patel,Female,35,Pune,Maharashtra,2023-10-16
CUST03257,Priya Desai,Other,22,Mumbai,Maharashtra,2025-08-27
CUST03258,Aman Verma,Other,32,Chennai,Tamil Nadu,2024-09-12
CUST03259,Kabir Shah,Female,35,Pune,Maharashtra,2025-09-03
CUST03260,Priya Verma,Male,19,Hyderabad,Telangana,2025-06-16
CUST03261,Sneha Khan,Male,53,Ahmedabad,Gujarat,2025-02-26
CUST03262,Yash Khan,Female,64,Bangalore,Karnataka,2023-08-13
CUST03263,Neha Kulkarni,Female,60,Pune,Maharashtra,2023-07-22
CUST03264,Yash Rao,Male,22,Pune,Maharashtra,2025-04-06
CUST03265,Aman Jain,Female,34,Delhi,Delhi,2024-05-09
CUST03266,Sneha Rao,Male,58,Jaipur,Rajasthan,2025-12-21
CUST03267,Riya Kulkarni,Male,38,Mumbai,Maharashtra,2023-11-02
CUST03268,Simran Desai,Male,48,Lucknow,Uttar Pradesh,2024-11-29
CUST03269,Rohan Mehta,Other,45,Delhi,Delhi,2024-09-19
CUST03270,Karan Nair,Other,43,Pune,Maharashtra,2024-02-13
CUST03271,Shreya Singh,Male,42,Lucknow,Uttar Pradesh,2024-12-31
CUST03272,Riya Singh,Female,20,Hyderabad,Telangana,2024-05-16
CUST03273,Aditya Joshi,Other,39,Ahmedabad,Gujarat,2024-05-08
CUST03274,Riya Shah,Other,22,Kolkata,West Bengal,2023-02-03
CUST03275,Ananya Singh,Female,20,Bangalore,Karnataka,2024-04-18
CUST03276,Rohan Verma,Other,22,Kolkata,West Bengal,2025-12-31
CUST03277,Ananya Khan,Other,26,Jaipur,Rajasthan,2025-06-22
CUST03278,Sneha Nair,Female,24,Hyderabad,Telangana,2024-03-23
CUST03279,Aditi Gupta,Male,35,Mumbai,Maharashtra,2025-04-17
CUST03280,Aman Jain,Male,39,Ahmedabad,Gujarat,2024-03-04
CUST03281,Sneha Singh,Female,56,Delhi,Delhi,2023-07-11
CUST03282,Simran Nair,Female,62,Hyderabad,Telangana,2023-04-01
CUST03283,Karan Kulkarni,Female,31,Bangalore,Karnataka,2023-01-14
CUST03284,Pooja Jain,Male,50,Chennai,Tamil Nadu,2023-07-24
CUST03285,Aman Shah,Male,45,Lucknow,Uttar Pradesh,2024-07-22
CUST03286,Neha Jain,Other,62,Chennai,Tamil Nadu,2025-07-15
CUST03287,Priya Sharma,Other,35,Delhi,Delhi,2023-02-13
CUST03288,Rohan Mehta,Other,20,Bangalore,Karnataka,2024-04-24
CUST03289,Priya Shah,Male,36,Hyderabad,Telangana,2024-02-09
CUST03290,Kabir Sharma,Other,26,Ahmedabad,Gujarat,2024-04-07
CUST03291,Aditi Patel,Other,37,Hyderabad,Telangana,2025-01-20
CUST03292,Pooja Mehta,Female,42,Delhi,Delhi,2023-11-22
CUST03293,Aarav Mehta,Other,29,Chennai,Tamil Nadu,2023-03-13
CUST03294,Pooja Patel,Male,22,Delhi,Delhi,2023-11-19
CUST03295,Rahul Desai,Male,62,Delhi,Delhi,2025-06-09
CUST03296,Priya Gupta,Other,55,Jaipur,Rajasthan,2025-12-23
CUST03297,Aditya Jain,Other,52,Ahmedabad,Gujarat,2023-11-19
CUST03298,Aman Shah,Male,57,Ahmedabad,Gujarat,2025-05-20
CUST03299,Kabir Gupta,Other,31,Chennai,Tamil Nadu,2024-06-16
CUST03300,Aarav Shah,Female,52,Kolkata,West Bengal,2024-08-28
CUST03301,Kabir Jain,Other,26,Delhi,Delhi,2023-08-25
CUST03302,Aditi Shah,Other,48,Jaipur,Rajasthan,2023-08-20
CUST03303,Vikram Jain,Male,51,Lucknow,Uttar Pradesh,2023-10-04
CUST03304,Priya Kulkarni,Male,21,Hyderabad,Telangana,2023-09-16
CUST03305,Yash Mishra,Male,52,Lucknow,Uttar Pradesh,2023-06-01
CUST03306,Simran Patel,Other,23,Chennai,Tamil Nadu,2025-12-11
CUST03307,Karan Gupta,Male,20,Chennai,Tamil Nadu,2023-10-06
CUST03308,Pooja Verma,Male,62,Hyderabad,Telangana,2023-10-14
CUST03309,Arjun Kulkarni,Male,45,Bangalore,Karnataka,2025-06-24
CUST03310,Simran Patel,Male,61,Chennai,Tamil Nadu,2025-08-01
CUST03311,Karan Mishra,Male,18,Chennai,Tamil Nadu,2023-03-03
CUST03312,Aarav Rao,Male,38,Mumbai,Maharashtra,2023-03-04
CUST03313,Priya Rao,Male,62,Lucknow,Uttar Pradesh,2023-06-16
CUST03314,Rohan Verma,Other,59,Delhi,Delhi,2025-06-18
CUST03315,Neha Sharma,Other,27,Lucknow,Uttar Pradesh,2023-02-22
CUST03316,Neha Joshi,Other,59,Kolkata,West Bengal,2023-08-24
CUST03317,Isha Rao,Male,23,Pune,Maharashtra,2024-06-18
CUST03318,Simran Mishra,Female,49,Bangalore,Karnataka,2025-09-03
CUST03319,Yash Jain,Male,36,Delhi,Delhi,2023-11-05
CUST03320,Yash Singh,Female,48,Mumbai,Maharashtra,2024-10-05
CUST03321,Aditi Kulkarni,Male,20,Kolkata,West Bengal,2025-08-15
CUST03322,Shreya Sharma,Male,42,Mumbai,Maharashtra,2024-06-19
CUST03323,Neha Khan,Female,64,Chennai,Tamil Nadu,2023-07-01
CUST03324,Yash Gupta,Female,42,Jaipur,Rajasthan,2023-11-04
CUST03325,Aman Patel,Male,35,Hyderabad,Telangana,2025-04-25
CUST03326,Yash Shah,Other,21,Chennai,Tamil Nadu,2025-01-26
CUST03327,Neha Gupta,Other,20,Bangalore,Karnataka,2025-02-07
CUST03328,Simran Nair,Male,44,Mumbai,Maharashtra,2025-08-20
CUST03329,Rohan Shah,Other,40,Kolkata,West Bengal,2025-07-31
CUST03330,Aarav Rao,Male,26,Lucknow,Uttar Pradesh,2025-12-12
CUST03331,Arjun Sharma,Male,43,Pune,Maharashtra,2023-04-07
CUST03332,Karan Mishra,Other,51,Jaipur,Rajasthan,2023-09-12
CUST03333,Aarav Gupta,Other,48,Pune,Maharashtra,2023-12-30
CUST03334,Riya Jain,Male,42,Hyderabad,Telangana,2025-11-22
CUST03335,Rohan Kulkarni,Female,33,Delhi,Delhi,2025-03-29
CUST03336,Rahul Khan,Other,43,Delhi,Delhi,2023-10-17
CUST03337,Shreya Khan,Other,54,Pune,Maharashtra,2023-12-16
CUST03338,Isha Desai,Male,33,Pune,Maharashtra,2023-11-21
CUST03339,Pooja Rao,Other,64,Bangalore,Karnataka,2025-01-24
CUST03340,Yash Desai,Female,34,Hyderabad,Telangana,2023-08-02
CUST03341,Arjun Verma,Female,58,Mumbai,Maharashtra,2025-03-10
CUST03342,Vikram Mehta,Female,20,Chennai,Tamil Nadu,2025-02-04
CUST03343,Priya Desai,Female,52,Hyderabad,Telangana,2025-01-25
CUST03344,Priya Gupta,Other,23,Hyderabad,Telangana,2023-02-17
CUST03345,Riya Desai,Female,36,Pune,Maharashtra,2025-04-22
CUST03346,Yash Singh,Male,32,Jaipur,Rajasthan,2025-10-31
CUST03347,Ananya Joshi,Other,29,Hyderabad,Telangana,2025-10-22
CUST03348,Karan Joshi,Other,62,Bangalore,Karnataka,2025-08-11
CUST03349,Aditi Khan,Female,61,Chennai,Tamil Nadu,2023-03-18
CUST03350,Aditi Mishra,Male,31,Pune,Maharashtra,2024-05-04
CUST03351,Rohan Rao,Other,34,Chennai,Tamil Nadu,2024-02-02
CUST03352,Aman Joshi,Other,32,Delhi,Delhi,2025-03-19
CUST03353,Rahul Rao,Male,63,Delhi,Delhi,2023-07-04
CUST03354,Shreya Verma,Other,25,Jaipur,Rajasthan,2025-08-13
CUST03355,Simran Sharma,Male,55,Lucknow,Uttar Pradesh,2024-02-11
CUST03356,Arjun Khan,Male,26,Hyderabad,Telangana,2025-10-05
CUST03357,Vikram Khan,Male,44,Chennai,Tamil Nadu,2024-04-07
CUST03358,Aditi Nair,Other,50,Delhi,Delhi,2023-06-21
CUST03359,Riya Rao,Male,47,Chennai,Tamil Nadu,2025-03-08
CUST03360,Yash Mishra,Male,18,Kolkata,West Bengal,2025-12-10
CUST03361,Priya Shah,Other,24,Mumbai,Maharashtra,2023-03-02
CUST03362,Aditya Rao,Other,26,Kolkata,West Bengal,2023-08-18
CUST03363,Shreya Kulkarni,Other,42,Mumbai,Maharashtra,2024-05-15
CUST03364,Aditya Verma,Other,36,Ahmedabad,Gujarat,2024-06-24
CUST03365,Shreya Patel,Other,61,Kolkata,West Bengal,2023-01-07
CUST03366,Rohan Desai,Male,21,Chennai,Tamil Nadu,2024-12-09
CUST03367,Arjun Gupta,Male,51,Lucknow,Uttar Pradesh,2023-05-26
CUST03368,Aman Gupta,Male,32,Delhi,Delhi,2024-08-21
CUST03369,Vikram Kulkarni,Male,55,Ahmedabad,Gujarat,2024-12-03
CUST03370,Rahul Rao,Male,64,Kolkata,West Bengal,2024-02-03
CUST03371,Priya Shah,Male,22,Lucknow,Uttar Pradesh,2025-11-01
CUST03372,Sneha Verma,Female,44,Pune,Maharashtra,2024-11-17
CUST03373,Arjun Patel,Other,65,Pune,Maharashtra,2023-03-16
CUST03374,Isha Mehta,Other,20,Jaipur,Rajasthan,2025-04-14
CUST03375,Neha Khan,Male,49,Mumbai,Maharashtra,2024-11-22
CUST03376,Vikram Desai,Other,62,Kolkata,West Bengal,2023-04-05
CUST03377,Ananya Patel,Male,20,Bangalore,Karnataka,2025-05-23
CUST03378,Rohan Mishra,Male,41,Mumbai,Maharashtra,2025-12-01
CUST03379,Vikram Desai,Male,42,Lucknow,Uttar Pradesh,2023-07-01
CUST03380,Rahul Khan,Female,65,Ahmedabad,Gujarat,2023-05-29
CUST03381,Rohan Patel,Female,39,Bangalore,Karnataka,2024-03-23
CUST03382,Neha Sharma,Other,29,Kolkata,West Bengal,2025-11-08
CUST03383,Pooja Singh,Other,49,Delhi,Delhi,2025-09-21
CUST03384,Pooja Rao,Other,31,Jaipur,Rajasthan,2023-10-20
CUST03385,Yash Mishra,Other,20,Pune,Maharashtra,2024-08-17
CUST03386,Ananya Shah,Other,46,Pune,Maharashtra,2023-01-11
CUST03387,Rohan Joshi,Female,60,Pune,Maharashtra,2024-05-01
CUST03388,Simran Nair,Female,20,Jaipur,Rajasthan,2023-10-07
CUST03389,Rohan Shah,Male,24,Chennai,Tamil Nadu,2023-09-12
CUST03390,Neha Verma,Other,41,Mumbai,Maharashtra,2023-04-08
CUST03391,Aman Singh,Female,54,Delhi,Delhi,2024-08-15
CUST03392,Priya Jain,Female,55,Mumbai,Maharashtra,2025-07-16
CUST03393,Priya Desai,Other,54,Lucknow,Uttar Pradesh,2025-05-11
CUST03394,Vikram Mishra,Male,51,Pune,Maharashtra,2025-07-23
CUST03395,Isha Mehta,Other,42,Jaipur,Rajasthan,2025-01-19
CUST03396,Aman Shah,Other,24,Bangalore,Karnataka,2024-11-07
CUST03397,Isha Sharma,Other,57,Jaipur,Rajasthan,2024-09-26
CUST03398,Rohan Mehta,Male,32,Hyderabad,Telangana,2023-08-10
CUST03399,Isha Rao,Female,54,Bangalore,Karnataka,2025-05-30
CUST03400,Simran Sharma,Other,48,Kolkata,West Bengal,2023-02-17
CUST03401,Rahul Desai,Female,19,Delhi,Delhi,2025-07-25
CUST03402,Kabir Mehta,Other,64,Hyderabad,Telangana,2024-09-25
CUST03403,Sneha Kulkarni,Female,60,Lucknow,Uttar Pradesh,2024-03-27
CUST03404,Shreya Jain,Other,26,Chennai,Tamil Nadu,2024-05-14
CUST03405,Simran Rao,Male,40,Mumbai,Maharashtra,2024-08-06
CUST03406,Pooja Jain,Other,54,Delhi,Delhi,2023-10-19
CUST03407,Shreya Desai,Other,27,Chennai,Tamil Nadu,2023-03-03
CUST03408,Vikram Singh,Female,60,Chennai,Tamil Nadu,2023-10-28
CUST03409,Karan Patel,Other,42,Jaipur,Rajasthan,2025-02-22
CUST03410,Neha Desai,Male,53,Delhi,Delhi,2024-03-19
CUST03411,Riya Rao,Other,61,Kolkata,West Bengal,2023-07-21
CUST03412,Rahul Rao,Female,54,Hyderabad,Telangana,2025-12-18
CUST03413,Aditya Jain,Male,35,Delhi,Delhi,2024-05-30
CUST03414,Vikram Kulkarni,Other,37,Bangalore,Karnataka,2024-05-07
CUST03415,Yash Gupta,Male,48,Mumbai,Maharashtra,2023-03-02
CUST03416,Sneha Sharma,Female,56,Mumbai,Maharashtra,2025-11-18
CUST03417,Vikram Jain,Male,25,Kolkata,West Bengal,2023-05-09
CUST03418,Vikram Kulkarni,Male,60,Hyderabad,Telangana,2023-06-03
CUST03419,Rohan Mishra,Male,21,Lucknow,Uttar Pradesh,2024-11-16
CUST03420,Arjun Desai,Other,59,Jaipur,Rajasthan,2023-04-25
CUST03421,Karan Patel,Other,38,Pune,Maharashtra,2023-05-30
CUST03422,Aditi Verma,Other,51,Kolkata,West Bengal,2023-12-29
CUST03423,Rohan Mishra,Other,44,Lucknow,Uttar Pradesh,2025-06-26
CUST03424,Rahul Sharma,Other,35,Chennai,Tamil Nadu,2024-03-27
CUST03425,Karan Sharma,Female,56,Ahmedabad,Gujarat,2025-06-21
CUST03426,Isha Desai,Other,46,Bangalore,Karnataka,2023-04-30
CUST03427,Rahul Nair,Other,26,Kolkata,West Bengal,2025-04-23
CUST03428,Shreya Mehta,Other,23,Chennai,Tamil Nadu,2023-02-09
CUST03429,Riya Nair,Male,28,Ahmedabad,Gujarat,2025-02-26
CUST03430,Aman Nair,Female,19,Lucknow,Uttar Pradesh,2023-05-17
CUST03431,Vikram Jain,Female,22,Jaipur,Rajasthan,2025-12-28
CUST03432,Rohan Shah,Male,23,Hyderabad,Telangana,2025-07-18
CUST03433,Rahul Jain,Other,28,Chennai,Tamil Nadu,2025-01-02
CUST03434,Rohan Joshi,Female,52,Kolkata,West Bengal,2023-08-11
CUST03435,Arjun Verma,Male,61,Mumbai,Maharashtra,2024-02-24
CUST03436,Ananya Patel,Male,42,Lucknow,Uttar Pradesh,2023-12-01
CUST03437,Ananya Shah,Other,60,Kolkata,West Bengal,2024-05-02
CUST03438,Aditya Mehta,Other,54,Ahmedabad,Gujarat,2025-10-12
CUST03439,Neha Desai,Male,46,Delhi,Delhi,2024-01-25
CUST03440,Arjun Jain,Female,34,Jaipur,Rajasthan,2024-08-30
CUST03441,Aman Sharma,Male,27,Bangalore,Karnataka,2024-10-23
CUST03442,Vikram Gupta,Male,45,Jaipur,Rajasthan,2023-03-30
CUST03443,Karan Gupta,Female,31,Mumbai,Maharashtra,2024-04-29
CUST03444,Karan Mishra,Female,52,Delhi,Delhi,2025-03-26
CUST03445,Ananya Jain,Other,49,Bangalore,Karnataka,2025-08-06
CUST03446,Yash Mehta,Male,28,Bangalore,Karnataka,2023-06-03
CUST03447,Arjun Jain,Male,58,Ahmedabad,Gujarat,2024-01-09
CUST03448,Rohan Gupta,Male,54,Jaipur,Rajasthan,2025-05-09
CUST03449,Simran Joshi,Male,45,Ahmedabad,Gujarat,2025-06-15
CUST03450,Sneha Mishra,Male,50,Jaipur,Rajasthan,2024-05-12
CUST03451,Priya Kulkarni,Male,39,Chennai,Tamil Nadu,2025-04-16
CUST03452,Sneha Singh,Female,62,Ahmedabad,Gujarat,2023-02-16
CUST03453,Aman Kulkarni,Other,25,Kolkata,West Bengal,2025-04-04
CUST03454,Kabir Verma,Female,33,Mumbai,Maharashtra,2025-04-04
CUST03455,Vikram Kulkarni,Female,18,Bangalore,Karnataka,2023-02-01
CUST03456,Vikram Kulkarni,Other,28,Bangalore,Karnataka,2023-06-22
CUST03457,Priya Shah,Other,28,Chennai,Tamil Nadu,2024-11-02
CUST03458,Arjun Desai,Female,52,Chennai,Tamil Nadu,2023-01-31
CUST03459,Kabir Jain,Female,54,Delhi,Delhi,2024-06-26
CUST03460,Rahul Nair,Other,29,Delhi,Delhi,2025-12-06
CUST03461,Arjun Singh,Other,43,Bangalore,Karnataka,2024-11-01
CUST03462,Kabir Rao,Other,55,Lucknow,Uttar Pradesh,2023-03-22
CUST03463,Simran Rao,Female,57,Pune,Maharashtra,2024-04-26
CUST03464,Shreya Kulkarni,Male,26,Pune,Maharashtra,2023-02-03
CUST03465,Aditi Mishra,Other,62,Chennai,Tamil Nadu,2023-03-11
CUST03466,Sneha Khan,Other,56,Jaipur,Rajasthan,2025-06-06
CUST03467,Karan Kulkarni,Female,56,Pune,Maharashtra,2023-09-24
CUST03468,Aditya Mishra,Other,58,Lucknow,Uttar Pradesh,2025-11-14
CUST03469,Arjun Khan,Female,46,Delhi,Delhi,2024-08-03
CUST03470,Simran Kulkarni,Other,59,Ahmedabad,Gujarat,2023-03-15
CUST03471,Kabir Patel,Male,52,Chennai,Tamil Nadu,2024-01-02
CUST03472,Vikram Verma,Male,52,Kolkata,West Bengal,2025-09-05
CUST03473,Priya Sharma,Female,42,Lucknow,Uttar Pradesh,2025-07-14
CUST03474,Arjun Singh,Female,57,Delhi,Delhi,2025-08-02
CUST03475,Simran Verma,Other,54,Kolkata,West Bengal,2023-11-04
CUST03476,Pooja Kulkarni,Male,38,Ahmedabad,Gujarat,2023-11-12
CUST03477,Yash Singh,Other,20,Hyderabad,Telangana,2025-10-08
CUST03478,Simran Joshi,Female,59,Jaipur,Rajasthan,2023-01-02
CUST03479,Priya Khan,Male,62,Hyderabad,Telangana,2025-01-25
CUST03480,Karan Jain,Female,42,Mumbai,Maharashtra,2025-01-08
CUST03481,Shreya Joshi,Male,61,Ahmedabad,Gujarat,2023-03-20
CUST03482,Ananya Mehta,Other,39,Pune,Maharashtra,2023-12-27
CUST03483,Neha Gupta,Other,43,Pune,Maharashtra,2024-01-09
CUST03484,Kabir Singh,Male,40,Kolkata,West Bengal,2024-02-06
CUST03485,Shreya Gupta,Other,26,Bangalore,Karnataka,2024-05-20
CUST03486,Simran Nair,Female,32,Lucknow,Uttar Pradesh,2024-07-05
CUST03487,Rohan Kulkarni,Female,43,Lucknow,Uttar Pradesh,2023-07-31
CUST03488,Priya Gupta,Male,52,Delhi,Delhi,2024-11-02
CUST03489,Aditya Nair,Female,42,Ahmedabad,Gujarat,2023-12-31
CUST03490,Priya Singh,Other,32,Bangalore,Karnataka,2025-04-06
CUST03491,Sneha Joshi,Male,32,Jaipur,Rajasthan,2025-01-27
CUST03492,Yash Patel,Female,41,Jaipur,Rajasthan,2025-03-12
CUST03493,Aarav Khan,Female,42,Ahmedabad,Gujarat,2025-11-28
CUST03494,Simran Joshi,Female,61,Mumbai,Maharashtra,2024-10-18
CUST03495,Isha Mishra,Male,30,Pune,Maharashtra,2024-04-04
CUST03496,Isha Khan,Other,50,Lucknow,Uttar Pradesh,2023-09-03
CUST03497,Aman Patel,Other,48,Delhi,Delhi,2025-09-12
CUST03498,Priya Sharma,Other,39,Hyderabad,Telangana,2025-12-04
CUST03499,Aman Shah,Male,41,Pune,Maharashtra,2023-03-19
CUST03500,Rohan Desai,Female,36,Pune,Maharashtra,2023-06-30
CUST03501,Kabir Patel,Male,24,Chennai,Tamil Nadu,2024-11-02
CUST03502,Rohan Nair,Other,31,Bangalore,Karnataka,2025-01-19
CUST03503,Pooja Verma,Male,45,Jaipur,Rajasthan,2023-07-19
CUST03504,Kabir Mishra,Male,57,Chennai,Tamil Nadu,2023-04-04
CUST03505,Karan Mishra,Female,23,Bangalore,Karnataka,2023-08-12
CUST03506,Aditi Rao,Female,42,Chennai,Tamil Nadu,2023-12-30
CUST03507,Shreya Kulkarni,Female,53,Delhi,Delhi,2025-12-08
CUST03508,Aditi Singh,Male,35,Bangalore,Karnataka,2025-09-05
CUST03509,Neha Mehta,Other,53,Hyderabad,Telangana,2025-11-19
CUST03510,Neha Desai,Female,53,Bangalore,Karnataka,2023-10-08
CUST03511,Pooja Desai,Other,50,Mumbai,Maharashtra,2024-10-26
CUST03512,Pooja Rao,Female,37,Ahmedabad,Gujarat,2025-06-24
CUST03513,Priya Mehta,Other,39,Ahmedabad,Gujarat,2024-11-22
CUST03514,Karan Kulkarni,Female,38,Chennai,Tamil Nadu,2025-05-14
CUST03515,Shreya Gupta,Male,37,Bangalore,Karnataka,2025-10-25
CUST03516,Shreya Jain,Other,45,Delhi,Delhi,2023-06-19
CUST03517,Aditya Sharma,Male,20,Bangalore,Karnataka,2023-01-13
CUST03518,Rahul Rao,Other,32,Pune,Maharashtra,2025-02-01
CUST03519,Aman Khan,Male,26,Hyderabad,Telangana,2023-05-29
CUST03520,Ananya Rao,Male,31,Chennai,Tamil Nadu,2024-10-11
CUST03521,Aarav Joshi,Male,51,Chennai,Tamil Nadu,2025-09-11
CUST03522,Rohan Khan,Other,24,Kolkata,West Bengal,2024-01-09
CUST03523,Isha Gupta,Other,57,Pune,Maharashtra,2025-11-30
CUST03524,Vikram Desai,Male,49,Lucknow,Uttar Pradesh,2025-10-01
CUST03525,Sneha Desai,Other,36,Ahmedabad,Gujarat,2025-06-22
CUST03526,Pooja Mehta,Female,50,Mumbai,Maharashtra,2023-09-23
CUST03527,Priya Jain,Male,22,Chennai,Tamil Nadu,2024-08-12
CUST03528,Yash Shah,Other,26,Bangalore,Karnataka,2023-08-05
CUST03529,Rohan Mishra,Male,56,Delhi,Delhi,2023-09-16
CUST03530,Rahul Jain,Other,23,Mumbai,Maharashtra,2024-09-16
CUST03531,Aditi Desai,Other,33,Mumbai,Maharashtra,2023-07-04
CUST03532,Pooja Gupta,Male,63,Ahmedabad,Gujarat,2023-11-24
CUST03533,Simran Verma,Other,28,Chennai,Tamil Nadu,2023-02-19
CUST03534,Riya Desai,Other,47,Jaipur,Rajasthan,2023-06-28
CUST03535,Priya Rao,Female,47,Bangalore,Karnataka,2024-12-17
CUST03536,Aditya Gupta,Female,26,Chennai,Tamil Nadu,2024-06-28
CUST03537,Vikram Mehta,Female,27,Lucknow,Uttar Pradesh,2023-03-08
CUST03538,Shreya Patel,Female,60,Jaipur,Rajasthan,2025-07-17
CUST03539,Simran Shah,Male,53,Delhi,Delhi,2025-03-14
CUST03540,Priya Nair,Other,48,Ahmedabad,Gujarat,2023-09-05
CUST03541,Priya Patel,Male,46,Ahmedabad,Gujarat,2024-03-16
CUST03542,Rohan Jain,Male,38,Lucknow,Uttar Pradesh,2024-01-17
CUST03543,Priya Mehta,Other,44,Bangalore,Karnataka,2024-03-14
CUST03544,Priya Patel,Other,55,Kolkata,West Bengal,2024-10-31
CUST03545,Arjun Khan,Other,53,Pune,Maharashtra,2024-04-28
CUST03546,Rahul Shah,Other,41,Bangalore,Karnataka,2024-10-27
CUST03547,Sneha Rao,Female,53,Lucknow,Uttar Pradesh,2024-02-21
CUST03548,Isha Gupta,Female,64,Kolkata,West Bengal,2023-09-08
CUST03549,Kabir Nair,Male,43,Ahmedabad,Gujarat,2024-03-24
CUST03550,Isha Shah,Female,34,Mumbai,Maharashtra,2024-11-12
CUST03551,Aman Rao,Male,46,Ahmedabad,Gujarat,2023-08-27
CUST03552,Shreya Mishra,Male,29,Lucknow,Uttar Pradesh,2025-06-17
CUST03553,Aman Mehta,Male,21,Ahmedabad,Gujarat,2023-05-24
CUST03554,Aditya Shah,Other,49,Lucknow,Uttar Pradesh,2025-08-17
CUST03555,Ananya Shah,Male,55,Ahmedabad,Gujarat,2024-10-31
CUST03556,Simran Jain,Male,27,Jaipur,Rajasthan,2024-05-12
CUST03557,Aarav Rao,Female,43,Delhi,Delhi,2023-10-03
CUST03558,Aditi Kulkarni,Male,20,Hyderabad,Telangana,2023-12-21
CUST03559,Karan Rao,Other,61,Jaipur,Rajasthan,2025-09-28
CUST03560,Kabir Kulkarni,Other,46,Jaipur,Rajasthan,2025-11-02
CUST03561,Neha Khan,Other,50,Hyderabad,Telangana,2025-02-01
CUST03562,Neha Mehta,Female,21,Hyderabad,Telangana,2025-12-31
CUST03563,Aditi Shah,Female,33,Mumbai,Maharashtra,2024-07-23
CUST03564,Vikram Khan,Male,47,Delhi,Delhi,2024-10-18
CUST03565,Arjun Joshi,Other,54,Bangalore,Karnataka,2024-03-06
CUST03566,Arjun Sharma,Other,55,Bangalore,Karnataka,2023-12-09
CUST03567,Neha Khan,Female,30,Mumbai,Maharashtra,2023-07-09
CUST03568,Riya Gupta,Male,57,Jaipur,Rajasthan,2024-01-30
CUST03569,Rohan Jain,Female,23,Mumbai,Maharashtra,2025-05-01
CUST03570,Rohan Khan,Male,56,Lucknow,Uttar Pradesh,2025-10-20
CUST03571,Ananya Mehta,Other,27,Kolkata,West Bengal,2023-04-10
CUST03572,Rahul Patel,Male,61,Hyderabad,Telangana,2023-11-19
CUST03573,Kabir Desai,Male,25,Ahmedabad,Gujarat,2023-10-13
CUST03574,Shreya Rao,Male,42,Delhi,Delhi,2023-08-26
CUST03575,Vikram Patel,Male,25,Bangalore,Karnataka,2024-01-06
CUST03576,Shreya Nair,Male,64,Mumbai,Maharashtra,2025-07-03
CUST03577,Aditya Khan,Male,30,Jaipur,Rajasthan,2025-06-15
CUST03578,Shreya Nair,Female,54,Hyderabad,Telangana,2023-03-17
CUST03579,Rohan Desai,Male,52,Kolkata,West Bengal,2024-11-21
CUST03580,Aarav Khan,Other,60,Bangalore,Karnataka,2025-07-21
CUST03581,Isha Rao,Male,36,Jaipur,Rajasthan,2023-08-01
CUST03582,Priya Patel,Male,53,Delhi,Delhi,2024-08-05
CUST03583,Vikram Khan,Female,18,Jaipur,Rajasthan,2023-10-15
CUST03584,Aman Khan,Male,56,Chennai,Tamil Nadu,2023-10-03
CUST03585,Isha Desai,Other,30,Bangalore,Karnataka,2023-02-05
CUST03586,Neha Joshi,Other,65,Kolkata,West Bengal,2023-05-16
CUST03587,Aarav Rao,Male,62,Hyderabad,Telangana,2024-12-08
CUST03588,Aman Verma,Male,47,Mumbai,Maharashtra,2023-07-19
CUST03589,Ananya Mehta,Female,40,Pune,Maharashtra,2024-01-26
CUST03590,Simran Joshi,Female,37,Jaipur,Rajasthan,2025-01-20
CUST03591,Rahul Shah,Male,65,Mumbai,Maharashtra,2024-06-15
CUST03592,Rahul Sharma,Male,45,Bangalore,Karnataka,2025-09-13
CUST03593,Ananya Joshi,Female,32,Lucknow,Uttar Pradesh,2023-11-28
CUST03594,Simran Verma,Male,56,Pune,Maharashtra,2023-05-04
CUST03595,Shreya Sharma,Female,45,Ahmedabad,Gujarat,2023-06-24
CUST03596,Aman Sharma,Male,26,Kolkata,West Bengal,2024-04-12
CUST03597,Isha Kulkarni,Female,34,Delhi,Delhi,2024-12-02
CUST03598,Priya Mishra,Other,63,Mumbai,Maharashtra,2024-03-30
CUST03599,Isha Sharma,Male,19,Hyderabad,Telangana,2023-05-01
CUST03600,Shreya Joshi,Other,58,Kolkata,West Bengal,2025-10-13
CUST03601,Kabir Joshi,Other,22,Kolkata,West Bengal,2024-09-23
CUST03602,Neha Verma,Female,36,Lucknow,Uttar Pradesh,2024-12-13
CUST03603,Pooja Mishra,Female,48,Bangalore,Karnataka,2024-05-19
CUST03604,Ananya Mehta,Female,18,Pune,Maharashtra,2025-08-03
CUST03605,Ananya Sharma,Male,50,Jaipur,Rajasthan,2023-05-02
CUST03606,Ananya Sharma,Other,44,Hyderabad,Telangana,2023-02-24
CUST03607,Simran Shah,Female,35,Delhi,Delhi,2025-07-09
CUST03608,Arjun Verma,Other,20,Bangalore,Karnataka,2025-05-17
CUST03609,Simran Sharma,Other,60,Jaipur,Rajasthan,2023-07-19
CUST03610,Neha Verma,Other,19,Delhi,Delhi,2023-10-31
CUST03611,Ananya Joshi,Male,30,Mumbai,Maharashtra,2025-08-07
CUST03612,Yash Sharma,Male,33,Kolkata,West Bengal,2025-07-16
CUST03613,Aditi Verma,Male,21,Hyderabad,Telangana,2024-11-11
CUST03614,Isha Joshi,Female,37,Jaipur,Rajasthan,2024-07-18
CUST03615,Rohan Rao,Male,63,Kolkata,West Bengal,2023-12-25
CUST03616,Rohan Sharma,Male,40,Mumbai,Maharashtra,2025-06-10
CUST03617,Simran Mishra,Female,45,Jaipur,Rajasthan,2024-12-28
CUST03618,Pooja Singh,Male,31,Pune,Maharashtra,2025-10-13
CUST03619,Ananya Kulkarni,Male,60,Mumbai,Maharashtra,2024-11-14
CUST03620,Rohan Singh,Female,34,Kolkata,West Bengal,2023-11-17
CUST03621,Pooja Jain,Male,23,Kolkata,West Bengal,2025-06-13
CUST03622,Neha Singh,Male,26,Delhi,Delhi,2025-12-10
CUST03623,Riya Sharma,Female,43,Mumbai,Maharashtra,2023-04-28
CUST03624,Pooja Desai,Female,58,Delhi,Delhi,2024-09-28
CUST03625,Aman Sharma,Male,46,Delhi,Delhi,2023-08-27
CUST03626,Aman Verma,Female,20,Ahmedabad,Gujarat,2023-09-12
CUST03627,Aarav Nair,Other,53,Pune,Maharashtra,2024-04-28
CUST03628,Arjun Mishra,Other,18,Lucknow,Uttar Pradesh,2024-07-06
CUST03629,Aditya Shah,Male,20,Delhi,Delhi,2024-10-10
CUST03630,Karan Singh,Male,55,Lucknow,Uttar Pradesh,2025-10-24
CUST03631,Isha Khan,Female,56,Lucknow,Uttar Pradesh,2025-10-14
CUST03632,Yash Verma,Male,47,Hyderabad,Telangana,2023-05-14
CUST03633,Aman Verma,Female,56,Delhi,Delhi,2025-04-29
CUST03634,Simran Nair,Female,42,Pune,Maharashtra,2023-07-29
CUST03635,Ananya Mehta,Female,21,Hyderabad,Telangana,2025-09-20
CUST03636,Riya Verma,Male,32,Lucknow,Uttar Pradesh,2024-06-29
CUST03637,Priya Rao,Male,31,Chennai,Tamil Nadu,2025-06-13
CUST03638,Yash Khan,Other,54,Lucknow,Uttar Pradesh,2024-08-15
CUST03639,Ananya Singh,Male,63,Ahmedabad,Gujarat,2023-01-31
CUST03640,Karan Mehta,Male,31,Kolkata,West Bengal,2023-10-13
CUST03641,Kabir Sharma,Other,28,Jaipur,Rajasthan,2025-08-01
CUST03642,Ananya Patel,Male,60,Kolkata,West Bengal,2023-04-23
CUST03643,Aarav Khan,Other,23,Pune,Maharashtra,2023-07-14
CUST03644,Sneha Joshi,Other,50,Lucknow,Uttar Pradesh,2025-11-16
CUST03645,Aman Verma,Male,46,Bangalore,Karnataka,2023-08-18
CUST03646,Aarav Nair,Other,55,Jaipur,Rajasthan,2025-10-28
CUST03647,Isha Jain,Male,52,Jaipur,Rajasthan,2023-03-04
CUST03648,Vikram Jain,Other,26,Pune,Maharashtra,2024-09-14
CUST03649,Priya Rao,Female,51,Delhi,Delhi,2025-07-13
CUST03650,Yash Nair,Other,41,Hyderabad,Telangana,2025-06-20
CUST03651,Kabir Jain,Male,19,Mumbai,Maharashtra,2023-12-20
CUST03652,Karan Kulkarni,Female,38,Mumbai,Maharashtra,2025-05-07
CUST03653,Riya Khan,Male,42,Delhi,Delhi,2024-01-04
CUST03654,Aman Patel,Male,59,Pune,Maharashtra,2025-04-05
CUST03655,Arjun Jain,Female,61,Bangalore,Karnataka,2025-11-12
CUST03656,Aman Gupta,Other,50,Bangalore,Karnataka,2025-05-17
CUST03657,Rahul Verma,Other,58,Kolkata,West Bengal,2025-09-04
CUST03658,Aditi Gupta,Male,63,Mumbai,Maharashtra,2024-12-27
CUST03659,Ananya Gupta,Male,40,Delhi,Delhi,2025-05-17
CUST03660,Pooja Sharma,Male,49,Ahmedabad,Gujarat,2024-05-23
CUST03661,Isha Khan,Female,64,Jaipur,Rajasthan,2024-04-04
CUST03662,Vikram Joshi,Other,60,Delhi,Delhi,2025-07-31
CUST03663,Vikram Mehta,Other,44,Pune,Maharashtra,2023-04-03
CUST03664,Isha Mishra,Female,52,Lucknow,Uttar Pradesh,2025-02-09
CUST03665,Sneha Nair,Male,35,Pune,Maharashtra,2025-05-29
CUST03666,Kabir Kulkarni,Male,46,Pune,Maharashtra,2023-11-07
CUST03667,Aarav Mehta,Male,42,Jaipur,Rajasthan,2024-11-23
CUST03668,Rahul Mehta,Other,44,Chennai,Tamil Nadu,2024-05-12
CUST03669,Karan Kulkarni,Male,50,Jaipur,Rajasthan,2023-09-14
CUST03670,Aman Rao,Other,43,Hyderabad,Telangana,2024-06-28
CUST03671,Simran Nair,Other,20,Jaipur,Rajasthan,2024-04-11
CUST03672,Pooja Mehta,Female,27,Pune,Maharashtra,2025-03-20
CUST03673,Yash Verma,Female,19,Lucknow,Uttar Pradesh,2023-05-20
CUST03674,Shreya Mishra,Female,22,Delhi,Delhi,2023-07-02
CUST03675,Rohan Mishra,Female,60,Delhi,Delhi,2024-05-23
CUST03676,Shreya Khan,Other,44,Bangalore,Karnataka,2024-02-23
CUST03677,Ananya Shah,Other,44,Hyderabad,Telangana,2025-08-31
CUST03678,Aarav Joshi,Male,34,Bangalore,Karnataka,2024-05-24
CUST03679,Aditya Kulkarni,Female,39,Jaipur,Rajasthan,2023-07-13
CUST03680,Aarav Jain,Female,37,Bangalore,Karnataka,2025-01-07
CUST03681,Riya Mehta,Other,24,Pune,Maharashtra,2023-09-13
CUST03682,Pooja Joshi,Other,36,Mumbai,Maharashtra,2024-01-31
CUST03683,Karan Sharma,Female,22,Lucknow,Uttar Pradesh,2025-05-02
CUST03684,Riya Rao,Other,26,Ahmedabad,Gujarat,2023-05-14
CUST03685,Karan Singh,Other,52,Jaipur,Rajasthan,2023-03-27
CUST03686,Aarav Mishra,Other,27,Kolkata,West Bengal,2025-08-03
CUST03687,Ananya Gupta,Female,44,Delhi,Delhi,2025-06-25
CUST03688,Yash Mishra,Female,57,Delhi,Delhi,2024-04-08
CUST03689,Priya Jain,Female,52,Kolkata,West Bengal,2025-02-10
CUST03690,Pooja Singh,Other,55,Jaipur,Rajasthan,2024-05-24
CUST03691,Vikram Nair,Female,50,Lucknow,Uttar Pradesh,2025-06-20
CUST03692,Vikram Singh,Female,39,Pune,Maharashtra,2023-07-04
CUST03693,Aman Gupta,Male,25,Chennai,Tamil Nadu,2023-04-11
CUST03694,Shreya Mehta,Male,61,Lucknow,Uttar Pradesh,2024-01-05
CUST03695,Riya Joshi,Other,20,Hyderabad,Telangana,2025-02-20
CUST03696,Neha Patel,Male,45,Delhi,Delhi,2025-08-29
CUST03697,Aditi Shah,Male,44,Lucknow,Uttar Pradesh,2025-03-19
CUST03698,Aditya Shah,Male,50,Kolkata,West Bengal,2023-09-15
CUST03699,Aman Gupta,Other,21,Chennai,Tamil Nadu,2025-02-01
CUST03700,Vikram Verma,Male,56,Mumbai,Maharashtra,2023-04-11
CUST03701,Aman Gupta,Other,55,Bangalore,Karnataka,2024-09-03
CUST03702,Karan Mehta,Female,42,Mumbai,Maharashtra,2024-08-23
CUST03703,Karan Rao,Female,49,Jaipur,Rajasthan,2025-06-09
CUST03704,Pooja Sharma,Female,28,Chennai,Tamil Nadu,2025-06-11
CUST03705,Aarav Mishra,Female,41,Pune,Maharashtra,2024-10-06
CUST03706,Riya Rao,Other,19,Ahmedabad,Gujarat,2024-11-27
CUST03707,Aman Verma,Male,30,Pune,Maharashtra,2024-10-15
CUST03708,Yash Rao,Female,26,Lucknow,Uttar Pradesh,2023-03-01
CUST03709,Sneha Mishra,Female,42,Chennai,Tamil Nadu,2024-06-12
CUST03710,Rahul Mishra,Female,62,Bangalore,Karnataka,2025-05-07
CUST03711,Isha Sharma,Other,39,Delhi,Delhi,2025-03-23
CUST03712,Shreya Singh,Male,18,Chennai,Tamil Nadu,2024-04-13
CUST03713,Pooja Mehta,Male,27,Bangalore,Karnataka,2023-08-31
CUST03714,Isha Mehta,Female,62,Ahmedabad,Gujarat,2025-05-26
CUST03715,Riya Gupta,Female,57,Kolkata,West Bengal,2023-10-03
CUST03716,Arjun Desai,Male,29,Mumbai,Maharashtra,2023-08-01
CUST03717,Karan Nair,Female,50,Delhi,Delhi,2023-07-09
CUST03718,Karan Kulkarni,Male,18,Jaipur,Rajasthan,2025-03-06
CUST03719,Simran Sharma,Other,51,Delhi,Delhi,2025-08-29
CUST03720,Vikram Verma,Male,23,Ahmedabad,Gujarat,2023-09-19
CUST03721,Priya Singh,Female,18,Lucknow,Uttar Pradesh,2025-01-03
CUST03722,Karan Verma,Female,28,Bangalore,Karnataka,2025-04-16
CUST03723,Pooja Patel,Male,21,Bangalore,Karnataka,2023-08-16
CUST03724,Rohan Kulkarni,Other,48,Pune,Maharashtra,2024-04-13
CUST03725,Aditya Shah,Other,55,Kolkata,West Bengal,2024-12-09
CUST03726,Vikram Mishra,Female,53,Jaipur,Rajasthan,2023-04-09
CUST03727,Neha Mishra,Female,50,Bangalore,Karnataka,2025-01-24
CUST03728,Priya Gupta,Other,53,Bangalore,Karnataka,2023-09-10
CUST03729,Sneha Kulkarni,Female,35,Chennai,Tamil Nadu,2024-06-02
CUST03730,Aditi Sharma,Female,59,Kolkata,West Bengal,2024-06-05
CUST03731,Neha Gupta,Other,27,Ahmedabad,Gujarat,2024-11-24
CUST03732,Rohan Mishra,Male,30,Delhi,Delhi,2023-08-17
CUST03733,Rahul Jain,Other,57,Ahmedabad,Gujarat,2024-08-07
CUST03734,Riya Khan,Female,46,Lucknow,Uttar Pradesh,2023-06-23
CUST03735,Vikram Rao,Other,36,Hyderabad,Telangana,2024-05-12
CUST03736,Priya Verma,Male,53,Bangalore,Karnataka,2023-03-04
CUST03737,Simran Desai,Female,40,Bangalore,Karnataka,2023-05-30
CUST03738,Aarav Khan,Male,56,Jaipur,Rajasthan,2023-05-05
CUST03739,Vikram Shah,Female,63,Mumbai,Maharashtra,2024-06-06
CUST03740,Rohan Sharma,Female,64,Kolkata,West Bengal,2024-04-15
CUST03741,Simran Kulkarni,Other,32,Bangalore,Karnataka,2024-06-30
CUST03742,Aditya Mishra,Male,20,Hyderabad,Telangana,2024-09-17
CUST03743,Ananya Kulkarni,Female,48,Delhi,Delhi,2025-03-22
CUST03744,Yash Gupta,Female,40,Jaipur,Rajasthan,2023-05-18
CUST03745,Priya Gupta,Other,41,Pune,Maharashtra,2024-06-04
CUST03746,Karan Gupta,Other,31,Kolkata,West Bengal,2023-04-20
CUST03747,Simran Jain,Female,56,Chennai,Tamil Nadu,2023-05-16
CUST03748,Shreya Shah,Male,59,Ahmedabad,Gujarat,2023-08-08
CUST03749,Aditya Shah,Male,52,Lucknow,Uttar Pradesh,2023-09-10
CUST03750,Kabir Kulkarni,Other,65,Jaipur,Rajasthan,2024-06-07
CUST03751,Vikram Rao,Other,51,Lucknow,Uttar Pradesh,2025-05-21
CUST03752,Yash Rao,Female,38,Bangalore,Karnataka,2023-05-05
CUST03753,Riya Singh,Male,35,Bangalore,Karnataka,2025-09-08
CUST03754,Kabir Khan,Female,32,Bangalore,Karnataka,2024-06-03
CUST03755,Aditi Rao,Other,34,Delhi,Delhi,2025-02-19
CUST03756,Priya Gupta,Other,59,Bangalore,Karnataka,2024-02-22
CUST03757,Sneha Singh,Other,33,Ahmedabad,Gujarat,2023-11-30
CUST03758,Sneha Singh,Male,59,Delhi,Delhi,2023-11-06
CUST03759,Simran Verma,Male,54,Mumbai,Maharashtra,2025-03-13
CUST03760,Rohan Mehta,Male,63,Jaipur,Rajasthan,2025-11-20
CUST03761,Aman Kulkarni,Male,25,Hyderabad,Telangana,2023-12-10
CUST03762,Aditi Mishra,Male,32,Delhi,Delhi,2023-01-31
CUST03763,Priya Jain,Male,62,Mumbai,Maharashtra,2023-02-03
CUST03764,Yash Desai,Female,25,Ahmedabad,Gujarat,2025-06-07
CUST03765,Aditi Jain,Other,56,Mumbai,Maharashtra,2025-11-06
CUST03766,Simran Jain,Male,18,Ahmedabad,Gujarat,2025-03-02
CUST03767,Simran Patel,Female,42,Pune,Maharashtra,2024-01-23
CUST03768,Arjun Gupta,Other,36,Mumbai,Maharashtra,2024-04-26
CUST03769,Aditya Khan,Other,50,Hyderabad,Telangana,2023-06-24
CUST03770,Aditi Rao,Female,53,Ahmedabad,Gujarat,2024-07-19
CUST03771,Rahul Shah,Female,55,Chennai,Tamil Nadu,2024-09-25
CUST03772,Aditya Mishra,Male,30,Delhi,Delhi,2023-03-13
CUST03773,Aarav Verma,Male,41,Kolkata,West Bengal,2024-01-09
CUST03774,Karan Joshi,Female,22,Lucknow,Uttar Pradesh,2025-02-15
CUST03775,Aditya Sharma,Female,60,Mumbai,Maharashtra,2025-06-11
CUST03776,Vikram Desai,Male,18,Pune,Maharashtra,2023-07-08
CUST03777,Vikram Jain,Male,63,Chennai,Tamil Nadu,2024-09-04
CUST03778,Arjun Nair,Male,46,Hyderabad,Telangana,2024-07-31
CUST03779,Simran Joshi,Other,55,Delhi,Delhi,2025-03-27
CUST03780,Karan Rao,Male,51,Lucknow,Uttar Pradesh,2025-08-19
CUST03781,Shreya Sharma,Female,44,Chennai,Tamil Nadu,2024-02-03
CUST03782,Simran Shah,Female,52,Pune,Maharashtra,2023-10-16
CUST03783,Aman Singh,Male,42,Lucknow,Uttar Pradesh,2025-04-09
CUST03784,Shreya Verma,Male,52,Mumbai,Maharashtra,2025-12-17
CUST03785,Pooja Kulkarni,Other,54,Jaipur,Rajasthan,2025-12-01
CUST03786,Ananya Verma,Other,22,Jaipur,Rajasthan,2025-09-20
CUST03787,Neha Sharma,Male,41,Chennai,Tamil Nadu,2025-05-28
CUST03788,Kabir Mishra,Female,19,Delhi,Delhi,2025-07-19
CUST03789,Shreya Shah,Male,26,Bangalore,Karnataka,2023-02-15
CUST03790,Pooja Jain,Other,51,Chennai,Tamil Nadu,2025-07-19
CUST03791,Aman Kulkarni,Male,37,Bangalore,Karnataka,2025-02-17
CUST03792,Arjun Kulkarni,Male,22,Mumbai,Maharashtra,2025-01-24
CUST03793,Kabir Joshi,Female,25,Chennai,Tamil Nadu,2025-11-11
CUST03794,Kabir Verma,Other,23,Ahmedabad,Gujarat,2024-08-18
CUST03795,Rahul Verma,Other,29,Pune,Maharashtra,2025-02-27
CUST03796,Arjun Patel,Female,23,Jaipur,Rajasthan,2023-10-24
CUST03797,Shreya Nair,Male,45,Lucknow,Uttar Pradesh,2025-04-04
CUST03798,Karan Mehta,Other,48,Bangalore,Karnataka,2023-10-16
CUST03799,Aditya Kulkarni,Female,21,Lucknow,Uttar Pradesh,2023-06-02
CUST03800,Karan Nair,Male,24,Chennai,Tamil Nadu,2024-06-29
CUST03801,Simran Joshi,Female,20,Pune,Maharashtra,2025-02-02
CUST03802,Aditya Desai,Male,54,Jaipur,Rajasthan,2023-09-16
CUST03803,Rahul Mehta,Male,63,Chennai,Tamil Nadu,2025-10-14
CUST03804,Aman Sharma,Other,43,Mumbai,Maharashtra,2023-05-10
CUST03805,Sneha Jain,Female,21,Chennai,Tamil Nadu,2025-04-19
CUST03806,Kabir Mehta,Female,48,Hyderabad,Telangana,2023-10-06
CUST03807,Priya Kulkarni,Other,35,Bangalore,Karnataka,2024-11-02
CUST03808,Aarav Sharma,Other,59,Delhi,Delhi,2025-09-21
CUST03809,Yash Mehta,Other,46,Bangalore,Karnataka,2024-06-20
CUST03810,Sneha Patel,Male,42,Bangalore,Karnataka,2025-05-09
CUST03811,Simran Jain,Female,22,Chennai,Tamil Nadu,2023-01-13
CUST03812,Aditi Rao,Male,25,Chennai,Tamil Nadu,2023-05-01
CUST03813,Aman Joshi,Female,24,Mumbai,Maharashtra,2023-12-31
CUST03814,Arjun Joshi,Male,65,Bangalore,Karnataka,2025-05-25
CUST03815,Aditi Nair,Female,21,Chennai,Tamil Nadu,2024-04-10
CUST03816,Aman Mehta,Male,47,Hyderabad,Telangana,2023-03-31
CUST03817,Arjun Rao,Other,18,Kolkata,West Bengal,2024-10-04
CUST03818,Aarav Verma,Other,54,Pune,Maharashtra,2023-06-27
CUST03819,Isha Kulkarni,Male,59,Chennai,Tamil Nadu,2024-08-23
CUST03820,Rahul Rao,Female,44,Lucknow,Uttar Pradesh,2025-12-04
CUST03821,Aman Kulkarni,Female,40,Lucknow,Uttar Pradesh,2024-03-12
CUST03822,Rahul Singh,Female,25,Pune,Maharashtra,2024-07-25
CUST03823,Pooja Mishra,Male,48,Delhi,Delhi,2025-11-20
CUST03824,Rohan Rao,Male,64,Pune,Maharashtra,2023-06-19
CUST03825,Arjun Sharma,Male,27,Pune,Maharashtra,2024-11-11
CUST03826,Neha Rao,Male,61,Jaipur,Rajasthan,2025-04-05
CUST03827,Priya Patel,Male,64,Ahmedabad,Gujarat,2024-08-30
CUST03828,Neha Verma,Male,39,Pune,Maharashtra,2025-12-09
CUST03829,Rahul Desai,Female,35,Jaipur,Rajasthan,2023-05-04
CUST03830,Simran Desai,Female,30,Mumbai,Maharashtra,2025-05-29
CUST03831,Aman Kulkarni,Female,52,Hyderabad,Telangana,2024-05-29
CUST03832,Yash Shah,Male,38,Jaipur,Rajasthan,2024-09-13
CUST03833,Sneha Desai,Male,52,Pune,Maharashtra,2025-04-11
CUST03834,Aditi Joshi,Female,46,Chennai,Tamil Nadu,2023-04-19
CUST03835,Karan Nair,Female,46,Mumbai,Maharashtra,2025-03-16
CUST03836,Shreya Joshi,Female,43,Chennai,Tamil Nadu,2023-06-13
CUST03837,Priya Shah,Other,18,Lucknow,Uttar Pradesh,2024-01-10
CUST03838,Shreya Sharma,Female,24,Jaipur,Rajasthan,2024-11-13
CUST03839,Aditi Verma,Other,56,Pune,Maharashtra,2023-02-26
CUST03840,Ananya Jain,Male,24,Hyderabad,Telangana,2023-07-24
CUST03841,Kabir Rao,Male,56,Jaipur,Rajasthan,2025-03-05
CUST03842,Aarav Mehta,Other,46,Chennai,Tamil Nadu,2024-08-27
CUST03843,Vikram Sharma,Other,19,Bangalore,Karnataka,2023-12-11
CUST03844,Vikram Nair,Male,38,Lucknow,Uttar Pradesh,2025-01-29
CUST03845,Karan Nair,Male,23,Delhi,Delhi,2023-12-29
CUST03846,Rahul Mehta,Other,40,Ahmedabad,Gujarat,2024-10-04
CUST03847,Aditi Sharma,Other,21,Bangalore,Karnataka,2025-05-05
CUST03848,Arjun Joshi,Male,64,Delhi,Delhi,2024-11-21
CUST03849,Priya Jain,Female,58,Chennai,Tamil Nadu,2024-06-15
CUST03850,Shreya Joshi,Female,20,Mumbai,Maharashtra,2025-06-16
CUST03851,Riya Patel,Male,47,Ahmedabad,Gujarat,2024-01-27
CUST03852,Shreya Kulkarni,Other,65,Mumbai,Maharashtra,2024-12-25
CUST03853,Aman Khan,Male,60,Chennai,Tamil Nadu,2023-02-27
CUST03854,Arjun Sharma,Female,61,Mumbai,Maharashtra,2025-03-15
CUST03855,Shreya Shah,Male,62,Pune,Maharashtra,2023-01-25
CUST03856,Aman Patel,Female,26,Mumbai,Maharashtra,2024-07-22
CUST03857,Aditi Jain,Male,50,Hyderabad,Telangana,2025-05-27
CUST03858,Shreya Nair,Male,52,Pune,Maharashtra,2023-05-12
CUST03859,Isha Khan,Male,59,Lucknow,Uttar Pradesh,2023-07-12
CUST03860,Aditya Jain,Other,40,Lucknow,Uttar Pradesh,2023-12-23
CUST03861,Neha Rao,Other,54,Hyderabad,Telangana,2025-02-04
CUST03862,Aditya Mehta,Female,22,Mumbai,Maharashtra,2025-01-10
CUST03863,Aditi Sharma,Other,54,Kolkata,West Bengal,2025-09-24
CUST03864,Aarav Khan,Other,45,Mumbai,Maharashtra,2025-03-25
CUST03865,Simran Sharma,Other,46,Delhi,Delhi,2025-03-03
CUST03866,Riya Gupta,Female,50,Mumbai,Maharashtra,2024-05-09
CUST03867,Karan Nair,Other,30,Bangalore,Karnataka,2024-03-22
CUST03868,Aman Mishra,Other,62,Pune,Maharashtra,2024-09-20
CUST03869,Neha Mishra,Male,43,Hyderabad,Telangana,2023-02-12
CUST03870,Riya Verma,Female,38,Kolkata,West Bengal,2023-11-18
CUST03871,Aarav Shah,Male,22,Bangalore,Karnataka,2024-12-13
CUST03872,Riya Shah,Female,26,Kolkata,West Bengal,2024-10-03
CUST03873,Vikram Mehta,Female,52,Pune,Maharashtra,2023-08-05
CUST03874,Karan Mehta,Other,29,Lucknow,Uttar Pradesh,2023-05-06
CUST03875,Aman Nair,Male,37,Bangalore,Karnataka,2024-03-24
CUST03876,Aditya Mishra,Male,65,Delhi,Delhi,2023-05-23
CUST03877,Aditi Singh,Other,20,Mumbai,Maharashtra,2025-05-13
CUST03878,Neha Shah,Other,34,Mumbai,Maharashtra,2025-04-27
CUST03879,Sneha Sharma,Male,42,Bangalore,Karnataka,2023-08-27
CUST03880,Vikram Verma,Other,18,Hyderabad,Telangana,2023-10-06
CUST03881,Isha Jain,Female,54,Chennai,Tamil Nadu,2025-07-23
CUST03882,Simran Rao,Female,54,Jaipur,Rajasthan,2025-07-12
CUST03883,Priya Patel,Female,28,Bangalore,Karnataka,2025-05-17
CUST03884,Vikram Sharma,Female,60,Hyderabad,Telangana,2024-05-07
CUST03885,Priya Rao,Female,41,Mumbai,Maharashtra,2023-10-17
CUST03886,Neha Kulkarni,Female,47,Bangalore,Karnataka,2023-06-09
CUST03887,Kabir Jain,Male,46,Mumbai,Maharashtra,2023-09-16
CUST03888,Ananya Patel,Male,63,Chennai,Tamil Nadu,2023-11-28
CUST03889,Simran Sharma,Female,62,Bangalore,Karnataka,2024-01-23
CUST03890,Priya Patel,Male,40,Lucknow,Uttar Pradesh,2023-12-17
CUST03891,Yash Rao,Other,49,Delhi,Delhi,2025-12-05
CUST03892,Aarav Khan,Female,24,Chennai,Tamil Nadu,2023-07-13
CUST03893,Ananya Kulkarni,Other,41,Kolkata,West Bengal,2024-03-09
CUST03894,Aditya Kulkarni,Other,55,Jaipur,Rajasthan,2023-06-17
CUST03895,Aditya Singh,Male,63,Ahmedabad,Gujarat,2025-08-21
CUST03896,Ananya Desai,Male,63,Jaipur,Rajasthan,2025-11-24
CUST03897,Aditi Rao,Female,52,Chennai,Tamil Nadu,2024-04-29
CUST03898,Shreya Mishra,Other,42,Hyderabad,Telangana,2023-05-18
CUST03899,Shreya Mehta,Male,50,Jaipur,Rajasthan,2025-09-09
CUST03900,Karan Joshi,Other,24,Pune,Maharashtra,2023-04-20
CUST03901,Yash Mehta,Male,18,Bangalore,Karnataka,2025-09-03
CUST03902,Aditi Mehta,Other,36,Jaipur,Rajasthan,2024-03-13
CUST03903,Simran Mehta,Other,27,Hyderabad,Telangana,2023-10-05
CUST03904,Aditi Gupta,Female,49,Delhi,Delhi,2024-07-22
CUST03905,Karan Khan,Other,51,Hyderabad,Telangana,2023-09-27
CUST03906,Ananya Patel,Other,56,Kolkata,West Bengal,2025-01-07
CUST03907,Rohan Nair,Other,58,Mumbai,Maharashtra,2023-09-17
CUST03908,Aarav Mehta,Male,35,Mumbai,Maharashtra,2024-03-01
CUST03909,Rahul Shah,Other,46,Bangalore,Karnataka,2023-09-25
CUST03910,Riya Joshi,Male,41,Bangalore,Karnataka,2023-07-31
CUST03911,Rohan Sharma,Male,44,Bangalore,Karnataka,2025-10-27
CUST03912,Aditya Jain,Female,43,Mumbai,Maharashtra,2025-04-13
CUST03913,Rohan Sharma,Other,56,Mumbai,Maharashtra,2024-12-06
CUST03914,Sneha Jain,Female,40,Ahmedabad,Gujarat,2025-07-24
CUST03915,Vikram Jain,Other,52,Lucknow,Uttar Pradesh,2023-07-16
CUST03916,Sneha Mehta,Other,28,Delhi,Delhi,2023-02-16
CUST03917,Shreya Patel,Female,37,Kolkata,West Bengal,2023-06-01
CUST03918,Vikram Mishra,Male,55,Lucknow,Uttar Pradesh,2023-03-25
CUST03919,Yash Shah,Female,33,Delhi,Delhi,2023-03-01
CUST03920,Simran Mishra,Other,42,Pune,Maharashtra,2023-05-17
CUST03921,Vikram Mehta,Male,25,Bangalore,Karnataka,2023-06-16
CUST03922,Pooja Verma,Male,41,Mumbai,Maharashtra,2025-10-23
CUST03923,Vikram Kulkarni,Female,47,Chennai,Tamil Nadu,2025-05-05
CUST03924,Aditi Desai,Male,23,Hyderabad,Telangana,2025-03-17
CUST03925,Aman Kulkarni,Female,21,Kolkata,West Bengal,2025-01-11
CUST03926,Isha Singh,Female,59,Pune,Maharashtra,2024-06-05
CUST03927,Aditi Verma,Male,61,Kolkata,West Bengal,2025-03-12
CUST03928,Isha Singh,Other,44,Hyderabad,Telangana,2024-04-05
CUST03929,Neha Sharma,Male,47,Pune,Maharashtra,2025-02-10
CUST03930,Rohan Mehta,Male,45,Bangalore,Karnataka,2025-02-28
CUST03931,Ananya Patel,Female,31,Pune,Maharashtra,2023-10-28
CUST03932,Pooja Khan,Other,53,Bangalore,Karnataka,2024-12-04
CUST03933,Aditya Gupta,Other,50,Bangalore,Karnataka,2023-07-27
CUST03934,Yash Khan,Other,49,Mumbai,Maharashtra,2025-12-29
CUST03935,Shreya Khan,Other,57,Lucknow,Uttar Pradesh,2023-07-20
CUST03936,Pooja Mehta,Other,23,Hyderabad,Telangana,2024-09-29
CUST03937,Shreya Singh,Male,30,Kolkata,West Bengal,2024-06-23
CUST03938,Simran Joshi,Other,36,Hyderabad,Telangana,2023-10-02
CUST03939,Kabir Mehta,Female,52,Chennai,Tamil Nadu,2023-04-28
CUST03940,Sneha Shah,Male,20,Hyderabad,Telangana,2024-06-17
CUST03941,Sneha Patel,Other,51,Delhi,Delhi,2025-01-19
CUST03942,Riya Desai,Other,35,Mumbai,Maharashtra,2025-02-04
CUST03943,Neha Mishra,Other,54,Ahmedabad,Gujarat,2025-03-10
CUST03944,Karan Verma,Female,55,Chennai,Tamil Nadu,2025-07-17
CUST03945,Karan Nair,Female,33,Chennai,Tamil Nadu,2024-02-13
CUST03946,Pooja Joshi,Female,43,Lucknow,Uttar Pradesh,2025-08-25
CUST03947,Vikram Jain,Female,22,Lucknow,Uttar Pradesh,2025-10-26
CUST03948,Pooja Shah,Male,29,Pune,Maharashtra,2023-09-17
CUST03949,Aditya Gupta,Other,62,Chennai,Tamil Nadu,2023-02-15
CUST03950,Aarav Singh,Other,23,Chennai,Tamil Nadu,2024-09-19
CUST03951,Aditya Mehta,Female,41,Kolkata,West Bengal,2023-10-20
CUST03952,Aman Desai,Female,29,Kolkata,West Bengal,2024-09-10
CUST03953,Ananya Mishra,Female,35,Hyderabad,Telangana,2023-01-28
CUST03954,Rahul Shah,Female,29,Chennai,Tamil Nadu,2023-09-01
CUST03955,Vikram Patel,Other,34,Pune,Maharashtra,2023-04-18
CUST03956,Simran Singh,Male,44,Hyderabad,Telangana,2024-05-22
CUST03957,Ananya Gupta,Male,63,Chennai,Tamil Nadu,2024-09-24
CUST03958,Aditi Verma,Male,60,Lucknow,Uttar Pradesh,2025-04-25
CUST03959,Kabir Shah,Male,52,Delhi,Delhi,2023-02-07
CUST03960,Ananya Verma,Male,27,Jaipur,Rajasthan,2024-12-30
CUST03961,Ananya Patel,Male,53,Chennai,Tamil Nadu,2025-07-03
CUST03962,Karan Joshi,Female,60,Bangalore,Karnataka,2024-03-04
CUST03963,Karan Nair,Other,47,Bangalore,Karnataka,2025-06-05
CUST03964,Karan Gupta,Male,49,Ahmedabad,Gujarat,2023-04-10
CUST03965,Rohan Khan,Other,51,Bangalore,Karnataka,2023-02-21
CUST03966,Pooja Rao,Male,46,Chennai,Tamil Nadu,2023-10-30
CUST03967,Kabir Verma,Female,61,Bangalore,Karnataka,2025-05-30
CUST03968,Aditya Desai,Female,18,Hyderabad,Telangana,2024-02-04
CUST03969,Ananya Gupta,Other,62,Mumbai,Maharashtra,2023-04-06
CUST03970,Neha Mishra,Other,22,Bangalore,Karnataka,2025-06-18
CUST03971,Aarav Jain,Other,51,Chennai,Tamil Nadu,2024-10-28
CUST03972,Aditi Sharma,Female,61,Mumbai,Maharashtra,2023-11-08
CUST03973,Priya Nair,Female,29,Bangalore,Karnataka,2023-05-15
CUST03974,Aditya Verma,Female,19,Hyderabad,Telangana,2023-09-03
CUST03975,Shreya Gupta,Male,43,Hyderabad,Telangana,2023-09-10
CUST03976,Yash Rao,Male,20,Delhi,Delhi,2025-10-09
CUST03977,Rohan Patel,Other,40,Hyderabad,Telangana,2025-02-13
CUST03978,Neha Nair,Female,29,Bangalore,Karnataka,2025-11-27
CUST03979,Aarav Singh,Male,40,Bangalore,Karnataka,2025-09-19
CUST03980,Rahul Nair,Other,61,Chennai,Tamil Nadu,2024-12-22
CUST03981,Rohan Jain,Male,27,Hyderabad,Telangana,2023-10-31
CUST03982,Kabir Shah,Other,56,Lucknow,Uttar Pradesh,2024-01-25
CUST03983,Shreya Mehta,Female,48,Mumbai,Maharashtra,2024-08-11
CUST03984,Sneha Rao,Male,32,Chennai,Tamil Nadu,2024-04-06
CUST03985,Pooja Desai,Female,20,Delhi,Delhi,2025-11-04
CUST03986,Riya Desai,Other,47,Delhi,Delhi,2023-04-11
CUST03987,Aditi Kulkarni,Other,49,Bangalore,Karnataka,2025-03-07
CUST03988,Ananya Rao,Male,42,Jaipur,Rajasthan,2023-11-21
CUST03989,Aditi Patel,Male,27,Mumbai,Maharashtra,2025-10-03
CUST03990,Vikram Patel,Other,61,Chennai,Tamil Nadu,2024-03-31
CUST03991,Simran Khan,Female,60,Bangalore,Karnataka,2023-07-03
CUST03992,Pooja Jain,Female,43,Pune,Maharashtra,2025-12-29
CUST03993,Riya Shah,Female,26,Chennai,Tamil Nadu,2025-06-25
CUST03994,Rahul Shah,Male,28,Hyderabad,Telangana,2023-11-09
CUST03995,Yash Sharma,Female,27,Delhi,Delhi,2024-08-21
CUST03996,Neha Kulkarni,Other,60,Lucknow,Uttar Pradesh,2023-11-12
CUST03997,Priya Mehta,Male,42,Chennai,Tamil Nadu,2025-04-09
CUST03998,Priya Mishra,Male,41,Lucknow,Uttar Pradesh,2024-11-22
CUST03999,Aditi Jain,Other,64,Kolkata,West Bengal,2024-05-11
CUST04000,Riya Mishra,Other,25,Hyderabad,Telangana,2023-05-17
CUST04001,Simran Sharma,Other,49,Pune,Maharashtra,2025-03-23
CUST04002,Karan Patel,Female,60,Hyderabad,Telangana,2023-01-13
CUST04003,Aditya Shah,Male,59,Jaipur,Rajasthan,2024-09-16
CUST04004,Simran Joshi,Other,22,Bangalore,Karnataka,2023-01-28
CUST04005,Sneha Rao,Female,60,Kolkata,West Bengal,2023-12-24
CUST04006,Aditi Kulkarni,Male,54,Pune,Maharashtra,2025-03-28
CUST04007,Riya Khan,Male,38,Chennai,Tamil Nadu,2025-03-01
CUST04008,Karan Rao,Female,38,Ahmedabad,Gujarat,2023-04-03
CUST04009,Karan Singh,Other,60,Delhi,Delhi,2023-12-23
CUST04010,Arjun Joshi,Other,35,Delhi,Delhi,2025-05-26
CUST04011,Arjun Patel,Female,45,Lucknow,Uttar Pradesh,2024-12-01
CUST04012,Karan Sharma,Other,64,Lucknow,Uttar Pradesh,2023-07-07
CUST04013,Vikram Singh,Female,53,Hyderabad,Telangana,2024-10-19
CUST04014,Riya Joshi,Female,18,Bangalore,Karnataka,2023-05-04
CUST04015,Rahul Sharma,Female,28,Pune,Maharashtra,2023-12-12
CUST04016,Aarav Patel,Male,26,Lucknow,Uttar Pradesh,2025-10-13
CUST04017,Arjun Mehta,Male,54,Pune,Maharashtra,2023-05-31
CUST04018,Sneha Rao,Female,52,Kolkata,West Bengal,2025-04-06
CUST04019,Aman Khan,Male,54,Ahmedabad,Gujarat,2025-04-11
CUST04020,Yash Verma,Male,45,Hyderabad,Telangana,2023-06-01
CUST04021,Riya Jain,Male,56,Ahmedabad,Gujarat,2024-04-18
CUST04022,Priya Mehta,Other,19,Ahmedabad,Gujarat,2025-03-08
CUST04023,Kabir Joshi,Other,57,Lucknow,Uttar Pradesh,2025-12-22
CUST04024,Riya Khan,Female,33,Jaipur,Rajasthan,2025-05-10
CUST04025,Rohan Khan,Male,25,Lucknow,Uttar Pradesh,2024-09-24
CUST04026,Shreya Patel,Female,30,Kolkata,West Bengal,2024-11-04
CUST04027,Aarav Kulkarni,Male,32,Lucknow,Uttar Pradesh,2024-11-16
CUST04028,Ananya Mehta,Male,55,Mumbai,Maharashtra,2023-11-21
CUST04029,Arjun Joshi,Female,42,Mumbai,Maharashtra,2024-12-15
CUST04030,Karan Gupta,Female,48,Lucknow,Uttar Pradesh,2025-07-23
CUST04031,Aarav Nair,Male,44,Mumbai,Maharashtra,2023-01-03
CUST04032,Simran Verma,Female,52,Kolkata,West Bengal,2024-09-19
CUST04033,Pooja Verma,Other,46,Kolkata,West Bengal,2024-09-01
CUST04034,Aman Verma,Female,30,Pune,Maharashtra,2023-07-02
CUST04035,Vikram Jain,Other,20,Chennai,Tamil Nadu,2025-05-23
CUST04036,Karan Mishra,Male,44,Chennai,Tamil Nadu,2023-03-09
CUST04037,Sneha Joshi,Female,30,Chennai,Tamil Nadu,2024-03-27
CUST04038,Aditi Singh,Other,45,Kolkata,West Bengal,2024-07-11
CUST04039,Shreya Mehta,Male,25,Ahmedabad,Gujarat,2025-06-22
CUST04040,Aman Khan,Other,62,Chennai,Tamil Nadu,2023-10-09
CUST04041,Vikram Shah,Male,62,Chennai,Tamil Nadu,2024-02-26
CUST04042,Neha Singh,Male,41,Ahmedabad,Gujarat,2023-01-17
CUST04043,Neha Patel,Male,47,Bangalore,Karnataka,2025-12-19
CUST04044,Pooja Khan,Female,33,Hyderabad,Telangana,2025-05-23
CUST04045,Arjun Mishra,Other,57,Chennai,Tamil Nadu,2024-08-16
CUST04046,Simran Mishra,Other,43,Lucknow,Uttar Pradesh,2024-11-17
CUST04047,Neha Jain,Other,45,Pune,Maharashtra,2025-04-27
CUST04048,Sneha Gupta,Female,65,Chennai,Tamil Nadu,2024-06-20
CUST04049,Sneha Gupta,Female,57,Pune,Maharashtra,2023-05-30
CUST04050,Ananya Desai,Other,33,Lucknow,Uttar Pradesh,2024-05-15
CUST04051,Karan Gupta,Female,32,Lucknow,Uttar Pradesh,2025-07-12
CUST04052,Aman Jain,Female,19,Pune,Maharashtra,2025-04-19
CUST04053,Yash Rao,Male,32,Jaipur,Rajasthan,2023-12-17
CUST04054,Aditi Singh,Female,26,Chennai,Tamil Nadu,2025-10-22
CUST04055,Shreya Nair,Other,60,Ahmedabad,Gujarat,2024-03-23
CUST04056,Simran Khan,Male,33,Jaipur,Rajasthan,2024-07-06
CUST04057,Priya Patel,Male,21,Mumbai,Maharashtra,2025-07-01
CUST04058,Priya Patel,Female,38,Ahmedabad,Gujarat,2023-03-30
CUST04059,Isha Jain,Male,36,Jaipur,Rajasthan,2024-12-13
CUST04060,Pooja Joshi,Other,26,Chennai,Tamil Nadu,2025-08-25
CUST04061,Rahul Sharma,Male,37,Hyderabad,Telangana,2023-01-21
CUST04062,Karan Singh,Female,22,Kolkata,West Bengal,2024-09-15
CUST04063,Rahul Nair,Other,21,Lucknow,Uttar Pradesh,2024-04-02
CUST04064,Aarav Mehta,Male,25,Chennai,Tamil Nadu,2023-08-07
CUST04065,Rohan Nair,Female,40,Ahmedabad,Gujarat,2024-11-13
CUST04066,Yash Nair,Male,39,Lucknow,Uttar Pradesh,2025-03-13
CUST04067,Aman Joshi,Other,45,Ahmedabad,Gujarat,2023-01-05
CUST04068,Arjun Jain,Male,34,Lucknow,Uttar Pradesh,2024-03-23
CUST04069,Neha Kulkarni,Female,62,Pune,Maharashtra,2024-01-23
CUST04070,Aditya Desai,Male,22,Kolkata,West Bengal,2024-03-29
CUST04071,Sneha Jain,Male,31,Jaipur,Rajasthan,2025-01-29
CUST04072,Isha Jain,Female,28,Bangalore,Karnataka,2024-01-26
CUST04073,Rahul Sharma,Female,47,Hyderabad,Telangana,2024-02-04
CUST04074,Isha Mehta,Male,59,Pune,Maharashtra,2025-04-12
CUST04075,Ananya Sharma,Other,46,Pune,Maharashtra,2024-04-20
CUST04076,Aman Desai,Other,19,Jaipur,Rajasthan,2025-03-22
CUST04077,Aditi Kulkarni,Other,35,Chennai,Tamil Nadu,2023-10-16
CUST04078,Vikram Rao,Male,59,Lucknow,Uttar Pradesh,2023-04-13
CUST04079,Arjun Khan,Female,22,Ahmedabad,Gujarat,2025-06-16
CUST04080,Kabir Gupta,Female,31,Hyderabad,Telangana,2023-03-18
CUST04081,Aditya Sharma,Other,41,Bangalore,Karnataka,2024-04-12
CUST04082,Aditi Mehta,Female,43,Bangalore,Karnataka,2024-07-28
CUST04083,Aditya Mehta,Other,28,Ahmedabad,Gujarat,2024-11-20
CUST04084,Rohan Shah,Male,57,Bangalore,Karnataka,2025-12-01
CUST04085,Sneha Sharma,Male,39,Bangalore,Karnataka,2023-02-03
CUST04086,Vikram Singh,Male,18,Delhi,Delhi,2024-03-17
CUST04087,Sneha Sharma,Female,44,Hyderabad,Telangana,2024-02-09
CUST04088,Kabir Verma,Other,45,Delhi,Delhi,2023-09-09
CUST04089,Kabir Joshi,Female,27,Mumbai,Maharashtra,2025-06-15
CUST04090,Riya Singh,Female,33,Lucknow,Uttar Pradesh,2024-12-12
CUST04091,Aditi Mehta,Male,21,Pune,Maharashtra,2025-01-28
CUST04092,Arjun Jain,Other,55,Bangalore,Karnataka,2024-04-17
CUST04093,Simran Rao,Male,33,Pune,Maharashtra,2025-09-25
CUST04094,Aarav Shah,Male,26,Pune,Maharashtra,2023-09-27
CUST04095,Simran Gupta,Other,65,Ahmedabad,Gujarat,2023-05-20
CUST04096,Aarav Patel,Male,60,Ahmedabad,Gujarat,2023-11-30
CUST04097,Rahul Gupta,Male,46,Mumbai,Maharashtra,2025-02-03
CUST04098,Pooja Jain,Other,24,Pune,Maharashtra,2025-08-05
CUST04099,Riya Khan,Female,44,Ahmedabad,Gujarat,2024-10-19
CUST04100,Ananya Singh,Female,21,Lucknow,Uttar Pradesh,2024-01-10
CUST04101,Vikram Joshi,Other,46,Jaipur,Rajasthan,2024-04-10
CUST04102,Rahul Rao,Female,50,Ahmedabad,Gujarat,2023-10-31
CUST04103,Arjun Mehta,Other,20,Bangalore,Karnataka,2024-10-10
CUST04104,Aman Rao,Female,52,Chennai,Tamil Nadu,2025-02-28
CUST04105,Isha Nair,Other,65,Pune,Maharashtra,2025-11-04
CUST04106,Rahul Shah,Other,30,Ahmedabad,Gujarat,2024-05-25
CUST04107,Kabir Singh,Male,26,Delhi,Delhi,2024-01-17
CUST04108,Arjun Patel,Other,47,Mumbai,Maharashtra,2023-09-02
CUST04109,Yash Sharma,Other,53,Hyderabad,Telangana,2024-12-10
CUST04110,Pooja Rao,Other,22,Lucknow,Uttar Pradesh,2023-04-13
CUST04111,Kabir Mishra,Female,62,Mumbai,Maharashtra,2025-09-19
CUST04112,Aditi Rao,Female,24,Hyderabad,Telangana,2023-11-06
CUST04113,Aman Singh,Other,40,Lucknow,Uttar Pradesh,2024-05-30
CUST04114,Priya Singh,Female,24,Chennai,Tamil Nadu,2023-08-13
CUST04115,Priya Mehta,Female,65,Bangalore,Karnataka,2025-10-05
CUST04116,Karan Shah,Male,28,Hyderabad,Telangana,2025-07-19
CUST04117,Aarav Joshi,Male,25,Pune,Maharashtra,2023-11-03
CUST04118,Vikram Mehta,Other,34,Kolkata,West Bengal,2024-10-18
CUST04119,Aman Jain,Male,65,Kolkata,West Bengal,2024-01-29
CUST04120,Aarav Nair,Male,36,Jaipur,Rajasthan,2024-02-05
CUST04121,Isha Gupta,Female,50,Ahmedabad,Gujarat,2023-02-07
CUST04122,Yash Verma,Male,35,Jaipur,Rajasthan,2024-11-08
CUST04123,Kabir Sharma,Female,57,Bangalore,Karnataka,2023-01-22
CUST04124,Vikram Rao,Male,57,Jaipur,Rajasthan,2024-12-16
CUST04125,Aditya Shah,Female,57,Ahmedabad,Gujarat,2025-10-14
CUST04126,Priya Desai,Male,56,Kolkata,West Bengal,2024-03-04
CUST04127,Aditya Desai,Male,46,Hyderabad,Telangana,2024-07-02
CUST04128,Riya Verma,Male,40,Chennai,Tamil Nadu,2023-12-16
CUST04129,Aman Mehta,Male,43,Mumbai,Maharashtra,2025-05-06
CUST04130,Neha Kulkarni,Other,26,Delhi,Delhi,2023-10-18
CUST04131,Aarav Khan,Male,55,Chennai,Tamil Nadu,2023-11-19
CUST04132,Isha Patel,Female,31,Delhi,Delhi,2024-10-22
CUST04133,Aditi Mehta,Female,60,Lucknow,Uttar Pradesh,2024-10-12
CUST04134,Aman Desai,Male,47,Hyderabad,Telangana,2025-06-11
CUST04135,Rahul Khan,Other,64,Kolkata,West Bengal,2023-12-19
CUST04136,Isha Khan,Female,42,Bangalore,Karnataka,2023-03-29
CUST04137,Arjun Joshi,Male,59,Pune,Maharashtra,2025-11-19
CUST04138,Simran Joshi,Male,64,Delhi,Delhi,2024-02-03
CUST04139,Ananya Shah,Male,35,Jaipur,Rajasthan,2023-03-24
CUST04140,Aman Kulkarni,Male,59,Hyderabad,Telangana,2023-11-18
CUST04141,Arjun Mehta,Male,22,Bangalore,Karnataka,2023-07-13
CUST04142,Neha Nair,Other,25,Pune,Maharashtra,2025-11-13
CUST04143,Neha Kulkarni,Other,44,Bangalore,Karnataka,2025-06-10
CUST04144,Simran Verma,Male,24,Kolkata,West Bengal,2024-09-02
CUST04145,Aman Patel,Female,53,Jaipur,Rajasthan,2024-10-31
CUST04146,Simran Sharma,Female,26,Kolkata,West Bengal,2024-09-25
CUST04147,Aarav Sharma,Other,50,Kolkata,West Bengal,2023-12-30
CUST04148,Riya Verma,Male,38,Jaipur,Rajasthan,2025-09-10
CUST04149,Yash Joshi,Female,43,Kolkata,West Bengal,2025-04-02
CUST04150,Isha Rao,Other,26,Delhi,Delhi,2025-06-10
CUST04151,Rohan Gupta,Other,27,Bangalore,Karnataka,2023-08-17
CUST04152,Pooja Rao,Male,30,Bangalore,Karnataka,2024-01-02
CUST04153,Priya Sharma,Male,36,Pune,Maharashtra,2023-05-11
CUST04154,Priya Singh,Male,25,Pune,Maharashtra,2025-12-25
CUST04155,Isha Nair,Other,62,Ahmedabad,Gujarat,2025-11-12
CUST04156,Ananya Patel,Male,44,Ahmedabad,Gujarat,2025-07-03
CUST04157,Aman Singh,Other,62,Lucknow,Uttar Pradesh,2024-07-22
CUST04158,Yash Patel,Other,30,Bangalore,Karnataka,2025-11-18
CUST04159,Ananya Nair,Male,32,Jaipur,Rajasthan,2023-02-10
CUST04160,Pooja Desai,Other,62,Kolkata,West Bengal,2023-02-12
CUST04161,Priya Nair,Male,40,Mumbai,Maharashtra,2023-05-08
CUST04162,Rohan Nair,Male,52,Bangalore,Karnataka,2024-11-20
CUST04163,Vikram Shah,Female,58,Delhi,Delhi,2023-01-08
CUST04164,Aditi Joshi,Male,51,Bangalore,Karnataka,2024-07-07
CUST04165,Sneha Kulkarni,Other,62,Mumbai,Maharashtra,2024-12-28
CUST04166,Priya Jain,Other,54,Kolkata,West Bengal,2023-12-17
CUST04167,Shreya Sharma,Female,52,Mumbai,Maharashtra,2025-07-12
CUST04168,Pooja Mehta,Male,32,Ahmedabad,Gujarat,2025-06-12
CUST04169,Priya Mishra,Other,57,Jaipur,Rajasthan,2024-02-28
CUST04170,Vikram Khan,Female,44,Hyderabad,Telangana,2024-03-15
CUST04171,Arjun Kulkarni,Other,52,Chennai,Tamil Nadu,2023-08-22
CUST04172,Vikram Mehta,Male,33,Kolkata,West Bengal,2025-07-20
CUST04173,Pooja Kulkarni,Male,22,Pune,Maharashtra,2023-08-11
CUST04174,Rohan Mehta,Male,32,Jaipur,Rajasthan,2023-11-18
CUST04175,Shreya Mehta,Other,32,Delhi,Delhi,2025-11-06
CUST04176,Neha Jain,Other,56,Bangalore,Karnataka,2025-08-02
CUST04177,Arjun Kulkarni,Other,65,Ahmedabad,Gujarat,2024-10-28
CUST04178,Aarav Desai,Female,24,Ahmedabad,Gujarat,2025-10-06
CUST04179,Aditi Desai,Male,58,Chennai,Tamil Nadu,2023-12-09
CUST04180,Simran Kulkarni,Male,22,Delhi,Delhi,2024-06-29
CUST04181,Shreya Mehta,Female,25,Ahmedabad,Gujarat,2025-06-29
CUST04182,Kabir Jain,Female,55,Jaipur,Rajasthan,2023-08-15
CUST04183,Pooja Singh,Other,62,Jaipur,Rajasthan,2024-05-20
CUST04184,Isha Joshi,Other,61,Ahmedabad,Gujarat,2023-12-31
CUST04185,Aarav Nair,Female,41,Bangalore,Karnataka,2025-03-11
CUST04186,Vikram Kulkarni,Other,40,Kolkata,West Bengal,2023-12-16
CUST04187,Aman Mishra,Female,46,Delhi,Delhi,2023-10-11
CUST04188,Rohan Gupta,Other,54,Lucknow,Uttar Pradesh,2025-11-04
CUST04189,Priya Joshi,Other,35,Chennai,Tamil Nadu,2024-04-02
CUST04190,Pooja Khan,Other,37,Mumbai,Maharashtra,2025-06-29
CUST04191,Rahul Singh,Female,35,Lucknow,Uttar Pradesh,2023-02-16
CUST04192,Riya Mehta,Female,55,Lucknow,Uttar Pradesh,2025-04-23
CUST04193,Isha Patel,Female,19,Ahmedabad,Gujarat,2025-03-22
CUST04194,Simran Sharma,Female,61,Jaipur,Rajasthan,2025-07-25
CUST04195,Riya Gupta,Other,57,Jaipur,Rajasthan,2024-12-21
CUST04196,Aman Gupta,Male,50,Kolkata,West Bengal,2024-07-18
CUST04197,Rohan Rao,Female,25,Lucknow,Uttar Pradesh,2025-10-29
CUST04198,Pooja Verma,Female,51,Hyderabad,Telangana,2024-08-14
CUST04199,Aditya Shah,Male,42,Kolkata,West Bengal,2025-12-28
CUST04200,Isha Rao,Male,34,Lucknow,Uttar Pradesh,2025-12-29
CUST04201,Isha Joshi,Other,58,Mumbai,Maharashtra,2023-12-08
CUST04202,Yash Rao,Female,28,Kolkata,West Bengal,2023-01-21
CUST04203,Ananya Mishra,Female,26,Mumbai,Maharashtra,2023-12-02
CUST04204,Kabir Sharma,Female,53,Kolkata,West Bengal,2025-03-30
CUST04205,Shreya Jain,Other,29,Mumbai,Maharashtra,2023-02-07
CUST04206,Karan Kulkarni,Other,24,Pune,Maharashtra,2025-01-04
CUST04207,Sneha Sharma,Other,20,Jaipur,Rajasthan,2024-01-25
CUST04208,Aditya Verma,Other,56,Pune,Maharashtra,2024-04-30
CUST04209,Riya Gupta,Female,33,Delhi,Delhi,2024-12-12
CUST04210,Aarav Mehta,Male,21,Ahmedabad,Gujarat,2025-01-28
CUST04211,Aarav Shah,Other,42,Mumbai,Maharashtra,2024-12-07
CUST04212,Vikram Patel,Other,31,Lucknow,Uttar Pradesh,2024-12-29
CUST04213,Aarav Jain,Female,24,Chennai,Tamil Nadu,2025-03-04
CUST04214,Simran Gupta,Female,52,Lucknow,Uttar Pradesh,2024-01-28
CUST04215,Isha Desai,Other,48,Ahmedabad,Gujarat,2023-04-17
CUST04216,Aarav Khan,Female,28,Delhi,Delhi,2025-12-23
CUST04217,Pooja Jain,Male,58,Mumbai,Maharashtra,2023-03-05
CUST04218,Rohan Desai,Male,32,Chennai,Tamil Nadu,2023-09-09
CUST04219,Karan Jain,Female,26,Pune,Maharashtra,2024-09-12
CUST04220,Shreya Singh,Female,35,Mumbai,Maharashtra,2025-03-16
CUST04221,Aditya Desai,Female,28,Jaipur,Rajasthan,2025-03-31
CUST04222,Isha Sharma,Male,25,Kolkata,West Bengal,2023-10-18
CUST04223,Aditya Jain,Female,26,Chennai,Tamil Nadu,2025-06-12
CUST04224,Aditya Jain,Male,29,Kolkata,West Bengal,2024-01-01
CUST04225,Ananya Singh,Male,31,Mumbai,Maharashtra,2024-11-10
CUST04226,Isha Verma,Female,37,Mumbai,Maharashtra,2024-06-13
CUST04227,Riya Jain,Other,36,Kolkata,West Bengal,2024-09-13
CUST04228,Aditya Joshi,Other,45,Lucknow,Uttar Pradesh,2024-04-01
CUST04229,Aditya Mehta,Other,32,Delhi,Delhi,2024-04-19
CUST04230,Aditya Sharma,Male,36,Ahmedabad,Gujarat,2023-06-17
CUST04231,Aditya Nair,Male,28,Chennai,Tamil Nadu,2024-03-22
CUST04232,Shreya Sharma,Female,26,Mumbai,Maharashtra,2024-05-25
CUST04233,Priya Patel,Male,58,Delhi,Delhi,2025-08-25
CUST04234,Rahul Khan,Male,45,Ahmedabad,Gujarat,2025-10-10
CUST04235,Karan Kulkarni,Other,40,Jaipur,Rajasthan,2024-05-19
CUST04236,Simran Joshi,Male,29,Chennai,Tamil Nadu,2024-10-27
CUST04237,Aman Khan,Other,40,Pune,Maharashtra,2023-12-15
CUST04238,Rahul Nair,Female,25,Chennai,Tamil Nadu,2023-07-27
CUST04239,Yash Joshi,Other,23,Ahmedabad,Gujarat,2025-01-24
CUST04240,Kabir Patel,Male,51,Mumbai,Maharashtra,2024-11-19
CUST04241,Aditi Joshi,Female,46,Pune,Maharashtra,2023-07-09
CUST04242,Kabir Gupta,Male,41,Pune,Maharashtra,2025-08-23
CUST04243,Rohan Joshi,Female,51,Bangalore,Karnataka,2024-09-01
CUST04244,Isha Patel,Female,55,Ahmedabad,Gujarat,2023-09-01
CUST04245,Isha Nair,Male,34,Lucknow,Uttar Pradesh,2025-07-29
CUST04246,Isha Mishra,Male,39,Lucknow,Uttar Pradesh,2024-02-21
CUST04247,Sneha Verma,Male,32,Jaipur,Rajasthan,2025-12-30
CUST04248,Rohan Patel,Female,23,Jaipur,Rajasthan,2024-03-21
CUST04249,Arjun Nair,Other,51,Hyderabad,Telangana,2024-05-05
CUST04250,Shreya Mehta,Other,48,Kolkata,West Bengal,2023-03-18
CUST04251,Yash Kulkarni,Female,29,Bangalore,Karnataka,2023-05-20
CUST04252,Riya Kulkarni,Male,36,Ahmedabad,Gujarat,2024-02-07
CUST04253,Simran Desai,Other,22,Bangalore,Karnataka,2024-10-09
CUST04254,Aditya Mehta,Other,37,Delhi,Delhi,2025-06-30
CUST04255,Pooja Joshi,Other,32,Hyderabad,Telangana,2024-11-01
CUST04256,Riya Rao,Male,50,Jaipur,Rajasthan,2023-04-13
CUST04257,Aman Mishra,Female,61,Delhi,Delhi,2024-12-30
CUST04258,Riya Shah,Female,49,Pune,Maharashtra,2024-07-25
CUST04259,Arjun Nair,Other,42,Ahmedabad,Gujarat,2025-06-25
CUST04260,Priya Singh,Female,32,Kolkata,West Bengal,2023-05-14
CUST04261,Rohan Mishra,Other,56,Kolkata,West Bengal,2023-10-07
CUST04262,Aman Gupta,Female,39,Kolkata,West Bengal,2025-05-30
CUST04263,Aditi Singh,Other,20,Lucknow,Uttar Pradesh,2023-03-01
CUST04264,Ananya Sharma,Female,32,Jaipur,Rajasthan,2024-11-27
CUST04265,Aman Sharma,Other,63,Jaipur,Rajasthan,2024-04-24
CUST04266,Aditya Mehta,Other,56,Delhi,Delhi,2023-06-24
CUST04267,Pooja Khan,Female,28,Jaipur,Rajasthan,2024-08-17
CUST04268,Isha Desai,Other,37,Pune,Maharashtra,2025-11-19
CUST04269,Shreya Rao,Other,41,Lucknow,Uttar Pradesh,2025-07-26
CUST04270,Kabir Mehta,Female,39,Jaipur,Rajasthan,2025-01-29
CUST04271,Aman Joshi,Other,65,Jaipur,Rajasthan,2023-09-16
CUST04272,Ananya Mishra,Male,27,Lucknow,Uttar Pradesh,2023-04-16
CUST04273,Arjun Verma,Other,52,Lucknow,Uttar Pradesh,2025-08-05
CUST04274,Shreya Khan,Female,51,Delhi,Delhi,2023-10-09
CUST04275,Simran Shah,Male,47,Lucknow,Uttar Pradesh,2025-07-14
CUST04276,Aarav Jain,Female,34,Chennai,Tamil Nadu,2025-12-19
CUST04277,Aditya Rao,Male,45,Delhi,Delhi,2024-06-28
CUST04278,Riya Rao,Female,51,Bangalore,Karnataka,2025-12-07
CUST04279,Ananya Patel,Other,19,Bangalore,Karnataka,2024-03-21
CUST04280,Rohan Kulkarni,Female,52,Jaipur,Rajasthan,2024-11-30
CUST04281,Ananya Rao,Other,49,Delhi,Delhi,2024-05-18
CUST04282,Simran Patel,Other,18,Pune,Maharashtra,2024-11-20
CUST04283,Aarav Nair,Male,46,Lucknow,Uttar Pradesh,2023-12-08
CUST04284,Kabir Singh,Female,27,Mumbai,Maharashtra,2025-01-28
CUST04285,Simran Mishra,Other,31,Kolkata,West Bengal,2025-05-16
CUST04286,Sneha Mishra,Other,60,Chennai,Tamil Nadu,2023-07-03
CUST04287,Aditya Nair,Other,47,Jaipur,Rajasthan,2023-02-12
CUST04288,Aarav Rao,Male,61,Chennai,Tamil Nadu,2024-02-04
CUST04289,Vikram Sharma,Other,33,Delhi,Delhi,2023-09-07
CUST04290,Aman Patel,Other,26,Mumbai,Maharashtra,2024-05-24
CUST04291,Aman Verma,Other,38,Pune,Maharashtra,2023-10-03
CUST04292,Neha Patel,Male,54,Hyderabad,Telangana,2025-05-23
CUST04293,Aditi Nair,Other,24,Jaipur,Rajasthan,2024-11-02
CUST04294,Yash Nair,Female,38,Delhi,Delhi,2023-03-29
CUST04295,Aditi Jain,Male,63,Bangalore,Karnataka,2024-09-05
CUST04296,Kabir Shah,Female,62,Kolkata,West Bengal,2023-05-23
CUST04297,Yash Verma,Female,26,Hyderabad,Telangana,2025-02-15
CUST04298,Kabir Patel,Other,64,Hyderabad,Telangana,2024-12-15
CUST04299,Shreya Desai,Male,40,Lucknow,Uttar Pradesh,2024-05-17
CUST04300,Sneha Rao,Other,18,Lucknow,Uttar Pradesh,2023-05-04
CUST04301,Aditya Kulkarni,Male,41,Chennai,Tamil Nadu,2025-05-31
CUST04302,Isha Verma,Other,39,Hyderabad,Telangana,2023-06-26
CUST04303,Vikram Mishra,Other,49,Kolkata,West Bengal,2024-05-05
CUST04304,Aman Mehta,Male,24,Chennai,Tamil Nadu,2024-12-11
CUST04305,Vikram Gupta,Other,57,Hyderabad,Telangana,2025-03-15
CUST04306,Aditi Khan,Male,48,Bangalore,Karnataka,2025-11-06
CUST04307,Riya Mehta,Male,52,Ahmedabad,Gujarat,2023-02-27
CUST04308,Shreya Desai,Male,39,Kolkata,West Bengal,2025-04-19
CUST04309,Sneha Gupta,Male,42,Bangalore,Karnataka,2025-12-03
CUST04310,Karan Gupta,Male,20,Delhi,Delhi,2025-04-24
CUST04311,Ananya Singh,Other,31,Ahmedabad,Gujarat,2024-10-24
CUST04312,Aditya Kulkarni,Female,20,Pune,Maharashtra,2025-04-18
CUST04313,Neha Patel,Other,53,Mumbai,Maharashtra,2024-01-22
CUST04314,Simran Sharma,Male,18,Bangalore,Karnataka,2025-10-01
CUST04315,Karan Mehta,Male,45,Ahmedabad,Gujarat,2025-05-09
CUST04316,Rahul Jain,Female,58,Jaipur,Rajasthan,2023-07-29
CUST04317,Karan Khan,Male,51,Pune,Maharashtra,2025-07-17
CUST04318,Aman Shah,Male,19,Lucknow,Uttar Pradesh,2024-10-11
CUST04319,Aman Desai,Female,49,Lucknow,Uttar Pradesh,2023-04-02
CUST04320,Vikram Gupta,Other,29,Lucknow,Uttar Pradesh,2023-01-08
CUST04321,Priya Kulkarni,Other,50,Jaipur,Rajasthan,2024-07-23
CUST04322,Kabir Rao,Female,25,Pune,Maharashtra,2024-10-17
CUST04323,Sneha Mishra,Male,49,Chennai,Tamil Nadu,2025-07-18
CUST04324,Ananya Verma,Male,59,Pune,Maharashtra,2024-02-07
CUST04325,Pooja Rao,Male,42,Jaipur,Rajasthan,2023-09-03
CUST04326,Karan Rao,Female,31,Mumbai,Maharashtra,2024-02-20
CUST04327,Aman Kulkarni,Other,49,Jaipur,Rajasthan,2023-05-14
CUST04328,Rohan Kulkarni,Other,65,Ahmedabad,Gujarat,2025-06-26
CUST04329,Neha Kulkarni,Male,43,Hyderabad,Telangana,2024-04-24
CUST04330,Isha Rao,Male,34,Ahmedabad,Gujarat,2025-07-09
CUST04331,Ananya Shah,Other,25,Mumbai,Maharashtra,2023-01-26
CUST04332,Neha Shah,Male,29,Jaipur,Rajasthan,2025-05-08
CUST04333,Simran Mehta,Female,34,Kolkata,West Bengal,2023-09-30
CUST04334,Priya Sharma,Other,28,Pune,Maharashtra,2023-05-19
CUST04335,Sneha Jain,Other,59,Delhi,Delhi,2023-03-13
CUST04336,Neha Verma,Male,35,Ahmedabad,Gujarat,2023-10-02
CUST04337,Karan Patel,Other,62,Mumbai,Maharashtra,2023-04-26
CUST04338,Riya Nair,Male,54,Lucknow,Uttar Pradesh,2024-07-11
CUST04339,Rohan Mehta,Male,53,Pune,Maharashtra,2025-01-30
CUST04340,Arjun Sharma,Other,57,Lucknow,Uttar Pradesh,2025-09-15
CUST04341,Isha Patel,Female,52,Bangalore,Karnataka,2023-10-23
CUST04342,Kabir Sharma,Male,65,Lucknow,Uttar Pradesh,2025-08-30
CUST04343,Vikram Gupta,Male,29,Lucknow,Uttar Pradesh,2025-04-13
CUST04344,Priya Joshi,Female,27,Delhi,Delhi,2025-10-12
CUST04345,Priya Gupta,Other,59,Mumbai,Maharashtra,2024-06-26
CUST04346,Rohan Mehta,Male,52,Kolkata,West Bengal,2023-07-24
CUST04347,Shreya Sharma,Female,42,Mumbai,Maharashtra,2024-01-30
CUST04348,Yash Desai,Male,21,Delhi,Delhi,2025-02-20
CUST04349,Riya Sharma,Female,62,Bangalore,Karnataka,2025-03-28
CUST04350,Priya Sharma,Male,56,Bangalore,Karnataka,2023-03-13
CUST04351,Aditya Rao,Female,64,Hyderabad,Telangana,2025-03-11
CUST04352,Rahul Patel,Male,44,Lucknow,Uttar Pradesh,2025-01-08
CUST04353,Simran Singh,Female,47,Mumbai,Maharashtra,2023-01-21
CUST04354,Riya Singh,Male,24,Chennai,Tamil Nadu,2023-03-03
CUST04355,Riya Shah,Other,18,Bangalore,Karnataka,2024-11-14
CUST04356,Aarav Rao,Other,47,Ahmedabad,Gujarat,2024-03-18
CUST04357,Arjun Shah,Male,28,Mumbai,Maharashtra,2025-07-13
CUST04358,Arjun Patel,Other,20,Hyderabad,Telangana,2025-02-18
CUST04359,Yash Verma,Female,27,Delhi,Delhi,2025-03-09
CUST04360,Priya Patel,Female,63,Mumbai,Maharashtra,2024-06-03
CUST04361,Karan Nair,Female,25,Kolkata,West Bengal,2023-08-18
CUST04362,Aman Mehta,Female,18,Jaipur,Rajasthan,2023-05-21
CUST04363,Kabir Gupta,Female,21,Pune,Maharashtra,2024-05-16
CUST04364,Rahul Mishra,Female,26,Hyderabad,Telangana,2024-09-09
CUST04365,Priya Joshi,Other,43,Bangalore,Karnataka,2023-07-10
CUST04366,Aarav Mehta,Male,55,Chennai,Tamil Nadu,2024-01-06
CUST04367,Karan Rao,Other,60,Delhi,Delhi,2023-10-18
CUST04368,Aarav Singh,Other,46,Pune,Maharashtra,2024-09-16
CUST04369,Riya Jain,Other,19,Bangalore,Karnataka,2025-02-08
CUST04370,Rohan Khan,Other,58,Bangalore,Karnataka,2025-05-11
CUST04371,Neha Joshi,Male,48,Delhi,Delhi,2024-04-05
CUST04372,Pooja Patel,Other,53,Ahmedabad,Gujarat,2024-09-06
CUST04373,Aarav Khan,Female,62,Bangalore,Karnataka,2024-07-07
CUST04374,Neha Singh,Male,42,Jaipur,Rajasthan,2024-12-19
CUST04375,Aditi Mehta,Other,60,Delhi,Delhi,2023-08-06
CUST04376,Ananya Joshi,Male,45,Jaipur,Rajasthan,2023-07-06
CUST04377,Simran Jain,Other,56,Kolkata,West Bengal,2024-08-07
CUST04378,Simran Jain,Female,53,Kolkata,West Bengal,2024-06-06
CUST04379,Pooja Rao,Male,31,Jaipur,Rajasthan,2025-05-12
CUST04380,Kabir Desai,Other,51,Mumbai,Maharashtra,2023-01-20
CUST04381,Karan Gupta,Male,50,Ahmedabad,Gujarat,2024-06-14
CUST04382,Sneha Verma,Other,25,Jaipur,Rajasthan,2023-07-01
CUST04383,Aman Sharma,Other,54,Ahmedabad,Gujarat,2024-08-20
CUST04384,Rahul Patel,Male,21,Kolkata,West Bengal,2024-09-07
CUST04385,Vikram Singh,Female,56,Jaipur,Rajasthan,2024-02-17
CUST04386,Rahul Mishra,Male,35,Hyderabad,Telangana,2024-10-29
CUST04387,Simran Gupta,Female,46,Jaipur,Rajasthan,2025-06-14
CUST04388,Aditi Kulkarni,Male,54,Bangalore,Karnataka,2023-08-29
CUST04389,Yash Desai,Female,29,Chennai,Tamil Nadu,2024-07-15
CUST04390,Rahul Nair,Male,28,Mumbai,Maharashtra,2023-12-11
CUST04391,Rohan Nair,Male,40,Ahmedabad,Gujarat,2023-10-31
CUST04392,Aditya Sharma,Male,21,Hyderabad,Telangana,2024-03-22
CUST04393,Aarav Sharma,Female,33,Jaipur,Rajasthan,2025-11-28
CUST04394,Isha Nair,Male,55,Kolkata,West Bengal,2025-07-17
CUST04395,Ananya Singh,Other,51,Mumbai,Maharashtra,2023-01-07
CUST04396,Aman Rao,Male,34,Lucknow,Uttar Pradesh,2023-07-04
CUST04397,Ananya Desai,Other,23,Mumbai,Maharashtra,2023-02-17
CUST04398,Vikram Singh,Male,61,Bangalore,Karnataka,2024-04-26
CUST04399,Riya Shah,Other,64,Ahmedabad,Gujarat,2025-12-25
CUST04400,Kabir Nair,Female,18,Lucknow,Uttar Pradesh,2023-04-02
CUST04401,Simran Rao,Other,23,Chennai,Tamil Nadu,2024-09-06
CUST04402,Simran Desai,Female,33,Ahmedabad,Gujarat,2024-06-12
CUST04403,Aditi Sharma,Female,61,Mumbai,Maharashtra,2025-11-20
CUST04404,Sneha Shah,Male,64,Kolkata,West Bengal,2023-09-01
CUST04405,Sneha Verma,Other,23,Delhi,Delhi,2023-07-16
CUST04406,Aditya Patel,Other,34,Lucknow,Uttar Pradesh,2025-01-26
CUST04407,Aditya Kulkarni,Male,19,Bangalore,Karnataka,2024-09-24
CUST04408,Rohan Khan,Male,41,Pune,Maharashtra,2023-01-25
CUST04409,Rohan Joshi,Female,44,Hyderabad,Telangana,2024-07-22
CUST04410,Aarav Verma,Other,56,Chennai,Tamil Nadu,2025-02-07
CUST04411,Shreya Gupta,Female,45,Pune,Maharashtra,2024-07-13
CUST04412,Kabir Mehta,Male,53,Mumbai,Maharashtra,2023-07-15
CUST04413,Rahul Gupta,Other,52,Mumbai,Maharashtra,2023-10-13
CUST04414,Arjun Nair,Male,59,Jaipur,Rajasthan,2023-11-08
CUST04415,Sneha Kulkarni,Male,27,Ahmedabad,Gujarat,2024-08-14
CUST04416,Vikram Mehta,Female,50,Mumbai,Maharashtra,2025-12-23
CUST04417,Arjun Verma,Male,47,Pune,Maharashtra,2024-10-27
CUST04418,Sneha Rao,Female,37,Chennai,Tamil Nadu,2024-01-30
CUST04419,Priya Jain,Female,19,Hyderabad,Telangana,2024-12-06
CUST04420,Aarav Gupta,Other,24,Delhi,Delhi,2023-11-23
CUST04421,Simran Mehta,Male,53,Jaipur,Rajasthan,2024-11-10
CUST04422,Ananya Khan,Other,29,Kolkata,West Bengal,2023-05-23
CUST04423,Aditya Joshi,Female,60,Lucknow,Uttar Pradesh,2023-02-06
CUST04424,Vikram Patel,Female,56,Mumbai,Maharashtra,2023-05-05
CUST04425,Priya Shah,Female,44,Mumbai,Maharashtra,2024-06-25
CUST04426,Aarav Sharma,Other,33,Delhi,Delhi,2023-09-19
CUST04427,Yash Mehta,Male,23,Ahmedabad,Gujarat,2023-06-27
CUST04428,Priya Shah,Male,40,Bangalore,Karnataka,2025-05-24
CUST04429,Arjun Mehta,Other,63,Mumbai,Maharashtra,2024-06-25
CUST04430,Neha Sharma,Female,38,Ahmedabad,Gujarat,2025-05-29
CUST04431,Sneha Mishra,Female,64,Pune,Maharashtra,2024-10-01
CUST04432,Aditi Jain,Male,46,Pune,Maharashtra,2023-12-30
CUST04433,Pooja Shah,Male,24,Pune,Maharashtra,2025-02-23
CUST04434,Shreya Patel,Male,41,Chennai,Tamil Nadu,2024-04-29
CUST04435,Riya Nair,Female,27,Hyderabad,Telangana,2024-09-25
CUST04436,Karan Shah,Male,49,Chennai,Tamil Nadu,2025-05-13
CUST04437,Pooja Kulkarni,Female,24,Bangalore,Karnataka,2023-12-01
CUST04438,Rahul Mishra,Female,46,Ahmedabad,Gujarat,2024-01-11
CUST04439,Aarav Kulkarni,Other,42,Kolkata,West Bengal,2025-05-06
CUST04440,Neha Jain,Male,35,Kolkata,West Bengal,2023-11-09
CUST04441,Arjun Jain,Female,52,Lucknow,Uttar Pradesh,2025-06-24
CUST04442,Kabir Kulkarni,Female,47,Pune,Maharashtra,2024-08-23
CUST04443,Arjun Khan,Other,31,Bangalore,Karnataka,2023-05-04
CUST04444,Neha Sharma,Male,50,Mumbai,Maharashtra,2025-04-25
CUST04445,Isha Kulkarni,Female,27,Lucknow,Uttar Pradesh,2025-09-16
CUST04446,Rahul Shah,Male,37,Chennai,Tamil Nadu,2024-07-10
CUST04447,Aditi Gupta,Other,27,Kolkata,West Bengal,2025-02-13
CUST04448,Ananya Mehta,Other,45,Delhi,Delhi,2024-11-19
CUST04449,Karan Singh,Female,34,Chennai,Tamil Nadu,2023-12-02
CUST04450,Aman Rao,Female,60,Bangalore,Karnataka,2023-02-05
CUST04451,Karan Rao,Male,24,Pune,Maharashtra,2023-06-30
CUST04452,Shreya Verma,Other,27,Hyderabad,Telangana,2023-06-14
CUST04453,Kabir Shah,Male,37,Mumbai,Maharashtra,2025-05-28
CUST04454,Sneha Joshi,Other,50,Lucknow,Uttar Pradesh,2024-08-11
CUST04455,Priya Nair,Other,35,Delhi,Delhi,2025-12-17
CUST04456,Aman Rao,Female,43,Kolkata,West Bengal,2023-02-17
CUST04457,Karan Mishra,Male,24,Mumbai,Maharashtra,2024-12-12
CUST04458,Aditi Mehta,Female,37,Delhi,Delhi,2023-11-26
CUST04459,Rohan Khan,Other,29,Pune,Maharashtra,2023-06-18
CUST04460,Sneha Mishra,Other,43,Mumbai,Maharashtra,2023-08-31
CUST04461,Aditi Gupta,Female,18,Lucknow,Uttar Pradesh,2025-12-17
CUST04462,Sneha Verma,Other,64,Bangalore,Karnataka,2023-07-25
CUST04463,Yash Desai,Male,28,Mumbai,Maharashtra,2023-04-30
CUST04464,Aditi Nair,Other,46,Hyderabad,Telangana,2023-08-04
CUST04465,Simran Mishra,Male,23,Lucknow,Uttar Pradesh,2023-04-12
CUST04466,Karan Sharma,Female,48,Mumbai,Maharashtra,2024-03-05
CUST04467,Ananya Shah,Other,24,Delhi,Delhi,2025-10-13
CUST04468,Aman Mishra,Male,65,Ahmedabad,Gujarat,2025-04-29
CUST04469,Ananya Jain,Female,61,Kolkata,West Bengal,2023-11-15
CUST04470,Shreya Rao,Female,24,Mumbai,Maharashtra,2025-11-05
CUST04471,Aman Khan,Other,39,Pune,Maharashtra,2025-08-13
CUST04472,Neha Jain,Male,31,Mumbai,Maharashtra,2023-09-04
CUST04473,Kabir Joshi,Other,28,Hyderabad,Telangana,2024-11-22
CUST04474,Ananya Sharma,Other,51,Ahmedabad,Gujarat,2023-12-07
CUST04475,Kabir Kulkarni,Male,47,Mumbai,Maharashtra,2025-08-23
CUST04476,Shreya Rao,Female,25,Mumbai,Maharashtra,2024-04-09
CUST04477,Pooja Patel,Other,62,Kolkata,West Bengal,2023-02-26
CUST04478,Yash Patel,Male,26,Lucknow,Uttar Pradesh,2025-08-20
CUST04479,Rohan Khan,Female,48,Lucknow,Uttar Pradesh,2025-02-25
CUST04480,Riya Rao,Female,39,Delhi,Delhi,2024-02-10
CUST04481,Sneha Sharma,Other,24,Ahmedabad,Gujarat,2025-05-08
CUST04482,Aarav Mehta,Other,64,Pune,Maharashtra,2023-01-31
CUST04483,Simran Joshi,Other,20,Chennai,Tamil Nadu,2025-08-11
CUST04484,Aarav Mehta,Male,26,Pune,Maharashtra,2024-08-23
CUST04485,Rohan Jain,Male,25,Kolkata,West Bengal,2024-01-17
CUST04486,Vikram Singh,Other,60,Mumbai,Maharashtra,2025-02-26
CUST04487,Vikram Kulkarni,Female,43,Chennai,Tamil Nadu,2025-07-22
CUST04488,Riya Sharma,Other,61,Kolkata,West Bengal,2025-06-25
CUST04489,Neha Patel,Male,54,Kolkata,West Bengal,2023-08-31
CUST04490,Neha Nair,Female,21,Bangalore,Karnataka,2023-07-03
CUST04491,Ananya Mishra,Male,42,Kolkata,West Bengal,2024-09-02
CUST04492,Arjun Sharma,Male,30,Ahmedabad,Gujarat,2023-01-20
CUST04493,Neha Sharma,Male,36,Jaipur,Rajasthan,2024-06-12
CUST04494,Rohan Nair,Other,26,Delhi,Delhi,2024-03-30
CUST04495,Isha Kulkarni,Male,32,Pune,Maharashtra,2025-10-27
CUST04496,Aarav Sharma,Other,45,Pune,Maharashtra,2023-08-08
CUST04497,Shreya Rao,Female,32,Delhi,Delhi,2023-02-01
CUST04498,Aditi Mehta,Male,42,Delhi,Delhi,2025-01-24
CUST04499,Riya Nair,Other,36,Chennai,Tamil Nadu,2025-03-05
CUST04500,Vikram Nair,Other,57,Hyderabad,Telangana,2024-04-18
CUST04501,Aditya Shah,Male,18,Pune,Maharashtra,2023-07-05
CUST04502,Aditya Sharma,Female,44,Delhi,Delhi,2024-07-19
CUST04503,Karan Rao,Other,55,Bangalore,Karnataka,2025-10-01
CUST04504,Pooja Mishra,Female,33,Delhi,Delhi,2024-10-17
CUST04505,Simran Joshi,Male,52,Chennai,Tamil Nadu,2023-08-16
CUST04506,Arjun Jain,Female,24,Ahmedabad,Gujarat,2025-10-06
CUST04507,Rahul Shah,Other,49,Lucknow,Uttar Pradesh,2025-02-01
CUST04508,Yash Patel,Female,27,Chennai,Tamil Nadu,2025-01-11
CUST04509,Vikram Mishra,Male,32,Mumbai,Maharashtra,2025-08-03
CUST04510,Vikram Sharma,Female,45,Bangalore,Karnataka,2024-08-28
CUST04511,Neha Rao,Female,47,Pune,Maharashtra,2025-05-15
CUST04512,Rahul Sharma,Female,24,Chennai,Tamil Nadu,2023-05-13
CUST04513,Aarav Verma,Other,47,Hyderabad,Telangana,2023-05-06
CUST04514,Ananya Joshi,Other,48,Kolkata,West Bengal,2024-06-23
CUST04515,Simran Khan,Other,64,Hyderabad,Telangana,2025-09-12
CUST04516,Aditi Shah,Female,37,Delhi,Delhi,2025-09-23
CUST04517,Sneha Kulkarni,Female,36,Mumbai,Maharashtra,2024-01-16
CUST04518,Arjun Mishra,Female,63,Pune,Maharashtra,2025-10-27
CUST04519,Kabir Khan,Male,28,Bangalore,Karnataka,2025-02-24
CUST04520,Aman Mehta,Female,61,Chennai,Tamil Nadu,2024-06-15
CUST04521,Yash Desai,Male,53,Bangalore,Karnataka,2025-07-12
CUST04522,Yash Mishra,Female,44,Pune,Maharashtra,2023-04-04
CUST04523,Pooja Gupta,Female,59,Bangalore,Karnataka,2023-01-22
CUST04524,Vikram Khan,Female,22,Hyderabad,Telangana,2023-10-22
CUST04525,Rohan Joshi,Female,44,Hyderabad,Telangana,2025-04-01
CUST04526,Rahul Joshi,Male,51,Lucknow,Uttar Pradesh,2023-09-14
CUST04527,Pooja Nair,Other,21,Jaipur,Rajasthan,2025-08-31
CUST04528,Pooja Jain,Other,51,Mumbai,Maharashtra,2024-06-23
CUST04529,Vikram Singh,Male,62,Hyderabad,Telangana,2023-12-28
CUST04530,Aditya Rao,Female,18,Chennai,Tamil Nadu,2024-04-26
CUST04531,Neha Rao,Other,27,Mumbai,Maharashtra,2025-12-10
CUST04532,Riya Shah,Other,23,Lucknow,Uttar Pradesh,2025-05-06
CUST04533,Aditya Singh,Female,18,Ahmedabad,Gujarat,2025-05-28
CUST04534,Aditya Shah,Female,21,Chennai,Tamil Nadu,2025-04-22
CUST04535,Riya Kulkarni,Female,63,Lucknow,Uttar Pradesh,2025-08-06
CUST04536,Aditya Joshi,Female,22,Pune,Maharashtra,2023-11-22
CUST04537,Aman Nair,Other,34,Mumbai,Maharashtra,2024-05-09
CUST04538,Rahul Mishra,Male,43,Bangalore,Karnataka,2025-09-03
CUST04539,Rahul Verma,Male,63,Hyderabad,Telangana,2024-01-05
CUST04540,Priya Mehta,Male,24,Bangalore,Karnataka,2025-09-14
CUST04541,Arjun Mishra,Other,49,Ahmedabad,Gujarat,2025-01-29
CUST04542,Pooja Singh,Male,45,Delhi,Delhi,2025-10-04
CUST04543,Priya Sharma,Other,52,Pune,Maharashtra,2023-11-19
CUST04544,Neha Patel,Other,43,Pune,Maharashtra,2024-07-03
CUST04545,Aman Kulkarni,Female,29,Hyderabad,Telangana,2023-03-08
CUST04546,Ananya Mishra,Male,55,Kolkata,West Bengal,2023-01-17
CUST04547,Priya Mehta,Other,44,Mumbai,Maharashtra,2024-01-05
CUST04548,Aman Rao,Male,35,Jaipur,Rajasthan,2023-01-29
CUST04549,Priya Khan,Female,22,Kolkata,West Bengal,2024-07-04
CUST04550,Aditi Desai,Male,46,Jaipur,Rajasthan,2023-02-21
CUST04551,Kabir Jain,Male,43,Mumbai,Maharashtra,2024-03-18
CUST04552,Rohan Verma,Other,18,Mumbai,Maharashtra,2024-12-02
CUST04553,Aditi Gupta,Male,29,Lucknow,Uttar Pradesh,2024-02-11
CUST04554,Pooja Mishra,Female,35,Ahmedabad,Gujarat,2024-01-11
CUST04555,Vikram Singh,Female,28,Hyderabad,Telangana,2023-08-20
CUST04556,Aman Gupta,Male,53,Ahmedabad,Gujarat,2025-06-06
CUST04557,Aarav Kulkarni,Other,43,Hyderabad,Telangana,2023-03-08
CUST04558,Aditya Gupta,Female,57,Mumbai,Maharashtra,2023-11-17
CUST04559,Shreya Mishra,Male,62,Jaipur,Rajasthan,2024-10-27
CUST04560,Shreya Shah,Male,47,Lucknow,Uttar Pradesh,2024-04-05
CUST04561,Priya Rao,Other,23,Ahmedabad,Gujarat,2024-01-05
CUST04562,Priya Jain,Female,32,Lucknow,Uttar Pradesh,2023-08-30
CUST04563,Neha Khan,Other,45,Mumbai,Maharashtra,2024-09-03
CUST04564,Aditi Mehta,Female,43,Kolkata,West Bengal,2025-05-09
CUST04565,Aditya Mishra,Male,53,Bangalore,Karnataka,2025-07-18
CUST04566,Isha Joshi,Female,57,Hyderabad,Telangana,2025-09-28
CUST04567,Aman Joshi,Other,18,Mumbai,Maharashtra,2025-07-16
CUST04568,Yash Mishra,Female,18,Jaipur,Rajasthan,2025-06-09
CUST04569,Pooja Nair,Female,19,Ahmedabad,Gujarat,2025-01-14
CUST04570,Priya Sharma,Other,63,Jaipur,Rajasthan,2023-01-21
CUST04571,Ananya Singh,Male,29,Bangalore,Karnataka,2023-04-06
CUST04572,Arjun Jain,Male,57,Chennai,Tamil Nadu,2024-09-04
CUST04573,Aditi Gupta,Other,32,Pune,Maharashtra,2023-03-12
CUST04574,Priya Jain,Male,33,Bangalore,Karnataka,2024-12-14
CUST04575,Rohan Mehta,Male,40,Mumbai,Maharashtra,2023-12-10
CUST04576,Arjun Sharma,Other,39,Bangalore,Karnataka,2025-02-05
CUST04577,Neha Mishra,Other,64,Mumbai,Maharashtra,2023-08-21
CUST04578,Sneha Joshi,Other,61,Pune,Maharashtra,2024-11-03
CUST04579,Aditi Shah,Other,53,Kolkata,West Bengal,2025-10-29
CUST04580,Isha Nair,Male,30,Hyderabad,Telangana,2024-02-01
CUST04581,Priya Gupta,Male,55,Hyderabad,Telangana,2025-03-18
CUST04582,Pooja Mehta,Female,54,Mumbai,Maharashtra,2023-02-24
CUST04583,Simran Khan,Male,35,Hyderabad,Telangana,2023-09-08
CUST04584,Karan Patel,Female,39,Bangalore,Karnataka,2023-04-28
CUST04585,Shreya Desai,Male,25,Chennai,Tamil Nadu,2023-10-02
CUST04586,Rahul Shah,Male,22,Ahmedabad,Gujarat,2025-04-02
CUST04587,Riya Verma,Female,28,Pune,Maharashtra,2025-01-31
CUST04588,Arjun Jain,Male,56,Mumbai,Maharashtra,2025-02-25
CUST04589,Karan Khan,Female,39,Delhi,Delhi,2024-02-21
CUST04590,Shreya Rao,Male,43,Delhi,Delhi,2023-09-29
CUST04591,Kabir Patel,Female,41,Hyderabad,Telangana,2023-07-24
CUST04592,Sneha Nair,Female,35,Kolkata,West Bengal,2023-09-20
CUST04593,Riya Joshi,Other,43,Bangalore,Karnataka,2025-11-07
CUST04594,Karan Desai,Other,19,Delhi,Delhi,2023-10-18
CUST04595,Shreya Desai,Male,19,Delhi,Delhi,2025-07-07
CUST04596,Aarav Singh,Other,65,Lucknow,Uttar Pradesh,2023-11-21
CUST04597,Simran Jain,Male,35,Pune,Maharashtra,2024-10-07
CUST04598,Aditi Shah,Male,40,Bangalore,Karnataka,2023-08-05
CUST04599,Sneha Mishra,Male,38,Chennai,Tamil Nadu,2024-12-27
CUST04600,Ananya Gupta,Male,55,Hyderabad,Telangana,2023-10-13
CUST04601,Ananya Gupta,Other,46,Hyderabad,Telangana,2023-04-12
CUST04602,Riya Jain,Other,26,Lucknow,Uttar Pradesh,2025-08-02
CUST04603,Karan Verma,Female,62,Lucknow,Uttar Pradesh,2023-09-17
CUST04604,Karan Mishra,Male,50,Bangalore,Karnataka,2023-11-11
CUST04605,Simran Shah,Other,52,Pune,Maharashtra,2024-10-20
CUST04606,Ananya Singh,Female,52,Bangalore,Karnataka,2023-01-16
CUST04607,Riya Verma,Female,58,Mumbai,Maharashtra,2025-06-02
CUST04608,Vikram Mishra,Male,33,Lucknow,Uttar Pradesh,2024-02-11
CUST04609,Priya Singh,Female,24,Lucknow,Uttar Pradesh,2025-05-30
CUST04610,Neha Mishra,Male,39,Lucknow,Uttar Pradesh,2023-04-28
CUST04611,Kabir Nair,Female,35,Jaipur,Rajasthan,2024-08-16
CUST04612,Aditi Jain,Other,50,Jaipur,Rajasthan,2024-11-14
CUST04613,Neha Nair,Male,65,Jaipur,Rajasthan,2025-12-22
CUST04614,Simran Mehta,Other,48,Chennai,Tamil Nadu,2025-06-14
CUST04615,Rahul Desai,Other,50,Bangalore,Karnataka,2023-02-06
CUST04616,Karan Desai,Other,55,Ahmedabad,Gujarat,2023-09-14
CUST04617,Priya Joshi,Other,38,Pune,Maharashtra,2024-03-19
CUST04618,Neha Patel,Male,53,Lucknow,Uttar Pradesh,2025-03-13
CUST04619,Priya Mehta,Male,24,Bangalore,Karnataka,2024-12-18
CUST04620,Simran Mehta,Male,37,Chennai,Tamil Nadu,2025-04-10
CUST04621,Kabir Mehta,Male,55,Jaipur,Rajasthan,2025-04-22
CUST04622,Karan Jain,Male,28,Bangalore,Karnataka,2023-01-27
CUST04623,Priya Shah,Female,54,Pune,Maharashtra,2023-06-28
CUST04624,Aman Mehta,Male,56,Lucknow,Uttar Pradesh,2023-01-24
CUST04625,Pooja Desai,Male,26,Bangalore,Karnataka,2025-06-27
CUST04626,Pooja Desai,Female,21,Mumbai,Maharashtra,2024-06-21
CUST04627,Aman Joshi,Male,22,Kolkata,West Bengal,2024-02-02
CUST04628,Riya Mishra,Male,63,Pune,Maharashtra,2023-03-22
CUST04629,Sneha Singh,Other,23,Delhi,Delhi,2023-04-13
CUST04630,Aman Shah,Male,52,Hyderabad,Telangana,2025-01-29
CUST04631,Shreya Mehta,Female,47,Bangalore,Karnataka,2023-11-25
CUST04632,Arjun Patel,Female,18,Lucknow,Uttar Pradesh,2024-03-31
CUST04633,Aditi Desai,Male,47,Mumbai,Maharashtra,2025-12-19
CUST04634,Riya Khan,Female,35,Mumbai,Maharashtra,2024-10-18
CUST04635,Vikram Patel,Female,45,Kolkata,West Bengal,2023-04-23
CUST04636,Rahul Desai,Other,51,Pune,Maharashtra,2024-03-23
CUST04637,Neha Sharma,Male,47,Mumbai,Maharashtra,2024-10-28
CUST04638,Priya Shah,Male,46,Pune,Maharashtra,2025-05-17
CUST04639,Pooja Khan,Other,25,Bangalore,Karnataka,2024-04-01
CUST04640,Rohan Mishra,Male,18,Hyderabad,Telangana,2025-04-20
CUST04641,Shreya Gupta,Female,37,Pune,Maharashtra,2023-07-10
CUST04642,Rahul Shah,Female,35,Delhi,Delhi,2025-03-07
CUST04643,Isha Patel,Male,47,Hyderabad,Telangana,2025-07-30
CUST04644,Riya Khan,Female,48,Kolkata,West Bengal,2025-12-07
CUST04645,Pooja Jain,Other,31,Mumbai,Maharashtra,2025-05-14
CUST04646,Karan Singh,Other,20,Pune,Maharashtra,2024-01-04
CUST04647,Karan Jain,Female,38,Kolkata,West Bengal,2023-05-23
CUST04648,Aditya Patel,Male,23,Jaipur,Rajasthan,2025-06-22
CUST04649,Riya Singh,Male,37,Lucknow,Uttar Pradesh,2024-01-22
CUST04650,Priya Sharma,Other,32,Bangalore,Karnataka,2024-08-10
CUST04651,Kabir Gupta,Male,49,Pune,Maharashtra,2024-07-01
CUST04652,Priya Shah,Female,39,Pune,Maharashtra,2024-12-08
CUST04653,Rohan Kulkarni,Female,54,Kolkata,West Bengal,2024-06-07
CUST04654,Aarav Mehta,Other,41,Chennai,Tamil Nadu,2024-08-23
CUST04655,Sneha Desai,Other,54,Bangalore,Karnataka,2025-05-06
CUST04656,Aditi Gupta,Male,51,Ahmedabad,Gujarat,2023-12-21
CUST04657,Pooja Nair,Other,18,Pune,Maharashtra,2023-05-10
CUST04658,Aarav Singh,Other,39,Chennai,Tamil Nadu,2024-04-10
CUST04659,Aditya Verma,Male,43,Pune,Maharashtra,2023-12-24
CUST04660,Karan Shah,Male,55,Chennai,Tamil Nadu,2023-02-02
CUST04661,Sneha Verma,Female,61,Jaipur,Rajasthan,2023-06-09
CUST04662,Pooja Sharma,Other,58,Pune,Maharashtra,2025-09-27
CUST04663,Pooja Nair,Male,47,Delhi,Delhi,2024-08-24
CUST04664,Yash Jain,Female,31,Jaipur,Rajasthan,2024-06-20
CUST04665,Kabir Sharma,Male,52,Kolkata,West Bengal,2025-02-07
CUST04666,Kabir Mishra,Female,44,Chennai,Tamil Nadu,2025-05-01
CUST04667,Kabir Mehta,Female,53,Kolkata,West Bengal,2024-04-23
CUST04668,Arjun Joshi,Other,41,Pune,Maharashtra,2023-06-28
CUST04669,Yash Nair,Male,27,Lucknow,Uttar Pradesh,2023-03-10
CUST04670,Kabir Verma,Male,51,Bangalore,Karnataka,2023-08-14
CUST04671,Isha Joshi,Other,53,Mumbai,Maharashtra,2025-07-19
CUST04672,Vikram Sharma,Female,44,Pune,Maharashtra,2024-04-28
CUST04673,Pooja Sharma,Male,63,Chennai,Tamil Nadu,2023-03-16
CUST04674,Sneha Verma,Other,50,Pune,Maharashtra,2025-05-20
CUST04675,Sneha Shah,Female,59,Mumbai,Maharashtra,2025-03-22
CUST04676,Kabir Khan,Female,48,Hyderabad,Telangana,2023-02-15
CUST04677,Ananya Kulkarni,Other,29,Bangalore,Karnataka,2024-01-10
CUST04678,Pooja Desai,Male,57,Ahmedabad,Gujarat,2024-07-29
CUST04679,Aarav Rao,Other,59,Jaipur,Rajasthan,2025-07-14
CUST04680,Yash Desai,Other,39,Chennai,Tamil Nadu,2024-03-22
CUST04681,Shreya Rao,Female,31,Mumbai,Maharashtra,2025-03-04
CUST04682,Aman Desai,Other,28,Hyderabad,Telangana,2024-09-15
CUST04683,Yash Nair,Female,43,Lucknow,Uttar Pradesh,2025-10-28
CUST04684,Aarav Nair,Male,60,Chennai,Tamil Nadu,2024-10-22
CUST04685,Isha Singh,Male,62,Bangalore,Karnataka,2023-10-12
CUST04686,Kabir Sharma,Other,22,Pune,Maharashtra,2025-05-15
CUST04687,Simran Mishra,Male,44,Kolkata,West Bengal,2025-06-25
CUST04688,Vikram Shah,Male,43,Bangalore,Karnataka,2023-05-06
CUST04689,Priya Singh,Male,55,Mumbai,Maharashtra,2025-08-29
CUST04690,Aman Mehta,Other,54,Jaipur,Rajasthan,2023-06-14
CUST04691,Simran Jain,Male,53,Bangalore,Karnataka,2025-10-01
CUST04692,Rahul Desai,Male,47,Chennai,Tamil Nadu,2024-02-22
CUST04693,Arjun Verma,Female,37,Mumbai,Maharashtra,2025-12-29
CUST04694,Shreya Gupta,Other,36,Bangalore,Karnataka,2025-04-09
CUST04695,Priya Sharma,Male,61,Hyderabad,Telangana,2024-04-25
CUST04696,Sneha Joshi,Male,36,Pune,Maharashtra,2023-02-09
CUST04697,Neha Rao,Female,19,Lucknow,Uttar Pradesh,2025-05-07
CUST04698,Vikram Singh,Other,39,Bangalore,Karnataka,2023-05-11
CUST04699,Simran Verma,Female,34,Hyderabad,Telangana,2023-01-05
CUST04700,Shreya Kulkarni,Male,53,Bangalore,Karnataka,2024-07-10
CUST04701,Yash Nair,Male,62,Pune,Maharashtra,2024-05-17
CUST04702,Rahul Rao,Other,52,Delhi,Delhi,2025-08-12
CUST04703,Ananya Desai,Male,42,Ahmedabad,Gujarat,2025-10-25
CUST04704,Vikram Khan,Other,25,Pune,Maharashtra,2024-03-30
CUST04705,Aditya Jain,Male,42,Jaipur,Rajasthan,2023-04-17
CUST04706,Karan Jain,Other,50,Lucknow,Uttar Pradesh,2023-10-18
CUST04707,Arjun Joshi,Female,20,Mumbai,Maharashtra,2024-02-14
CUST04708,Ananya Verma,Female,58,Mumbai,Maharashtra,2023-11-16
CUST04709,Isha Sharma,Male,19,Ahmedabad,Gujarat,2023-04-09
CUST04710,Yash Khan,Other,58,Jaipur,Rajasthan,2023-03-06
CUST04711,Arjun Verma,Male,51,Bangalore,Karnataka,2025-04-03
CUST04712,Priya Singh,Other,36,Kolkata,West Bengal,2023-12-23
CUST04713,Isha Mishra,Male,60,Jaipur,Rajasthan,2024-10-30
CUST04714,Aarav Verma,Other,60,Bangalore,Karnataka,2025-11-23
CUST04715,Aman Joshi,Other,59,Lucknow,Uttar Pradesh,2024-01-12
CUST04716,Kabir Khan,Male,44,Pune,Maharashtra,2023-07-01
CUST04717,Simran Sharma,Other,56,Kolkata,West Bengal,2023-08-19
CUST04718,Vikram Mishra,Female,43,Delhi,Delhi,2023-12-18
CUST04719,Vikram Mehta,Other,26,Mumbai,Maharashtra,2023-03-09
CUST04720,Aarav Shah,Female,21,Lucknow,Uttar Pradesh,2023-09-03
CUST04721,Priya Jain,Other,34,Kolkata,West Bengal,2024-02-03
CUST04722,Karan Gupta,Other,42,Hyderabad,Telangana,2024-10-29
CUST04723,Priya Khan,Other,61,Pune,Maharashtra,2024-11-15
CUST04724,Riya Jain,Male,18,Mumbai,Maharashtra,2023-06-16
CUST04725,Isha Rao,Male,60,Bangalore,Karnataka,2024-09-02
CUST04726,Neha Shah,Other,23,Kolkata,West Bengal,2023-02-08
CUST04727,Rahul Shah,Male,18,Ahmedabad,Gujarat,2025-01-15
CUST04728,Priya Kulkarni,Female,63,Pune,Maharashtra,2025-07-13
CUST04729,Aditi Shah,Other,46,Lucknow,Uttar Pradesh,2025-02-10
CUST04730,Aarav Mehta,Female,38,Pune,Maharashtra,2024-05-11
CUST04731,Rahul Mishra,Female,40,Pune,Maharashtra,2023-03-28
CUST04732,Sneha Nair,Other,23,Kolkata,West Bengal,2024-06-07
CUST04733,Simran Mishra,Female,61,Ahmedabad,Gujarat,2025-01-22
CUST04734,Aarav Shah,Other,52,Kolkata,West Bengal,2024-07-11
CUST04735,Rahul Patel,Female,33,Chennai,Tamil Nadu,2025-07-14
CUST04736,Yash Joshi,Female,27,Pune,Maharashtra,2025-03-30
CUST04737,Rohan Mehta,Male,42,Hyderabad,Telangana,2025-05-26
CUST04738,Vikram Rao,Female,36,Ahmedabad,Gujarat,2025-12-19
CUST04739,Aman Patel,Other,37,Bangalore,Karnataka,2025-02-02
CUST04740,Aman Mishra,Male,65,Ahmedabad,Gujarat,2023-12-23
CUST04741,Aditi Gupta,Female,29,Bangalore,Karnataka,2025-12-10
CUST04742,Priya Desai,Male,42,Lucknow,Uttar Pradesh,2023-09-21
CUST04743,Pooja Desai,Other,55,Delhi,Delhi,2025-07-18
CUST04744,Pooja Mehta,Female,57,Hyderabad,Telangana,2024-12-07
CUST04745,Aman Jain,Other,65,Lucknow,Uttar Pradesh,2023-11-13
CUST04746,Shreya Rao,Male,38,Jaipur,Rajasthan,2024-05-22
CUST04747,Simran Nair,Other,50,Ahmedabad,Gujarat,2025-03-29
CUST04748,Kabir Nair,Other,29,Ahmedabad,Gujarat,2025-07-12
CUST04749,Neha Jain,Female,25,Kolkata,West Bengal,2023-01-26
CUST04750,Sneha Gupta,Male,51,Jaipur,Rajasthan,2023-12-20
CUST04751,Karan Jain,Male,38,Lucknow,Uttar Pradesh,2024-05-20
CUST04752,Rohan Singh,Other,23,Jaipur,Rajasthan,2024-01-24
CUST04753,Rahul Mehta,Male,18,Kolkata,West Bengal,2023-01-21
CUST04754,Arjun Gupta,Other,60,Pune,Maharashtra,2023-04-12
CUST04755,Kabir Jain,Other,64,Kolkata,West Bengal,2023-10-28
CUST04756,Arjun Rao,Male,36,Pune,Maharashtra,2024-04-09
CUST04757,Aman Patel,Male,19,Hyderabad,Telangana,2024-09-07
CUST04758,Rohan Kulkarni,Female,27,Lucknow,Uttar Pradesh,2025-10-12
CUST04759,Simran Verma,Other,57,Bangalore,Karnataka,2023-03-09
CUST04760,Simran Desai,Female,28,Chennai,Tamil Nadu,2025-02-24
CUST04761,Rahul Gupta,Other,63,Mumbai,Maharashtra,2024-11-05
CUST04762,Rahul Sharma,Male,39,Jaipur,Rajasthan,2024-01-10
CUST04763,Sneha Sharma,Female,45,Lucknow,Uttar Pradesh,2025-09-19
CUST04764,Shreya Rao,Other,57,Delhi,Delhi,2024-06-18
CUST04765,Vikram Mehta,Other,41,Lucknow,Uttar Pradesh,2023-03-11
CUST04766,Vikram Kulkarni,Male,48,Bangalore,Karnataka,2023-01-09
CUST04767,Neha Shah,Other,44,Mumbai,Maharashtra,2025-07-07
CUST04768,Pooja Patel,Other,39,Jaipur,Rajasthan,2025-05-31
CUST04769,Riya Mehta,Female,33,Pune,Maharashtra,2023-01-14
CUST04770,Isha Verma,Other,28,Pune,Maharashtra,2023-09-04
CUST04771,Aditya Shah,Female,60,Delhi,Delhi,2024-02-02
CUST04772,Shreya Joshi,Male,21,Kolkata,West Bengal,2023-07-18
CUST04773,Riya Verma,Other,28,Ahmedabad,Gujarat,2024-02-07
CUST04774,Arjun Verma,Male,44,Chennai,Tamil Nadu,2023-05-08
CUST04775,Arjun Rao,Male,27,Lucknow,Uttar Pradesh,2024-01-03
CUST04776,Aditya Mishra,Other,30,Lucknow,Uttar Pradesh,2023-05-26
CUST04777,Yash Verma,Female,20,Hyderabad,Telangana,2024-03-06
CUST04778,Rohan Gupta,Female,35,Bangalore,Karnataka,2024-08-24
CUST04779,Kabir Gupta,Female,49,Jaipur,Rajasthan,2023-01-01
CUST04780,Pooja Sharma,Female,26,Ahmedabad,Gujarat,2025-12-30
CUST04781,Sneha Joshi,Other,48,Delhi,Delhi,2023-01-11
CUST04782,Pooja Joshi,Female,58,Delhi,Delhi,2023-05-27
CUST04783,Aditi Jain,Male,48,Jaipur,Rajasthan,2025-01-01
CUST04784,Sneha Khan,Male,35,Bangalore,Karnataka,2024-12-11
CUST04785,Neha Desai,Male,56,Hyderabad,Telangana,2024-06-07
CUST04786,Arjun Kulkarni,Male,40,Chennai,Tamil Nadu,2025-11-08
CUST04787,Neha Kulkarni,Female,46,Delhi,Delhi,2023-07-15
CUST04788,Karan Gupta,Other,41,Lucknow,Uttar Pradesh,2025-03-14
CUST04789,Sneha Singh,Male,59,Delhi,Delhi,2025-03-26
CUST04790,Riya Mishra,Male,36,Ahmedabad,Gujarat,2023-01-06
CUST04791,Aarav Singh,Other,37,Hyderabad,Telangana,2023-01-26
CUST04792,Aditya Jain,Other,35,Pune,Maharashtra,2023-08-29
CUST04793,Aarav Rao,Male,23,Hyderabad,Telangana,2023-11-03
CUST04794,Simran Sharma,Female,28,Hyderabad,Telangana,2025-02-22
CUST04795,Aditi Shah,Other,53,Jaipur,Rajasthan,2025-01-31
CUST04796,Vikram Khan,Other,46,Pune,Maharashtra,2023-02-13
CUST04797,Simran Kulkarni,Female,38,Mumbai,Maharashtra,2023-11-07
CUST04798,Priya Singh,Female,36,Chennai,Tamil Nadu,2023-07-05
CUST04799,Pooja Nair,Male,64,Lucknow,Uttar Pradesh,2024-02-28
CUST04800,Sneha Joshi,Male,21,Kolkata,West Bengal,2023-09-28
CUST04801,Rohan Singh,Female,19,Ahmedabad,Gujarat,2024-09-06
CUST04802,Yash Jain,Female,49,Jaipur,Rajasthan,2023-04-20
CUST04803,Aditi Kulkarni,Male,56,Lucknow,Uttar Pradesh,2025-09-16
CUST04804,Priya Sharma,Other,64,Delhi,Delhi,2023-07-09
CUST04805,Isha Mishra,Male,30,Hyderabad,Telangana,2023-06-11
CUST04806,Rahul Rao,Male,24,Kolkata,West Bengal,2025-02-14
CUST04807,Aditya Kulkarni,Other,21,Pune,Maharashtra,2024-11-24
CUST04808,Aditya Mehta,Male,60,Kolkata,West Bengal,2024-05-08
CUST04809,Ananya Patel,Male,36,Lucknow,Uttar Pradesh,2025-04-05
CUST04810,Kabir Rao,Male,38,Bangalore,Karnataka,2023-10-28
CUST04811,Sneha Singh,Female,48,Ahmedabad,Gujarat,2023-01-15
CUST04812,Karan Joshi,Female,64,Pune,Maharashtra,2024-08-29
CUST04813,Aditi Mishra,Other,30,Jaipur,Rajasthan,2023-10-09
CUST04814,Arjun Verma,Female,65,Delhi,Delhi,2024-08-15
CUST04815,Arjun Mishra,Other,33,Lucknow,Uttar Pradesh,2024-11-25
CUST04816,Aman Gupta,Female,44,Kolkata,West Bengal,2025-09-22
CUST04817,Rahul Mishra,Male,38,Kolkata,West Bengal,2024-01-04
CUST04818,Aman Desai,Male,18,Mumbai,Maharashtra,2025-01-14
CUST04819,Rahul Nair,Other,52,Kolkata,West Bengal,2023-05-31
CUST04820,Isha Sharma,Female,53,Bangalore,Karnataka,2025-02-04
CUST04821,Kabir Sharma,Other,43,Hyderabad,Telangana,2025-03-06
CUST04822,Aditi Joshi,Male,20,Mumbai,Maharashtra,2025-03-16
CUST04823,Vikram Desai,Male,41,Hyderabad,Telangana,2025-06-07
CUST04824,Aditi Mehta,Other,58,Jaipur,Rajasthan,2023-06-29
CUST04825,Pooja Gupta,Male,31,Mumbai,Maharashtra,2023-09-05
CUST04826,Aman Sharma,Male,21,Lucknow,Uttar Pradesh,2023-08-31
CUST04827,Sneha Khan,Female,26,Mumbai,Maharashtra,2023-10-21
CUST04828,Aarav Singh,Male,62,Pune,Maharashtra,2024-11-25
CUST04829,Rohan Rao,Other,47,Ahmedabad,Gujarat,2025-01-29
CUST04830,Shreya Joshi,Other,59,Hyderabad,Telangana,2023-08-18
CUST04831,Priya Desai,Other,63,Mumbai,Maharashtra,2023-04-12
CUST04832,Simran Desai,Female,40,Mumbai,Maharashtra,2023-09-30
CUST04833,Riya Jain,Female,35,Pune,Maharashtra,2024-10-20
CUST04834,Aman Mehta,Female,65,Mumbai,Maharashtra,2024-10-15
CUST04835,Simran Singh,Female,32,Pune,Maharashtra,2024-08-07
CUST04836,Yash Patel,Other,53,Delhi,Delhi,2023-02-03
CUST04837,Ananya Nair,Female,58,Jaipur,Rajasthan,2025-03-08
CUST04838,Neha Kulkarni,Female,39,Hyderabad,Telangana,2024-08-03
CUST04839,Vikram Desai,Other,61,Bangalore,Karnataka,2023-12-10
CUST04840,Neha Mehta,Other,49,Delhi,Delhi,2025-10-07
CUST04841,Aditi Joshi,Male,33,Kolkata,West Bengal,2025-02-17
CUST04842,Pooja Patel,Female,52,Kolkata,West Bengal,2023-10-13
CUST04843,Pooja Sharma,Female,46,Ahmedabad,Gujarat,2023-01-22
CUST04844,Rahul Rao,Male,26,Kolkata,West Bengal,2025-04-11
CUST04845,Rohan Joshi,Other,41,Delhi,Delhi,2025-01-19
CUST04846,Aarav Patel,Other,18,Chennai,Tamil Nadu,2024-02-12
CUST04847,Arjun Verma,Female,49,Hyderabad,Telangana,2023-07-04
CUST04848,Ananya Joshi,Female,51,Kolkata,West Bengal,2023-04-21
CUST04849,Kabir Singh,Male,29,Mumbai,Maharashtra,2025-02-03
CUST04850,Karan Gupta,Male,55,Delhi,Delhi,2024-03-04
CUST04851,Aditya Gupta,Male,63,Ahmedabad,Gujarat,2024-06-27
CUST04852,Vikram Gupta,Male,61,Chennai,Tamil Nadu,2024-03-13
CUST04853,Aditya Nair,Female,64,Ahmedabad,Gujarat,2023-04-22
CUST04854,Kabir Patel,Other,51,Lucknow,Uttar Pradesh,2023-06-13
CUST04855,Aman Kulkarni,Other,37,Kolkata,West Bengal,2025-06-09
CUST04856,Vikram Singh,Female,42,Hyderabad,Telangana,2025-05-29
CUST04857,Ananya Kulkarni,Female,63,Hyderabad,Telangana,2024-02-03
CUST04858,Shreya Verma,Female,53,Pune,Maharashtra,2025-07-31
CUST04859,Aarav Joshi,Male,33,Ahmedabad,Gujarat,2023-04-11
CUST04860,Riya Mishra,Other,34,Ahmedabad,Gujarat,2023-07-01
CUST04861,Sneha Mishra,Other,29,Mumbai,Maharashtra,2023-07-25
CUST04862,Priya Sharma,Female,49,Lucknow,Uttar Pradesh,2025-01-07
CUST04863,Sneha Shah,Other,63,Hyderabad,Telangana,2023-10-22
CUST04864,Shreya Nair,Other,26,Ahmedabad,Gujarat,2024-03-11
CUST04865,Rohan Singh,Female,20,Kolkata,West Bengal,2024-08-15
CUST04866,Priya Mishra,Female,33,Jaipur,Rajasthan,2023-10-01
CUST04867,Priya Mishra,Female,57,Kolkata,West Bengal,2025-07-31
CUST04868,Aman Khan,Male,46,Bangalore,Karnataka,2024-06-12
CUST04869,Riya Jain,Male,64,Hyderabad,Telangana,2023-11-23
CUST04870,Simran Mishra,Male,26,Chennai,Tamil Nadu,2023-10-16
CUST04871,Sneha Khan,Other,24,Bangalore,Karnataka,2023-02-14
CUST04872,Karan Nair,Female,57,Mumbai,Maharashtra,2023-05-14
CUST04873,Rohan Shah,Female,36,Bangalore,Karnataka,2025-11-23
CUST04874,Rahul Shah,Other,22,Pune,Maharashtra,2025-10-10
CUST04875,Shreya Singh,Other,18,Jaipur,Rajasthan,2023-11-02
CUST04876,Riya Joshi,Female,35,Chennai,Tamil Nadu,2023-06-22
CUST04877,Aditya Mehta,Female,38,Kolkata,West Bengal,2023-04-28
CUST04878,Pooja Singh,Male,53,Lucknow,Uttar Pradesh,2023-05-23
CUST04879,Sneha Patel,Other,43,Mumbai,Maharashtra,2023-01-08
CUST04880,Isha Shah,Male,45,Hyderabad,Telangana,2023-11-13
CUST04881,Rahul Jain,Female,47,Bangalore,Karnataka,2025-10-06
CUST04882,Kabir Shah,Female,64,Hyderabad,Telangana,2023-06-04
CUST04883,Yash Nair,Female,37,Mumbai,Maharashtra,2025-03-26
CUST04884,Riya Sharma,Male,53,Ahmedabad,Gujarat,2023-01-08
CUST04885,Neha Sharma,Male,39,Hyderabad,Telangana,2025-02-14
CUST04886,Shreya Joshi,Female,26,Bangalore,Karnataka,2025-10-28
CUST04887,Isha Patel,Other,37,Mumbai,Maharashtra,2025-08-26
CUST04888,Aditi Mehta,Male,61,Ahmedabad,Gujarat,2024-07-07
CUST04889,Pooja Verma,Male,45,Chennai,Tamil Nadu,2025-11-02
CUST04890,Kabir Desai,Other,18,Bangalore,Karnataka,2025-01-30
CUST04891,Pooja Mishra,Male,33,Bangalore,Karnataka,2023-01-29
CUST04892,Vikram Shah,Other,43,Jaipur,Rajasthan,2024-12-31
CUST04893,Karan Desai,Other,46,Delhi,Delhi,2024-08-02
CUST04894,Karan Joshi,Other,55,Lucknow,Uttar Pradesh,2025-09-21
CUST04895,Rohan Patel,Other,62,Jaipur,Rajasthan,2024-03-21
CUST04896,Aman Khan,Other,22,Ahmedabad,Gujarat,2024-07-22
CUST04897,Karan Singh,Male,55,Jaipur,Rajasthan,2025-05-25
CUST04898,Shreya Jain,Male,36,Chennai,Tamil Nadu,2024-10-04
CUST04899,Shreya Nair,Female,45,Hyderabad,Telangana,2023-10-20
CUST04900,Isha Shah,Other,32,Bangalore,Karnataka,2023-09-27
CUST04901,Aman Gupta,Male,24,Kolkata,West Bengal,2023-07-27
CUST04902,Priya Nair,Other,22,Jaipur,Rajasthan,2025-12-28
CUST04903,Ananya Joshi,Other,39,Lucknow,Uttar Pradesh,2024-08-13
CUST04904,Sneha Gupta,Other,22,Mumbai,Maharashtra,2023-01-09
CUST04905,Priya Khan,Other,62,Ahmedabad,Gujarat,2025-06-13
CUST04906,Priya Mehta,Other,37,Hyderabad,Telangana,2025-12-23
CUST04907,Riya Gupta,Female,43,Bangalore,Karnataka,2023-11-27
CUST04908,Kabir Nair,Male,50,Jaipur,Rajasthan,2025-10-03
CUST04909,Yash Kulkarni,Male,46,Bangalore,Karnataka,2023-09-21
CUST04910,Yash Khan,Male,39,Jaipur,Rajasthan,2025-09-16
CUST04911,Simran Mishra,Female,51,Pune,Maharashtra,2023-05-19
CUST04912,Aditi Desai,Other,64,Delhi,Delhi,2024-02-14
CUST04913,Karan Singh,Female,47,Chennai,Tamil Nadu,2025-03-31
CUST04914,Aman Singh,Female,19,Jaipur,Rajasthan,2024-07-09
CUST04915,Aditya Kulkarni,Other,35,Kolkata,West Bengal,2025-06-27
CUST04916,Aman Rao,Other,52,Kolkata,West Bengal,2024-01-30
CUST04917,Sneha Sharma,Male,30,Lucknow,Uttar Pradesh,2025-06-29
CUST04918,Vikram Rao,Other,21,Delhi,Delhi,2023-04-14
CUST04919,Aman Jain,Male,42,Bangalore,Karnataka,2025-05-04
CUST04920,Vikram Mehta,Female,38,Mumbai,Maharashtra,2023-07-22
CUST04921,Neha Jain,Other,50,Chennai,Tamil Nadu,2025-07-09
CUST04922,Pooja Gupta,Other,51,Chennai,Tamil Nadu,2025-10-19
CUST04923,Vikram Joshi,Female,40,Chennai,Tamil Nadu,2025-01-04
CUST04924,Ananya Mehta,Female,35,Pune,Maharashtra,2025-08-21
CUST04925,Aarav Sharma,Other,46,Mumbai,Maharashtra,2025-03-02
CUST04926,Aditya Kulkarni,Male,36,Kolkata,West Bengal,2025-12-23
CUST04927,Aditi Joshi,Female,40,Delhi,Delhi,2025-04-29
CUST04928,Karan Joshi,Male,34,Delhi,Delhi,2023-11-12
CUST04929,Isha Gupta,Other,57,Delhi,Delhi,2025-11-15
CUST04930,Riya Jain,Male,30,Pune,Maharashtra,2023-01-11
CUST04931,Rohan Kulkarni,Female,19,Kolkata,West Bengal,2025-12-30
CUST04932,Yash Rao,Female,20,Hyderabad,Telangana,2024-10-13
CUST04933,Arjun Verma,Female,30,Mumbai,Maharashtra,2024-05-17
CUST04934,Aditi Jain,Female,27,Lucknow,Uttar Pradesh,2024-09-02
CUST04935,Rohan Kulkarni,Male,20,Kolkata,West Bengal,2023-05-05
CUST04936,Aditya Nair,Male,19,Mumbai,Maharashtra,2025-12-31
CUST04937,Shreya Rao,Male,35,Pune,Maharashtra,2023-05-22
CUST04938,Aman Sharma,Other,22,Lucknow,Uttar Pradesh,2025-06-06
CUST04939,Shreya Verma,Other,49,Lucknow,Uttar Pradesh,2025-09-19
CUST04940,Rahul Mishra,Male,53,Pune,Maharashtra,2024-11-20
CUST04941,Karan Patel,Female,57,Hyderabad,Telangana,2025-01-12
CUST04942,Karan Kulkarni,Female,20,Mumbai,Maharashtra,2024-09-03
CUST04943,Kabir Shah,Other,49,Chennai,Tamil Nadu,2025-02-12
CUST04944,Isha Kulkarni,Female,58,Mumbai,Maharashtra,2024-10-21
CUST04945,Sneha Singh,Female,55,Pune,Maharashtra,2023-02-08
CUST04946,Simran Sharma,Male,28,Bangalore,Karnataka,2025-06-04
CUST04947,Shreya Gupta,Other,20,Pune,Maharashtra,2023-10-29
CUST04948,Sneha Patel,Other,26,Chennai,Tamil Nadu,2025-12-22
CUST04949,Aditya Kulkarni,Female,30,Pune,Maharashtra,2023-02-05
CUST04950,Isha Mehta,Male,54,Mumbai,Maharashtra,2024-04-10
CUST04951,Kabir Khan,Female,52,Ahmedabad,Gujarat,2025-08-22
CUST04952,Pooja Verma,Male,60,Chennai,Tamil Nadu,2025-01-18
CUST04953,Isha Patel,Other,35,Jaipur,Rajasthan,2025-05-21
CUST04954,Yash Nair,Male,50,Bangalore,Karnataka,2024-02-17
CUST04955,Yash Rao,Other,51,Bangalore,Karnataka,2024-10-17
CUST04956,Vikram Nair,Male,54,Jaipur,Rajasthan,2024-07-20
CUST04957,Pooja Mehta,Male,45,Hyderabad,Telangana,2024-03-26
CUST04958,Aarav Nair,Other,57,Chennai,Tamil Nadu,2025-02-10
CUST04959,Karan Mehta,Female,36,Ahmedabad,Gujarat,2025-05-10
CUST04960,Yash Shah,Male,62,Delhi,Delhi,2025-06-27
CUST04961,Aarav Desai,Other,31,Kolkata,West Bengal,2024-01-08
CUST04962,Arjun Joshi,Male,47,Delhi,Delhi,2025-12-20
CUST04963,Simran Kulkarni,Male,42,Bangalore,Karnataka,2024-08-26
CUST04964,Neha Mishra,Female,57,Chennai,Tamil Nadu,2024-10-01
CUST04965,Simran Singh,Male,33,Mumbai,Maharashtra,2025-05-10
CUST04966,Rahul Verma,Other,48,Bangalore,Karnataka,2024-03-26
CUST04967,Ananya Verma,Other,19,Lucknow,Uttar Pradesh,2025-10-26
CUST04968,Rahul Jain,Female,61,Bangalore,Karnataka,2024-04-11
CUST04969,Aman Sharma,Female,35,Mumbai,Maharashtra,2025-05-27
CUST04970,Simran Khan,Other,53,Ahmedabad,Gujarat,2023-04-24
CUST04971,Karan Rao,Other,38,Ahmedabad,Gujarat,2025-07-03
CUST04972,Karan Patel,Female,38,Ahmedabad,Gujarat,2025-05-11
CUST04973,Aditya Shah,Male,52,Lucknow,Uttar Pradesh,2025-12-10
CUST04974,Simran Singh,Other,31,Mumbai,Maharashtra,2025-07-15
CUST04975,Kabir Kulkarni,Other,22,Delhi,Delhi,2024-12-23
CUST04976,Aditya Verma,Other,55,Lucknow,Uttar Pradesh,2023-04-29
CUST04977,Isha Joshi,Male,43,Jaipur,Rajasthan,2025-03-10
CUST04978,Simran Shah,Other,50,Jaipur,Rajasthan,2024-06-23
CUST04979,Kabir Desai,Male,27,Hyderabad,Telangana,2025-12-11
CUST04980,Aarav Khan,Male,27,Ahmedabad,Gujarat,2025-03-27
CUST04981,Sneha Singh,Male,25,Kolkata,West Bengal,2023-08-11
CUST04982,Shreya Sharma,Other,52,Chennai,Tamil Nadu,2023-06-30
CUST04983,Ananya Mehta,Other,42,Lucknow,Uttar Pradesh,2025-12-07
CUST04984,Ananya Kulkarni,Other,49,Bangalore,Karnataka,2023-02-24
CUST04985,Aarav Jain,Other,56,Kolkata,West Bengal,2025-03-05
CUST04986,Aditi Mishra,Female,55,Delhi,Delhi,2023-04-07
CUST04987,Rahul Shah,Other,53,Ahmedabad,Gujarat,2023-10-28
CUST04988,Rahul Desai,Male,35,Jaipur,Rajasthan,2024-04-18
CUST04989,Yash Khan,Other,47,Kolkata,West Bengal,2024-09-14
CUST04990,Aditi Shah,Female,49,Chennai,Tamil Nadu,2023-04-01
CUST04991,Aditya Verma,Other,64,Jaipur,Rajasthan,2025-04-27
CUST04992,Sneha Shah,Other,46,Chennai,Tamil Nadu,2024-12-26
CUST04993,Aarav Rao,Male,65,Ahmedabad,Gujarat,2025-06-24
CUST04994,Ananya Rao,Male,38,Bangalore,Karnataka,2024-03-22
CUST04995,Aditya Joshi,Female,61,Mumbai,Maharashtra,2024-10-13
CUST04996,Aditi Joshi,Other,48,Bangalore,Karnataka,2023-07-11
CUST04997,Shreya Singh,Female,63,Hyderabad,Telangana,2025-11-23
CUST04998,Karan Gupta,Female,50,Mumbai,Maharashtra,2024-09-29
CUST04999,Simran Shah,Female,22,Delhi,Delhi,2023-06-06
CUST05000,Isha Jain,Other,62,Ahmedabad,Gujarat,2023-04-16
CUST05001,Ananya Rao,Other,38,Bangalore,Karnataka,2024-04-09
CUST05002,Aditi Shah,Male,38,Kolkata,West Bengal,2025-06-28
CUST05003,Vikram Mishra,Other,20,Jaipur,Rajasthan,2023-06-02
CUST05004,Aman Khan,Other,46,Ahmedabad,Gujarat,2025-07-11
CUST05005,Simran Sharma,Other,37,Bangalore,Karnataka,2024-04-20
CUST05006,Karan Joshi,Female,34,Kolkata,West Bengal,2025-11-15
CUST05007,Pooja Verma,Male,32,Lucknow,Uttar Pradesh,2024-08-23
CUST05008,Pooja Nair,Male,22,Kolkata,West Bengal,2024-09-02
CUST05009,Pooja Shah,Female,31,Bangalore,Karnataka,2024-10-15
CUST05010,Riya Kulkarni,Female,55,Hyderabad,Telangana,2023-09-01
CUST05011,Riya Joshi,Other,63,Ahmedabad,Gujarat,2023-11-25
CUST05012,Rahul Khan,Male,50,Ahmedabad,Gujarat,2024-04-23
CUST05013,Vikram Kulkarni,Male,54,Hyderabad,Telangana,2023-03-19
CUST05014,Arjun Joshi,Other,60,Jaipur,Rajasthan,2025-01-24
CUST05015,Isha Khan,Male,29,Bangalore,Karnataka,2024-04-09
CUST05016,Isha Patel,Male,53,Kolkata,West Bengal,2025-02-02
CUST05017,Neha Khan,Other,45,Pune,Maharashtra,2024-05-21
CUST05018,Vikram Sharma,Female,36,Ahmedabad,Gujarat,2024-02-29
CUST05019,Vikram Mishra,Female,29,Ahmedabad,Gujarat,2024-06-05
CUST05020,Ananya Joshi,Other,36,Lucknow,Uttar Pradesh,2024-12-31
CUST05021,Arjun Jain,Other,57,Ahmedabad,Gujarat,2024-07-02
CUST05022,Ananya Desai,Male,39,Delhi,Delhi,2025-06-24
CUST05023,Aarav Mehta,Other,60,Bangalore,Karnataka,2023-06-07
CUST05024,Ananya Desai,Other,36,Lucknow,Uttar Pradesh,2023-05-28
CUST05025,Ananya Shah,Other,48,Pune,Maharashtra,2024-07-14
CUST05026,Vikram Nair,Other,31,Mumbai,Maharashtra,2024-06-06
CUST05027,Riya Rao,Male,65,Ahmedabad,Gujarat,2024-08-12
CUST05028,Rahul Singh,Female,60,Bangalore,Karnataka,2025-04-09
CUST05029,Sneha Shah,Female,58,Mumbai,Maharashtra,2023-11-07
CUST05030,Neha Jain,Other,29,Mumbai,Maharashtra,2025-02-26
CUST05031,Ananya Kulkarni,Female,46,Hyderabad,Telangana,2025-05-01
CUST05032,Kabir Patel,Female,44,Lucknow,Uttar Pradesh,2025-02-12
CUST05033,Pooja Patel,Female,65,Mumbai,Maharashtra,2023-10-13
CUST05034,Vikram Jain,Male,20,Hyderabad,Telangana,2024-07-23
CUST05035,Rahul Rao,Other,62,Bangalore,Karnataka,2023-10-01
CUST05036,Sneha Gupta,Male,31,Lucknow,Uttar Pradesh,2023-03-23
CUST05037,Kabir Desai,Female,49,Jaipur,Rajasthan,2024-03-28
CUST05038,Neha Singh,Female,46,Mumbai,Maharashtra,2023-07-12
CUST05039,Shreya Patel,Other,37,Chennai,Tamil Nadu,2023-11-03
CUST05040,Karan Mishra,Female,36,Kolkata,West Bengal,2023-09-04
CUST05041,Aarav Singh,Male,40,Bangalore,Karnataka,2024-03-08
CUST05042,Arjun Verma,Female,45,Pune,Maharashtra,2025-03-20
CUST05043,Isha Mehta,Male,53,Kolkata,West Bengal,2023-04-18
CUST05044,Vikram Shah,Female,31,Ahmedabad,Gujarat,2023-09-20
CUST05045,Arjun Singh,Other,59,Lucknow,Uttar Pradesh,2024-12-31
CUST05046,Vikram Jain,Female,55,Lucknow,Uttar Pradesh,2024-11-16
CUST05047,Priya Khan,Other,46,Bangalore,Karnataka,2025-09-22
CUST05048,Vikram Mishra,Female,56,Pune,Maharashtra,2023-07-09
CUST05049,Aditi Sharma,Male,29,Hyderabad,Telangana,2024-10-24
CUST05050,Aditya Joshi,Female,36,Delhi,Delhi,2024-03-02
CUST05051,Karan Jain,Female,27,Jaipur,Rajasthan,2025-03-28
CUST05052,Priya Kulkarni,Other,18,Jaipur,Rajasthan,2024-04-13
CUST05053,Isha Verma,Male,34,Hyderabad,Telangana,2024-04-23
CUST05054,Neha Gupta,Female,61,Kolkata,West Bengal,2023-06-21
CUST05055,Riya Gupta,Male,40,Lucknow,Uttar Pradesh,2024-02-10
CUST05056,Arjun Patel,Other,51,Pune,Maharashtra,2025-07-26
CUST05057,Kabir Singh,Male,26,Chennai,Tamil Nadu,2024-03-13
CUST05058,Aarav Gupta,Female,33,Mumbai,Maharashtra,2024-10-21
CUST05059,Kabir Verma,Male,50,Kolkata,West Bengal,2025-05-20
CUST05060,Rohan Sharma,Other,21,Jaipur,Rajasthan,2025-02-04
CUST05061,Aditi Patel,Male,23,Jaipur,Rajasthan,2025-09-10
CUST05062,Isha Shah,Female,23,Lucknow,Uttar Pradesh,2023-06-22
CUST05063,Arjun Gupta,Female,52,Hyderabad,Telangana,2025-06-06
CUST05064,Pooja Mehta,Female,53,Delhi,Delhi,2023-01-31
CUST05065,Arjun Kulkarni,Male,57,Ahmedabad,Gujarat,2023-07-19
CUST05066,Vikram Khan,Female,37,Jaipur,Rajasthan,2024-10-17
CUST05067,Rahul Joshi,Female,59,Ahmedabad,Gujarat,2023-04-19
CUST05068,Simran Khan,Female,55,Mumbai,Maharashtra,2023-10-20
CUST05069,Rohan Shah,Female,29,Delhi,Delhi,2025-02-01
CUST05070,Rohan Sharma,Male,29,Kolkata,West Bengal,2023-03-10
CUST05071,Rohan Sharma,Female,39,Bangalore,Karnataka,2025-10-25
CUST05072,Aditya Jain,Male,28,Mumbai,Maharashtra,2024-10-30
CUST05073,Isha Nair,Female,27,Delhi,Delhi,2023-07-16
CUST05074,Aarav Desai,Male,24,Kolkata,West Bengal,2025-09-10
CUST05075,Aditya Patel,Other,55,Pune,Maharashtra,2024-10-16
CUST05076,Aman Mehta,Female,45,Mumbai,Maharashtra,2023-07-15
CUST05077,Sneha Shah,Male,26,Jaipur,Rajasthan,2023-10-16
CUST05078,Rahul Gupta,Female,32,Mumbai,Maharashtra,2023-03-06
CUST05079,Aman Mehta,Male,41,Bangalore,Karnataka,2023-12-27
CUST05080,Vikram Mehta,Other,65,Mumbai,Maharashtra,2023-07-15
CUST05081,Shreya Rao,Male,31,Mumbai,Maharashtra,2023-06-04
CUST05082,Karan Kulkarni,Male,54,Pune,Maharashtra,2024-03-04
CUST05083,Ananya Shah,Female,29,Hyderabad,Telangana,2023-12-23
CUST05084,Yash Desai,Male,33,Delhi,Delhi,2024-03-15
CUST05085,Shreya Gupta,Other,36,Chennai,Tamil Nadu,2025-04-23
CUST05086,Aditya Mehta,Male,50,Hyderabad,Telangana,2024-09-15
CUST05087,Vikram Gupta,Female,18,Pune,Maharashtra,2025-06-25
CUST05088,Priya Gupta,Female,45,Lucknow,Uttar Pradesh,2025-11-14
CUST05089,Rohan Gupta,Other,55,Bangalore,Karnataka,2023-04-22
CUST05090,Neha Shah,Other,60,Kolkata,West Bengal,2025-07-18
CUST05091,Riya Khan,Other,54,Hyderabad,Telangana,2024-07-20
CUST05092,Simran Khan,Other,48,Chennai,Tamil Nadu,2023-12-30
CUST05093,Sneha Joshi,Female,62,Kolkata,West Bengal,2023-07-08
CUST05094,Priya Desai,Female,54,Kolkata,West Bengal,2025-01-29
CUST05095,Arjun Gupta,Male,41,Ahmedabad,Gujarat,2025-03-09
CUST05096,Sneha Mishra,Other,44,Jaipur,Rajasthan,2023-05-05
CUST05097,Pooja Gupta,Female,41,Delhi,Delhi,2024-06-29
CUST05098,Sneha Shah,Male,36,Kolkata,West Bengal,2025-01-29
CUST05099,Kabir Rao,Female,64,Pune,Maharashtra,2025-03-17
CUST05100,Aditya Khan,Male,53,Hyderabad,Telangana,2024-11-23
CUST05101,Aman Nair,Other,54,Kolkata,West Bengal,2023-09-18
CUST05102,Simran Jain,Male,36,Chennai,Tamil Nadu,2024-05-26
CUST05103,Rohan Jain,Other,27,Kolkata,West Bengal,2025-10-08
CUST05104,Isha Patel,Male,28,Chennai,Tamil Nadu,2025-08-30
CUST05105,Kabir Mishra,Other,58,Kolkata,West Bengal,2024-02-07
CUST05106,Simran Jain,Female,31,Hyderabad,Telangana,2024-10-25
CUST05107,Isha Desai,Other,65,Jaipur,Rajasthan,2024-11-03
CUST05108,Pooja Shah,Female,24,Lucknow,Uttar Pradesh,2023-02-23
CUST05109,Vikram Nair,Female,54,Jaipur,Rajasthan,2023-10-29
CUST05110,Riya Singh,Female,24,Hyderabad,Telangana,2023-06-08
CUST05111,Neha Mishra,Male,24,Hyderabad,Telangana,2025-10-21
CUST05112,Vikram Jain,Other,47,Jaipur,Rajasthan,2024-02-07
CUST05113,Arjun Sharma,Female,31,Hyderabad,Telangana,2023-02-17
CUST05114,Riya Mehta,Female,62,Kolkata,West Bengal,2023-05-01
CUST05115,Priya Rao,Female,52,Mumbai,Maharashtra,2023-07-15
CUST05116,Shreya Desai,Other,26,Ahmedabad,Gujarat,2023-02-09
CUST05117,Vikram Nair,Male,26,Pune,Maharashtra,2024-03-01
CUST05118,Ananya Gupta,Other,37,Kolkata,West Bengal,2024-02-07
CUST05119,Kabir Desai,Other,35,Bangalore,Karnataka,2024-10-24
CUST05120,Rahul Nair,Female,62,Lucknow,Uttar Pradesh,2023-12-03
CUST05121,Isha Joshi,Male,56,Kolkata,West Bengal,2024-02-25
CUST05122,Ananya Verma,Male,31,Bangalore,Karnataka,2024-09-07
CUST05123,Vikram Mishra,Other,60,Lucknow,Uttar Pradesh,2024-06-21
CUST05124,Arjun Khan,Other,44,Delhi,Delhi,2024-01-07
CUST05125,Vikram Nair,Male,57,Pune,Maharashtra,2025-07-31
CUST05126,Pooja Verma,Other,53,Mumbai,Maharashtra,2025-04-23
CUST05127,Sneha Shah,Other,25,Chennai,Tamil Nadu,2024-03-27
CUST05128,Aditi Patel,Male,40,Kolkata,West Bengal,2023-08-09
CUST05129,Aman Sharma,Other,33,Delhi,Delhi,2025-04-01
CUST05130,Aman Singh,Male,30,Pune,Maharashtra,2023-03-11
CUST05131,Sneha Shah,Male,48,Pune,Maharashtra,2024-07-10
CUST05132,Pooja Mishra,Other,35,Ahmedabad,Gujarat,2024-02-25
CUST05133,Simran Rao,Male,54,Delhi,Delhi,2024-07-30
CUST05134,Simran Rao,Other,21,Pune,Maharashtra,2023-07-01
CUST05135,Arjun Mishra,Other,31,Kolkata,West Bengal,2025-10-07
CUST05136,Aditi Patel,Male,43,Pune,Maharashtra,2023-07-06
CUST05137,Aarav Gupta,Male,21,Lucknow,Uttar Pradesh,2023-06-20
CUST05138,Isha Khan,Male,51,Bangalore,Karnataka,2023-03-21
CUST05139,Simran Mishra,Male,43,Kolkata,West Bengal,2025-05-04
CUST05140,Simran Sharma,Male,36,Delhi,Delhi,2023-03-23
CUST05141,Rahul Patel,Other,65,Hyderabad,Telangana,2024-06-12
CUST05142,Aditya Gupta,Male,21,Jaipur,Rajasthan,2024-06-18
CUST05143,Rohan Joshi,Female,21,Hyderabad,Telangana,2023-06-02
CUST05144,Riya Singh,Other,24,Delhi,Delhi,2025-09-21
CUST05145,Rohan Jain,Male,23,Jaipur,Rajasthan,2025-02-21
CUST05146,Aditya Rao,Other,23,Ahmedabad,Gujarat,2023-07-22
CUST05147,Riya Patel,Other,24,Hyderabad,Telangana,2023-10-04
CUST05148,Aman Khan,Male,37,Pune,Maharashtra,2023-02-03
CUST05149,Kabir Khan,Other,53,Mumbai,Maharashtra,2023-11-27
CUST05150,Arjun Gupta,Male,52,Delhi,Delhi,2023-09-02
CUST05151,Kabir Mishra,Male,49,Pune,Maharashtra,2024-10-11
CUST05152,Arjun Rao,Female,48,Lucknow,Uttar Pradesh,2024-03-12
CUST05153,Yash Joshi,Female,45,Ahmedabad,Gujarat,2025-02-18
CUST05154,Rohan Singh,Other,23,Delhi,Delhi,2024-05-04
CUST05155,Aditi Jain,Other,25,Ahmedabad,Gujarat,2024-09-09
CUST05156,Vikram Patel,Male,33,Lucknow,Uttar Pradesh,2024-08-09
CUST05157,Rahul Patel,Male,22,Chennai,Tamil Nadu,2024-08-04
CUST05158,Sneha Patel,Female,21,Chennai,Tamil Nadu,2024-03-22
CUST05159,Pooja Singh,Female,22,Kolkata,West Bengal,2024-01-15
CUST05160,Pooja Kulkarni,Female,28,Pune,Maharashtra,2024-12-06
CUST05161,Aditya Mehta,Male,18,Ahmedabad,Gujarat,2024-09-30
CUST05162,Rahul Khan,Female,64,Chennai,Tamil Nadu,2024-08-02
CUST05163,Arjun Jain,Other,51,Ahmedabad,Gujarat,2024-07-19
CUST05164,Neha Desai,Other,54,Kolkata,West Bengal,2024-08-01
CUST05165,Shreya Shah,Female,24,Mumbai,Maharashtra,2023-03-04
CUST05166,Aman Khan,Female,40,Chennai,Tamil Nadu,2025-06-05
CUST05167,Vikram Shah,Other,36,Chennai,Tamil Nadu,2025-01-15
CUST05168,Rahul Mishra,Other,64,Bangalore,Karnataka,2025-07-07
CUST05169,Arjun Verma,Female,26,Bangalore,Karnataka,2025-03-09
CUST05170,Neha Desai,Female,42,Chennai,Tamil Nadu,2023-02-23
CUST05171,Aarav Verma,Male,36,Mumbai,Maharashtra,2023-03-29
CUST05172,Karan Patel,Female,50,Hyderabad,Telangana,2023-01-11
CUST05173,Pooja Mishra,Male,62,Bangalore,Karnataka,2024-06-17
CUST05174,Yash Verma,Male,58,Delhi,Delhi,2023-01-11
CUST05175,Pooja Desai,Other,35,Jaipur,Rajasthan,2023-05-01
CUST05176,Ananya Verma,Male,48,Bangalore,Karnataka,2023-10-16
CUST05177,Pooja Mehta,Other,25,Hyderabad,Telangana,2025-10-24
CUST05178,Ananya Joshi,Male,27,Bangalore,Karnataka,2023-10-14
CUST05179,Simran Mehta,Other,27,Bangalore,Karnataka,2023-12-25
CUST05180,Isha Sharma,Female,38,Jaipur,Rajasthan,2024-07-22
CUST05181,Rahul Kulkarni,Other,55,Hyderabad,Telangana,2025-01-03
CUST05182,Shreya Gupta,Female,23,Mumbai,Maharashtra,2023-01-03
CUST05183,Aditi Nair,Female,56,Jaipur,Rajasthan,2024-07-02
CUST05184,Ananya Shah,Other,25,Chennai,Tamil Nadu,2023-07-28
CUST05185,Sneha Joshi,Male,38,Mumbai,Maharashtra,2024-10-05
CUST05186,Kabir Jain,Other,51,Bangalore,Karnataka,2023-12-04
CUST05187,Aman Mehta,Female,25,Mumbai,Maharashtra,2025-06-13
CUST05188,Neha Verma,Other,47,Jaipur,Rajasthan,2023-03-25
CUST05189,Yash Shah,Other,19,Mumbai,Maharashtra,2023-09-19
CUST05190,Arjun Sharma,Other,36,Pune,Maharashtra,2023-07-29
CUST05191,Aditya Shah,Other,39,Pune,Maharashtra,2023-06-08
CUST05192,Rahul Rao,Other,34,Jaipur,Rajasthan,2023-07-15
CUST05193,Isha Verma,Female,36,Jaipur,Rajasthan,2025-04-19
CUST05194,Rahul Kulkarni,Male,59,Mumbai,Maharashtra,2023-12-25
CUST05195,Yash Khan,Male,42,Jaipur,Rajasthan,2024-04-02
CUST05196,Sneha Rao,Other,59,Chennai,Tamil Nadu,2025-10-16
CUST05197,Aarav Khan,Other,55,Hyderabad,Telangana,2025-08-09
CUST05198,Ananya Khan,Male,60,Bangalore,Karnataka,2023-07-19
CUST05199,Shreya Nair,Male,64,Ahmedabad,Gujarat,2024-05-28
CUST05200,Vikram Singh,Female,39,Lucknow,Uttar Pradesh,2023-01-29
CUST05201,Simran Joshi,Female,55,Chennai,Tamil Nadu,2025-10-06
CUST05202,Aman Gupta,Male,54,Mumbai,Maharashtra,2024-07-23
CUST05203,Aarav Mishra,Other,58,Kolkata,West Bengal,2025-05-30
CUST05204,Aditi Nair,Male,51,Pune,Maharashtra,2025-01-05
CUST05205,Shreya Rao,Male,42,Jaipur,Rajasthan,2025-05-28
CUST05206,Arjun Nair,Female,44,Mumbai,Maharashtra,2025-03-06
CUST05207,Kabir Shah,Female,41,Hyderabad,Telangana,2025-07-15
CUST05208,Kabir Jain,Female,38,Mumbai,Maharashtra,2023-06-19
CUST05209,Rahul Verma,Male,44,Kolkata,West Bengal,2023-07-10
CUST05210,Simran Patel,Male,40,Pune,Maharashtra,2023-04-30
CUST05211,Sneha Khan,Female,30,Mumbai,Maharashtra,2025-11-14
CUST05212,Riya Nair,Other,57,Kolkata,West Bengal,2023-11-26
CUST05213,Vikram Gupta,Female,49,Pune,Maharashtra,2024-09-09
CUST05214,Priya Joshi,Female,61,Mumbai,Maharashtra,2025-12-24
CUST05215,Priya Shah,Male,31,Bangalore,Karnataka,2024-05-28
CUST05216,Isha Kulkarni,Female,23,Mumbai,Maharashtra,2023-03-07
CUST05217,Kabir Nair,Male,64,Bangalore,Karnataka,2024-09-22
CUST05218,Aditya Joshi,Other,24,Hyderabad,Telangana,2025-03-26
CUST05219,Aditya Kulkarni,Female,36,Chennai,Tamil Nadu,2024-10-07
CUST05220,Aman Jain,Male,49,Mumbai,Maharashtra,2025-02-25
CUST05221,Aman Rao,Male,35,Kolkata,West Bengal,2023-01-31
CUST05222,Priya Joshi,Male,31,Ahmedabad,Gujarat,2023-05-06
CUST05223,Sneha Khan,Other,56,Bangalore,Karnataka,2024-11-23
CUST05224,Isha Joshi,Male,38,Bangalore,Karnataka,2024-03-31
CUST05225,Simran Jain,Female,32,Bangalore,Karnataka,2025-12-11
CUST05226,Aditi Gupta,Other,45,Mumbai,Maharashtra,2023-10-14
CUST05227,Vikram Mehta,Female,28,Lucknow,Uttar Pradesh,2023-07-05
CUST05228,Ananya Verma,Other,26,Pune,Maharashtra,2023-11-18
CUST05229,Rahul Sharma,Female,47,Pune,Maharashtra,2023-06-28
CUST05230,Simran Jain,Female,61,Bangalore,Karnataka,2023-09-02
CUST05231,Sneha Singh,Female,56,Bangalore,Karnataka,2025-04-11
CUST05232,Rohan Verma,Male,26,Mumbai,Maharashtra,2025-03-22
CUST05233,Neha Rao,Male,32,Mumbai,Maharashtra,2024-03-17
CUST05234,Aman Mehta,Female,52,Jaipur,Rajasthan,2023-04-03
CUST05235,Neha Sharma,Male,44,Bangalore,Karnataka,2023-11-06
CUST05236,Ananya Khan,Male,54,Lucknow,Uttar Pradesh,2023-04-10
CUST05237,Sneha Khan,Female,57,Hyderabad,Telangana,2024-03-09
CUST05238,Sneha Verma,Male,56,Lucknow,Uttar Pradesh,2025-09-24
CUST05239,Aditi Sharma,Male,63,Mumbai,Maharashtra,2023-02-14
CUST05240,Aman Khan,Male,42,Chennai,Tamil Nadu,2025-05-31
CUST05241,Rahul Mehta,Other,63,Chennai,Tamil Nadu,2025-02-10
CUST05242,Karan Nair,Other,65,Ahmedabad,Gujarat,2023-05-12
CUST05243,Neha Joshi,Male,64,Lucknow,Uttar Pradesh,2024-09-25
CUST05244,Kabir Singh,Male,18,Lucknow,Uttar Pradesh,2023-10-20
CUST05245,Isha Rao,Male,65,Chennai,Tamil Nadu,2024-03-20
CUST05246,Sneha Patel,Female,52,Kolkata,West Bengal,2025-08-17
CUST05247,Arjun Gupta,Female,46,Chennai,Tamil Nadu,2025-02-10
CUST05248,Isha Mishra,Male,65,Hyderabad,Telangana,2025-06-28
CUST05249,Ananya Singh,Male,61,Pune,Maharashtra,2024-12-23
CUST05250,Shreya Nair,Other,46,Delhi,Delhi,2023-06-14
CUST05251,Riya Desai,Female,21,Kolkata,West Bengal,2025-05-26
CUST05252,Neha Mehta,Male,26,Ahmedabad,Gujarat,2025-05-06
CUST05253,Aarav Rao,Other,23,Lucknow,Uttar Pradesh,2023-11-24
CUST05254,Aditya Verma,Female,60,Jaipur,Rajasthan,2023-04-23
CUST05255,Arjun Rao,Male,26,Lucknow,Uttar Pradesh,2023-05-03
CUST05256,Sneha Patel,Female,58,Delhi,Delhi,2025-03-11
CUST05257,Simran Khan,Female,58,Ahmedabad,Gujarat,2023-02-19
CUST05258,Riya Khan,Female,33,Kolkata,West Bengal,2024-02-23
CUST05259,Rahul Mehta,Male,52,Hyderabad,Telangana,2025-09-22
CUST05260,Neha Singh,Male,42,Bangalore,Karnataka,2023-05-27
CUST05261,Yash Nair,Female,44,Pune,Maharashtra,2025-11-15
CUST05262,Sneha Jain,Male,36,Ahmedabad,Gujarat,2023-06-21
CUST05263,Rahul Singh,Male,20,Pune,Maharashtra,2024-01-30
CUST05264,Aarav Nair,Female,33,Hyderabad,Telangana,2025-07-17
CUST05265,Aman Rao,Male,62,Jaipur,Rajasthan,2023-11-01
CUST05266,Arjun Shah,Female,40,Bangalore,Karnataka,2024-06-15
CUST05267,Shreya Khan,Female,57,Jaipur,Rajasthan,2025-02-17
CUST05268,Rohan Mehta,Male,49,Ahmedabad,Gujarat,2024-06-12
CUST05269,Simran Shah,Female,54,Ahmedabad,Gujarat,2025-04-25
CUST05270,Arjun Jain,Other,26,Chennai,Tamil Nadu,2024-03-06
CUST05271,Aditi Patel,Other,19,Delhi,Delhi,2024-07-16
CUST05272,Vikram Rao,Other,45,Chennai,Tamil Nadu,2023-12-02
CUST05273,Vikram Gupta,Female,32,Bangalore,Karnataka,2025-06-01
CUST05274,Neha Patel,Male,35,Bangalore,Karnataka,2025-09-26
CUST05275,Aditya Joshi,Female,41,Hyderabad,Telangana,2024-05-24
CUST05276,Vikram Joshi,Female,34,Kolkata,West Bengal,2025-08-19
CUST05277,Yash Verma,Other,45,Jaipur,Rajasthan,2024-08-24
CUST05278,Priya Mehta,Other,41,Pune,Maharashtra,2024-08-12
CUST05279,Ananya Sharma,Other,26,Pune,Maharashtra,2025-04-13
CUST05280,Aditya Sharma,Other,44,Kolkata,West Bengal,2023-09-23
CUST05281,Aditya Desai,Male,27,Jaipur,Rajasthan,2024-11-14
CUST05282,Aditi Mishra,Female,44,Kolkata,West Bengal,2023-09-16
CUST05283,Riya Mehta,Other,38,Lucknow,Uttar Pradesh,2024-04-18
CUST05284,Aarav Singh,Female,61,Ahmedabad,Gujarat,2024-03-17
CUST05285,Karan Mishra,Male,54,Bangalore,Karnataka,2023-05-30
CUST05286,Ananya Gupta,Male,29,Kolkata,West Bengal,2025-01-30
CUST05287,Rahul Rao,Female,47,Hyderabad,Telangana,2024-08-22
CUST05288,Simran Mishra,Female,49,Mumbai,Maharashtra,2024-08-10
CUST05289,Aman Verma,Male,51,Bangalore,Karnataka,2025-02-04
CUST05290,Isha Nair,Male,31,Mumbai,Maharashtra,2025-07-28
CUST05291,Sneha Khan,Male,23,Lucknow,Uttar Pradesh,2025-12-20
CUST05292,Isha Verma,Male,30,Jaipur,Rajasthan,2023-10-22
CUST05293,Kabir Khan,Other,62,Bangalore,Karnataka,2023-04-25
CUST05294,Karan Joshi,Female,43,Delhi,Delhi,2025-03-19
CUST05295,Kabir Sharma,Female,58,Kolkata,West Bengal,2024-02-08
CUST05296,Sneha Khan,Female,30,Bangalore,Karnataka,2025-12-01
CUST05297,Aarav Patel,Male,19,Delhi,Delhi,2023-10-11
CUST05298,Aditi Jain,Other,35,Jaipur,Rajasthan,2024-08-21
CUST05299,Rahul Desai,Male,31,Pune,Maharashtra,2024-02-21
CUST05300,Pooja Mishra,Male,50,Ahmedabad,Gujarat,2025-02-19
CUST05301,Priya Nair,Female,64,Jaipur,Rajasthan,2025-04-10
CUST05302,Arjun Nair,Male,39,Hyderabad,Telangana,2025-02-19
CUST05303,Karan Singh,Other,26,Pune,Maharashtra,2025-06-09
CUST05304,Aarav Kulkarni,Female,54,Chennai,Tamil Nadu,2025-05-08
CUST05305,Aditi Patel,Female,57,Hyderabad,Telangana,2023-10-26
CUST05306,Neha Rao,Female,21,Delhi,Delhi,2024-03-16
CUST05307,Aarav Patel,Female,43,Delhi,Delhi,2024-11-10
CUST05308,Ananya Verma,Other,62,Chennai,Tamil Nadu,2025-12-22
CUST05309,Aditi Kulkarni,Other,64,Mumbai,Maharashtra,2024-03-19
CUST05310,Yash Singh,Female,58,Mumbai,Maharashtra,2024-08-08
CUST05311,Arjun Sharma,Female,33,Pune,Maharashtra,2023-05-06
CUST05312,Arjun Joshi,Other,39,Kolkata,West Bengal,2025-02-27
CUST05313,Arjun Khan,Male,51,Hyderabad,Telangana,2024-11-07
CUST05314,Ananya Gupta,Female,37,Jaipur,Rajasthan,2024-03-20
CUST05315,Kabir Joshi,Male,30,Chennai,Tamil Nadu,2025-11-01
CUST05316,Aditi Singh,Female,51,Mumbai,Maharashtra,2023-07-31
CUST05317,Aditya Desai,Male,49,Pune,Maharashtra,2025-07-05
CUST05318,Kabir Kulkarni,Male,56,Pune,Maharashtra,2023-03-15
CUST05319,Aditi Mehta,Female,56,Ahmedabad,Gujarat,2023-07-30
CUST05320,Yash Nair,Female,62,Jaipur,Rajasthan,2024-02-23
CUST05321,Ananya Desai,Female,51,Delhi,Delhi,2023-08-07
CUST05322,Vikram Desai,Male,23,Jaipur,Rajasthan,2025-05-15
CUST05323,Aman Singh,Female,40,Ahmedabad,Gujarat,2025-02-28
CUST05324,Aman Nair,Other,30,Jaipur,Rajasthan,2024-02-18
CUST05325,Priya Desai,Male,64,Delhi,Delhi,2025-09-02
CUST05326,Aditya Mishra,Other,31,Mumbai,Maharashtra,2024-11-12
CUST05327,Neha Shah,Other,52,Pune,Maharashtra,2024-12-31
CUST05328,Arjun Singh,Female,46,Chennai,Tamil Nadu,2025-05-14
CUST05329,Rahul Kulkarni,Female,33,Chennai,Tamil Nadu,2024-05-20
CUST05330,Sneha Singh,Male,36,Lucknow,Uttar Pradesh,2025-11-08
CUST05331,Priya Desai,Male,47,Kolkata,West Bengal,2023-10-18
CUST05332,Riya Joshi,Male,61,Jaipur,Rajasthan,2023-03-30
CUST05333,Aditya Kulkarni,Female,53,Pune,Maharashtra,2025-05-21
CUST05334,Riya Singh,Male,18,Hyderabad,Telangana,2023-01-09
CUST05335,Rahul Rao,Male,28,Jaipur,Rajasthan,2024-11-29
CUST05336,Kabir Mehta,Female,55,Ahmedabad,Gujarat,2025-02-25
CUST05337,Simran Rao,Female,22,Hyderabad,Telangana,2024-06-06
CUST05338,Neha Rao,Female,26,Mumbai,Maharashtra,2023-12-04
CUST05339,Yash Joshi,Male,33,Pune,Maharashtra,2025-05-23
CUST05340,Aarav Rao,Male,18,Jaipur,Rajasthan,2025-08-14
CUST05341,Simran Jain,Male,64,Lucknow,Uttar Pradesh,2025-08-24
CUST05342,Aarav Khan,Other,63,Ahmedabad,Gujarat,2024-04-03
CUST05343,Priya Verma,Female,65,Ahmedabad,Gujarat,2025-08-18
CUST05344,Ananya Patel,Male,38,Jaipur,Rajasthan,2024-08-22
CUST05345,Rahul Nair,Female,30,Ahmedabad,Gujarat,2025-10-29
CUST05346,Aarav Rao,Male,46,Lucknow,Uttar Pradesh,2023-05-06
CUST05347,Arjun Mehta,Male,63,Delhi,Delhi,2023-04-09
CUST05348,Karan Mehta,Other,36,Hyderabad,Telangana,2024-08-27
CUST05349,Riya Shah,Other,60,Mumbai,Maharashtra,2024-12-15
CUST05350,Riya Mishra,Male,57,Ahmedabad,Gujarat,2025-08-19
CUST05351,Pooja Jain,Male,42,Delhi,Delhi,2025-08-30
CUST05352,Neha Nair,Female,43,Lucknow,Uttar Pradesh,2025-06-08
CUST05353,Vikram Rao,Female,20,Ahmedabad,Gujarat,2025-04-12
CUST05354,Shreya Singh,Male,30,Kolkata,West Bengal,2025-12-09
CUST05355,Isha Rao,Male,57,Pune,Maharashtra,2023-02-02
CUST05356,Neha Mehta,Male,61,Bangalore,Karnataka,2024-07-30
CUST05357,Vikram Khan,Female,57,Chennai,Tamil Nadu,2024-02-06
CUST05358,Rohan Nair,Male,55,Bangalore,Karnataka,2023-09-18
CUST05359,Arjun Rao,Other,63,Pune,Maharashtra,2024-05-14
CUST05360,Aarav Verma,Other,36,Mumbai,Maharashtra,2025-01-11
CUST05361,Riya Khan,Male,25,Hyderabad,Telangana,2025-05-12
CUST05362,Aditya Verma,Male,39,Lucknow,Uttar Pradesh,2023-08-23
CUST05363,Aditi Nair,Male,43,Delhi,Delhi,2023-03-31
CUST05364,Rahul Desai,Other,20,Mumbai,Maharashtra,2023-03-04
CUST05365,Rahul Desai,Other,34,Chennai,Tamil Nadu,2024-03-03
CUST05366,Kabir Jain,Other,31,Chennai,Tamil Nadu,2025-07-22
CUST05367,Sneha Joshi,Other,63,Pune,Maharashtra,2025-11-05
CUST05368,Rohan Joshi,Other,29,Ahmedabad,Gujarat,2023-07-02
CUST05369,Ananya Gupta,Female,54,Lucknow,Uttar Pradesh,2025-04-05
CUST05370,Arjun Mishra,Male,63,Pune,Maharashtra,2025-02-26
CUST05371,Yash Jain,Female,61,Kolkata,West Bengal,2025-03-04
CUST05372,Sneha Rao,Male,23,Bangalore,Karnataka,2023-02-16
CUST05373,Riya Nair,Female,41,Bangalore,Karnataka,2025-04-14
CUST05374,Rahul Rao,Female,43,Jaipur,Rajasthan,2023-10-18
CUST05375,Simran Joshi,Other,49,Pune,Maharashtra,2023-12-07
CUST05376,Rahul Gupta,Male,62,Mumbai,Maharashtra,2023-03-22
CUST05377,Rahul Sharma,Other,21,Jaipur,Rajasthan,2025-03-12
CUST05378,Arjun Gupta,Female,23,Kolkata,West Bengal,2023-02-05
CUST05379,Aman Sharma,Female,31,Jaipur,Rajasthan,2024-11-23
CUST05380,Rahul Verma,Other,30,Delhi,Delhi,2025-03-31
CUST05381,Aditi Jain,Female,44,Hyderabad,Telangana,2024-04-25
CUST05382,Rohan Desai,Male,23,Lucknow,Uttar Pradesh,2024-02-16
CUST05383,Aditi Sharma,Other,56,Mumbai,Maharashtra,2023-04-18
CUST05384,Aman Shah,Other,25,Delhi,Delhi,2025-06-27
CUST05385,Aarav Rao,Male,29,Pune,Maharashtra,2025-12-24
CUST05386,Yash Khan,Other,35,Hyderabad,Telangana,2024-11-18
CUST05387,Arjun Joshi,Other,61,Jaipur,Rajasthan,2024-01-04
CUST05388,Aditi Singh,Female,63,Hyderabad,Telangana,2023-04-12
CUST05389,Sneha Khan,Female,23,Ahmedabad,Gujarat,2025-05-04
CUST05390,Sneha Rao,Male,52,Kolkata,West Bengal,2025-03-17
CUST05391,Aarav Kulkarni,Male,61,Delhi,Delhi,2023-10-15
CUST05392,Pooja Kulkarni,Other,37,Delhi,Delhi,2024-12-15
CUST05393,Kabir Jain,Male,40,Pune,Maharashtra,2025-07-26
CUST05394,Sneha Patel,Female,61,Delhi,Delhi,2023-03-16
CUST05395,Simran Shah,Other,45,Hyderabad,Telangana,2023-01-18
CUST05396,Riya Jain,Other,50,Hyderabad,Telangana,2025-07-06
CUST05397,Isha Mehta,Other,37,Delhi,Delhi,2023-09-13
CUST05398,Rahul Khan,Female,44,Kolkata,West Bengal,2024-04-21
CUST05399,Neha Khan,Female,49,Mumbai,Maharashtra,2023-08-01
CUST05400,Pooja Verma,Female,48,Delhi,Delhi,2025-11-08
CUST05401,Vikram Mishra,Other,31,Bangalore,Karnataka,2025-12-23
CUST05402,Pooja Jain,Other,51,Hyderabad,Telangana,2025-06-04
CUST05403,Neha Sharma,Other,28,Delhi,Delhi,2025-03-23
CUST05404,Kabir Jain,Other,28,Kolkata,West Bengal,2023-12-19
CUST05405,Priya Desai,Female,50,Kolkata,West Bengal,2025-06-09
CUST05406,Yash Sharma,Female,59,Lucknow,Uttar Pradesh,2024-02-03
CUST05407,Vikram Patel,Male,29,Kolkata,West Bengal,2024-10-27
CUST05408,Simran Jain,Female,36,Lucknow,Uttar Pradesh,2023-01-02
CUST05409,Aman Singh,Other,52,Hyderabad,Telangana,2024-10-13
CUST05410,Ananya Mehta,Other,48,Chennai,Tamil Nadu,2024-11-30
CUST05411,Riya Verma,Female,56,Bangalore,Karnataka,2025-06-07
CUST05412,Riya Desai,Other,30,Pune,Maharashtra,2023-02-21
CUST05413,Simran Joshi,Female,19,Jaipur,Rajasthan,2023-02-20
CUST05414,Arjun Jain,Female,24,Pune,Maharashtra,2023-09-13
CUST05415,Vikram Joshi,Other,22,Ahmedabad,Gujarat,2024-01-21
CUST05416,Rahul Singh,Female,23,Chennai,Tamil Nadu,2025-03-22
CUST05417,Simran Kulkarni,Other,25,Ahmedabad,Gujarat,2023-06-14
CUST05418,Isha Kulkarni,Male,59,Kolkata,West Bengal,2023-03-22
CUST05419,Neha Rao,Other,56,Mumbai,Maharashtra,2023-01-09
CUST05420,Priya Gupta,Other,46,Pune,Maharashtra,2024-01-06
CUST05421,Simran Mishra,Other,47,Ahmedabad,Gujarat,2024-12-16
CUST05422,Aditi Khan,Male,55,Hyderabad,Telangana,2023-02-04
CUST05423,Rohan Sharma,Other,27,Delhi,Delhi,2023-07-28
CUST05424,Aditya Khan,Other,50,Mumbai,Maharashtra,2023-05-11
CUST05425,Vikram Mishra,Female,28,Mumbai,Maharashtra,2025-10-07
CUST05426,Aman Rao,Other,59,Mumbai,Maharashtra,2025-04-02
CUST05427,Shreya Joshi,Male,32,Bangalore,Karnataka,2024-01-07
CUST05428,Rohan Desai,Male,58,Lucknow,Uttar Pradesh,2024-03-07
CUST05429,Simran Sharma,Male,18,Kolkata,West Bengal,2023-12-11
CUST05430,Riya Khan,Male,34,Hyderabad,Telangana,2023-02-10
CUST05431,Priya Jain,Male,34,Kolkata,West Bengal,2025-05-17
CUST05432,Aman Verma,Female,65,Chennai,Tamil Nadu,2024-05-04
CUST05433,Isha Sharma,Other,23,Chennai,Tamil Nadu,2025-10-10
CUST05434,Karan Gupta,Female,61,Kolkata,West Bengal,2025-01-22
CUST05435,Riya Gupta,Other,49,Mumbai,Maharashtra,2025-02-18
CUST05436,Rohan Joshi,Female,32,Pune,Maharashtra,2024-06-02
CUST05437,Karan Joshi,Female,59,Delhi,Delhi,2024-07-28
CUST05438,Pooja Jain,Female,50,Jaipur,Rajasthan,2025-05-07
CUST05439,Rohan Khan,Male,36,Pune,Maharashtra,2025-11-03
CUST05440,Simran Nair,Other,53,Hyderabad,Telangana,2024-12-24
CUST05441,Pooja Khan,Female,31,Bangalore,Karnataka,2025-05-02
CUST05442,Pooja Desai,Female,33,Pune,Maharashtra,2025-11-26
CUST05443,Rahul Sharma,Female,51,Ahmedabad,Gujarat,2025-08-26
CUST05444,Riya Sharma,Male,28,Jaipur,Rajasthan,2024-08-18
CUST05445,Pooja Rao,Other,59,Lucknow,Uttar Pradesh,2024-03-23
CUST05446,Karan Gupta,Other,62,Hyderabad,Telangana,2025-05-31
CUST05447,Aditya Mishra,Female,19,Jaipur,Rajasthan,2023-03-06
CUST05448,Isha Joshi,Other,20,Mumbai,Maharashtra,2025-01-09
CUST05449,Shreya Mehta,Female,47,Jaipur,Rajasthan,2024-07-05
CUST05450,Priya Nair,Female,30,Mumbai,Maharashtra,2023-04-15
CUST05451,Karan Mehta,Other,20,Lucknow,Uttar Pradesh,2024-02-06
CUST05452,Kabir Verma,Male,55,Hyderabad,Telangana,2025-09-30
CUST05453,Aditya Gupta,Male,53,Chennai,Tamil Nadu,2023-01-10
CUST05454,Aarav Patel,Female,53,Kolkata,West Bengal,2023-10-10
CUST05455,Neha Patel,Other,26,Chennai,Tamil Nadu,2023-03-20
CUST05456,Aarav Gupta,Other,29,Chennai,Tamil Nadu,2023-02-17
CUST05457,Simran Patel,Female,32,Pune,Maharashtra,2024-03-05
CUST05458,Arjun Mehta,Other,61,Ahmedabad,Gujarat,2024-06-26
CUST05459,Sneha Mishra,Other,39,Hyderabad,Telangana,2025-10-03
CUST05460,Rohan Patel,Male,33,Delhi,Delhi,2023-08-17
CUST05461,Neha Singh,Male,43,Mumbai,Maharashtra,2024-07-16
CUST05462,Neha Mehta,Male,53,Ahmedabad,Gujarat,2024-06-25
CUST05463,Pooja Mishra,Other,40,Kolkata,West Bengal,2024-01-11
CUST05464,Ananya Nair,Female,49,Mumbai,Maharashtra,2025-12-08
CUST05465,Sneha Kulkarni,Female,36,Hyderabad,Telangana,2024-12-17
CUST05466,Aditya Patel,Male,56,Pune,Maharashtra,2025-06-02
CUST05467,Arjun Singh,Male,23,Hyderabad,Telangana,2024-10-25
CUST05468,Riya Khan,Female,38,Pune,Maharashtra,2024-12-05
CUST05469,Sneha Nair,Female,26,Ahmedabad,Gujarat,2023-03-06
CUST05470,Riya Mehta,Female,47,Jaipur,Rajasthan,2023-08-09
CUST05471,Rohan Shah,Female,24,Ahmedabad,Gujarat,2024-05-27
CUST05472,Rahul Mishra,Female,41,Delhi,Delhi,2024-10-12
CUST05473,Pooja Nair,Female,24,Bangalore,Karnataka,2025-05-21
CUST05474,Priya Rao,Other,34,Kolkata,West Bengal,2023-02-28
CUST05475,Yash Patel,Female,28,Jaipur,Rajasthan,2025-06-24
CUST05476,Aarav Singh,Female,54,Lucknow,Uttar Pradesh,2023-05-02
CUST05477,Sneha Patel,Male,19,Lucknow,Uttar Pradesh,2025-06-02
CUST05478,Sneha Jain,Male,45,Lucknow,Uttar Pradesh,2024-11-19
CUST05479,Riya Sharma,Male,63,Pune,Maharashtra,2024-11-18
CUST05480,Aditya Nair,Male,61,Lucknow,Uttar Pradesh,2023-10-20
CUST05481,Pooja Verma,Male,31,Hyderabad,Telangana,2023-07-24
CUST05482,Karan Rao,Other,51,Hyderabad,Telangana,2025-12-23
CUST05483,Aditi Gupta,Male,60,Jaipur,Rajasthan,2024-12-05
CUST05484,Isha Khan,Male,41,Bangalore,Karnataka,2023-04-28
CUST05485,Shreya Mishra,Female,41,Hyderabad,Telangana,2025-03-31
CUST05486,Aditi Mishra,Other,33,Bangalore,Karnataka,2023-12-26
CUST05487,Ananya Shah,Female,41,Pune,Maharashtra,2023-09-29
CUST05488,Neha Verma,Male,56,Kolkata,West Bengal,2025-08-13
CUST05489,Shreya Patel,Female,55,Delhi,Delhi,2024-11-09
CUST05490,Aarav Nair,Male,23,Pune,Maharashtra,2024-06-13
CUST05491,Yash Mishra,Male,45,Hyderabad,Telangana,2024-09-04
CUST05492,Shreya Joshi,Male,61,Hyderabad,Telangana,2023-06-23
CUST05493,Priya Khan,Female,25,Lucknow,Uttar Pradesh,2025-09-17
CUST05494,Ananya Joshi,Male,61,Mumbai,Maharashtra,2025-04-15
CUST05495,Aman Patel,Female,39,Ahmedabad,Gujarat,2023-09-17
CUST05496,Arjun Jain,Male,50,Ahmedabad,Gujarat,2024-03-13
CUST05497,Ananya Mishra,Other,57,Kolkata,West Bengal,2023-10-17
CUST05498,Arjun Nair,Female,32,Mumbai,Maharashtra,2025-10-28
CUST05499,Shreya Mehta,Other,53,Bangalore,Karnataka,2023-07-20
CUST05500,Sneha Desai,Female,46,Lucknow,Uttar Pradesh,2023-06-04
CUST05501,Rohan Khan,Female,25,Ahmedabad,Gujarat,2025-06-10
CUST05502,Aarav Joshi,Other,46,Bangalore,Karnataka,2025-11-18
CUST05503,Riya Sharma,Female,56,Ahmedabad,Gujarat,2024-08-21
CUST05504,Shreya Mishra,Male,21,Delhi,Delhi,2025-02-03
CUST05505,Karan Gupta,Male,29,Chennai,Tamil Nadu,2023-04-15
CUST05506,Aarav Mehta,Male,53,Kolkata,West Bengal,2025-12-02
CUST05507,Riya Kulkarni,Male,65,Lucknow,Uttar Pradesh,2023-03-12
CUST05508,Isha Khan,Male,56,Chennai,Tamil Nadu,2023-04-24
CUST05509,Aditya Kulkarni,Female,21,Kolkata,West Bengal,2025-07-15
CUST05510,Sneha Khan,Male,56,Mumbai,Maharashtra,2024-07-11
CUST05511,Rohan Gupta,Other,40,Kolkata,West Bengal,2025-07-29
CUST05512,Isha Khan,Male,45,Delhi,Delhi,2023-10-27
CUST05513,Simran Kulkarni,Male,33,Delhi,Delhi,2023-04-02
CUST05514,Simran Khan,Male,22,Bangalore,Karnataka,2025-07-03
CUST05515,Aditi Mishra,Male,33,Chennai,Tamil Nadu,2023-07-25
CUST05516,Karan Desai,Other,37,Mumbai,Maharashtra,2023-07-25
CUST05517,Priya Mehta,Male,52,Mumbai,Maharashtra,2023-07-21
CUST05518,Simran Mehta,Male,20,Chennai,Tamil Nadu,2024-04-28
CUST05519,Simran Nair,Other,42,Hyderabad,Telangana,2023-06-07
CUST05520,Yash Patel,Female,18,Kolkata,West Bengal,2024-03-31
CUST05521,Sneha Kulkarni,Other,62,Lucknow,Uttar Pradesh,2023-06-26
CUST05522,Riya Shah,Female,65,Kolkata,West Bengal,2023-01-26
CUST05523,Yash Singh,Female,48,Pune,Maharashtra,2025-09-22
CUST05524,Priya Sharma,Female,26,Mumbai,Maharashtra,2023-02-17
CUST05525,Arjun Gupta,Female,18,Delhi,Delhi,2023-04-14
CUST05526,Kabir Patel,Female,53,Kolkata,West Bengal,2024-05-09
CUST05527,Neha Mishra,Other,38,Mumbai,Maharashtra,2025-12-27
CUST05528,Ananya Mehta,Male,51,Hyderabad,Telangana,2025-07-28
CUST05529,Neha Patel,Other,34,Delhi,Delhi,2023-06-14
CUST05530,Isha Joshi,Female,56,Pune,Maharashtra,2025-01-14
CUST05531,Riya Mehta,Female,39,Lucknow,Uttar Pradesh,2025-03-20
CUST05532,Vikram Mishra,Female,45,Delhi,Delhi,2024-01-17
CUST05533,Riya Patel,Female,64,Hyderabad,Telangana,2025-06-18
CUST05534,Ananya Nair,Female,27,Jaipur,Rajasthan,2025-10-21
CUST05535,Pooja Shah,Female,24,Lucknow,Uttar Pradesh,2024-12-26
CUST05536,Rahul Nair,Female,52,Kolkata,West Bengal,2025-02-20
CUST05537,Sneha Sharma,Female,31,Chennai,Tamil Nadu,2025-01-14
CUST05538,Kabir Patel,Female,65,Hyderabad,Telangana,2025-12-10
CUST05539,Isha Mishra,Other,26,Mumbai,Maharashtra,2023-12-06
CUST05540,Rohan Khan,Male,37,Pune,Maharashtra,2025-02-18
CUST05541,Isha Rao,Male,49,Kolkata,West Bengal,2025-02-19
CUST05542,Pooja Shah,Female,61,Hyderabad,Telangana,2023-01-02
CUST05543,Ananya Patel,Male,61,Ahmedabad,Gujarat,2025-05-02
CUST05544,Isha Mehta,Male,36,Delhi,Delhi,2025-02-06
CUST05545,Yash Shah,Other,65,Delhi,Delhi,2025-03-23
CUST05546,Pooja Shah,Female,19,Kolkata,West Bengal,2024-06-20
CUST05547,Karan Desai,Other,54,Chennai,Tamil Nadu,2025-02-11
CUST05548,Vikram Singh,Male,31,Jaipur,Rajasthan,2025-09-16
CUST05549,Vikram Kulkarni,Male,19,Jaipur,Rajasthan,2024-04-18
CUST05550,Karan Kulkarni,Other,56,Hyderabad,Telangana,2025-09-23
CUST05551,Sneha Desai,Female,54,Hyderabad,Telangana,2023-06-11
CUST05552,Priya Nair,Other,59,Bangalore,Karnataka,2023-08-21
CUST05553,Priya Verma,Female,56,Mumbai,Maharashtra,2025-02-24
CUST05554,Sneha Gupta,Female,21,Delhi,Delhi,2023-03-31
CUST05555,Vikram Nair,Male,52,Bangalore,Karnataka,2023-07-12
CUST05556,Kabir Mehta,Male,35,Bangalore,Karnataka,2025-11-17
CUST05557,Riya Patel,Male,23,Jaipur,Rajasthan,2024-01-30
CUST05558,Simran Patel,Other,21,Ahmedabad,Gujarat,2025-03-31
CUST05559,Riya Joshi,Other,64,Ahmedabad,Gujarat,2025-12-12
CUST05560,Yash Khan,Female,55,Pune,Maharashtra,2025-09-04
CUST05561,Shreya Verma,Female,28,Lucknow,Uttar Pradesh,2023-04-27
CUST05562,Rahul Patel,Male,35,Ahmedabad,Gujarat,2023-09-12
CUST05563,Simran Mishra,Female,40,Kolkata,West Bengal,2024-11-18
CUST05564,Yash Nair,Other,24,Delhi,Delhi,2025-12-30
CUST05565,Aarav Desai,Male,58,Delhi,Delhi,2025-10-05
CUST05566,Aditya Desai,Female,30,Hyderabad,Telangana,2023-07-13
CUST05567,Ananya Mehta,Female,40,Lucknow,Uttar Pradesh,2025-08-02
CUST05568,Kabir Mishra,Male,44,Bangalore,Karnataka,2025-04-28
CUST05569,Shreya Gupta,Male,49,Lucknow,Uttar Pradesh,2025-04-20
CUST05570,Simran Kulkarni,Other,31,Delhi,Delhi,2023-07-01
CUST05571,Yash Mishra,Female,51,Lucknow,Uttar Pradesh,2023-04-20
CUST05572,Priya Nair,Male,59,Mumbai,Maharashtra,2023-08-22
CUST05573,Aarav Verma,Female,40,Delhi,Delhi,2025-05-22
CUST05574,Rohan Rao,Female,32,Bangalore,Karnataka,2023-08-24
CUST05575,Rohan Desai,Male,48,Delhi,Delhi,2024-05-10
CUST05576,Shreya Mishra,Female,55,Jaipur,Rajasthan,2024-11-05
CUST05577,Aditi Rao,Other,56,Mumbai,Maharashtra,2024-09-27
CUST05578,Aditi Shah,Other,40,Ahmedabad,Gujarat,2023-12-01
CUST05579,Isha Joshi,Other,32,Jaipur,Rajasthan,2024-11-12
CUST05580,Aditya Nair,Other,56,Kolkata,West Bengal,2024-04-25
CUST05581,Aman Kulkarni,Female,35,Delhi,Delhi,2023-11-10
CUST05582,Rohan Singh,Female,39,Bangalore,Karnataka,2023-10-25
CUST05583,Ananya Verma,Other,62,Pune,Maharashtra,2023-05-23
CUST05584,Priya Joshi,Other,65,Jaipur,Rajasthan,2023-05-17
CUST05585,Karan Mishra,Male,24,Ahmedabad,Gujarat,2025-05-12
CUST05586,Priya Nair,Male,25,Hyderabad,Telangana,2025-04-11
CUST05587,Simran Desai,Female,34,Hyderabad,Telangana,2024-06-18
CUST05588,Ananya Mishra,Female,32,Hyderabad,Telangana,2024-05-30
CUST05589,Ananya Joshi,Male,56,Kolkata,West Bengal,2024-03-21
CUST05590,Sneha Sharma,Other,60,Ahmedabad,Gujarat,2025-03-30
CUST05591,Aditya Rao,Other,55,Lucknow,Uttar Pradesh,2023-04-05
CUST05592,Pooja Nair,Other,52,Pune,Maharashtra,2025-01-12
CUST05593,Kabir Mehta,Other,65,Pune,Maharashtra,2023-03-07
CUST05594,Shreya Singh,Female,48,Bangalore,Karnataka,2023-08-09
CUST05595,Rohan Joshi,Female,50,Delhi,Delhi,2025-05-07
CUST05596,Arjun Patel,Other,48,Hyderabad,Telangana,2024-03-17
CUST05597,Rohan Jain,Male,48,Kolkata,West Bengal,2025-07-16
CUST05598,Rahul Patel,Other,36,Ahmedabad,Gujarat,2024-04-08
CUST05599,Aarav Nair,Male,59,Bangalore,Karnataka,2024-09-17
CUST05600,Priya Khan,Male,62,Bangalore,Karnataka,2024-07-07
CUST05601,Shreya Kulkarni,Female,61,Hyderabad,Telangana,2023-05-06
CUST05602,Sneha Mehta,Female,37,Hyderabad,Telangana,2025-06-07
CUST05603,Aarav Patel,Other,37,Jaipur,Rajasthan,2023-07-24
CUST05604,Isha Gupta,Other,35,Bangalore,Karnataka,2024-08-30
CUST05605,Rahul Khan,Other,35,Mumbai,Maharashtra,2023-11-19
CUST05606,Sneha Rao,Other,56,Chennai,Tamil Nadu,2023-01-15
CUST05607,Isha Verma,Other,23,Kolkata,West Bengal,2024-12-19
CUST05608,Ananya Khan,Other,22,Jaipur,Rajasthan,2025-05-22
CUST05609,Aditya Desai,Other,54,Pune,Maharashtra,2023-01-17
CUST05610,Isha Patel,Female,30,Pune,Maharashtra,2025-10-10
CUST05611,Shreya Kulkarni,Male,47,Lucknow,Uttar Pradesh,2023-05-14
CUST05612,Aditi Joshi,Female,38,Pune,Maharashtra,2023-10-02
CUST05613,Arjun Khan,Other,29,Lucknow,Uttar Pradesh,2023-04-25
CUST05614,Vikram Mishra,Male,59,Delhi,Delhi,2023-05-25
CUST05615,Rohan Joshi,Other,35,Kolkata,West Bengal,2024-10-16
CUST05616,Priya Nair,Male,58,Lucknow,Uttar Pradesh,2023-12-26
CUST05617,Priya Shah,Other,42,Ahmedabad,Gujarat,2025-02-21
CUST05618,Pooja Singh,Male,54,Kolkata,West Bengal,2023-12-21
CUST05619,Neha Shah,Male,54,Hyderabad,Telangana,2025-02-24
CUST05620,Karan Patel,Other,61,Delhi,Delhi,2024-01-28
CUST05621,Aarav Mishra,Female,26,Lucknow,Uttar Pradesh,2024-04-17
CUST05622,Karan Khan,Male,42,Bangalore,Karnataka,2024-08-25
CUST05623,Pooja Khan,Other,30,Bangalore,Karnataka,2025-11-15
CUST05624,Karan Desai,Female,61,Hyderabad,Telangana,2024-02-17
CUST05625,Yash Kulkarni,Male,34,Lucknow,Uttar Pradesh,2024-04-16
CUST05626,Rohan Verma,Other,51,Chennai,Tamil Nadu,2023-07-29
CUST05627,Vikram Desai,Other,20,Lucknow,Uttar Pradesh,2024-06-05
CUST05628,Yash Desai,Male,36,Chennai,Tamil Nadu,2024-08-12
CUST05629,Sneha Nair,Female,57,Jaipur,Rajasthan,2023-12-28
CUST05630,Rahul Kulkarni,Male,46,Chennai,Tamil Nadu,2024-12-04
CUST05631,Karan Shah,Other,40,Chennai,Tamil Nadu,2023-02-14
CUST05632,Priya Rao,Other,41,Jaipur,Rajasthan,2025-12-07
CUST05633,Shreya Gupta,Male,54,Ahmedabad,Gujarat,2023-01-17
CUST05634,Pooja Rao,Female,38,Lucknow,Uttar Pradesh,2025-05-14
CUST05635,Rohan Joshi,Female,43,Lucknow,Uttar Pradesh,2023-07-16
CUST05636,Aditya Sharma,Male,53,Pune,Maharashtra,2025-07-26
CUST05637,Yash Shah,Other,55,Mumbai,Maharashtra,2023-03-19
CUST05638,Aditya Gupta,Female,31,Bangalore,Karnataka,2025-11-07
CUST05639,Karan Gupta,Other,42,Lucknow,Uttar Pradesh,2025-04-03
CUST05640,Yash Desai,Other,52,Kolkata,West Bengal,2025-07-10
CUST05641,Shreya Singh,Male,44,Pune,Maharashtra,2025-07-24
CUST05642,Ananya Verma,Other,21,Mumbai,Maharashtra,2025-06-06
CUST05643,Arjun Mishra,Male,23,Pune,Maharashtra,2025-06-20
CUST05644,Aarav Rao,Female,63,Hyderabad,Telangana,2025-12-08
CUST05645,Kabir Patel,Female,40,Chennai,Tamil Nadu,2025-03-14
CUST05646,Pooja Desai,Other,39,Chennai,Tamil Nadu,2023-01-01
CUST05647,Arjun Kulkarni,Male,61,Jaipur,Rajasthan,2025-05-15
CUST05648,Ananya Desai,Female,54,Ahmedabad,Gujarat,2024-08-22
CUST05649,Priya Shah,Female,57,Pune,Maharashtra,2024-02-29
CUST05650,Pooja Singh,Male,35,Jaipur,Rajasthan,2024-11-02
CUST05651,Aditya Rao,Female,44,Mumbai,Maharashtra,2024-11-17
CUST05652,Aman Rao,Female,37,Hyderabad,Telangana,2025-09-19
CUST05653,Aditi Mehta,Other,45,Pune,Maharashtra,2023-12-31
CUST05654,Arjun Verma,Female,46,Jaipur,Rajasthan,2023-12-10
CUST05655,Ananya Gupta,Female,21,Mumbai,Maharashtra,2023-09-24
CUST05656,Sneha Kulkarni,Female,65,Chennai,Tamil Nadu,2025-10-01
CUST05657,Priya Rao,Other,22,Kolkata,West Bengal,2024-09-08
CUST05658,Pooja Rao,Other,36,Hyderabad,Telangana,2025-11-25
CUST05659,Aman Shah,Other,42,Kolkata,West Bengal,2023-04-17
CUST05660,Rohan Joshi,Male,19,Jaipur,Rajasthan,2024-12-19
CUST05661,Arjun Sharma,Female,53,Delhi,Delhi,2023-10-17
CUST05662,Aman Desai,Male,57,Lucknow,Uttar Pradesh,2024-11-13
CUST05663,Rohan Sharma,Female,27,Pune,Maharashtra,2025-10-28
CUST05664,Riya Verma,Female,48,Chennai,Tamil Nadu,2025-12-09
CUST05665,Aditi Jain,Female,44,Hyderabad,Telangana,2025-03-04
CUST05666,Rahul Sharma,Male,34,Hyderabad,Telangana,2025-05-15
CUST05667,Isha Khan,Other,56,Pune,Maharashtra,2024-03-08
CUST05668,Karan Desai,Other,65,Jaipur,Rajasthan,2025-02-12
CUST05669,Sneha Shah,Other,27,Delhi,Delhi,2023-05-28
CUST05670,Rohan Shah,Other,44,Chennai,Tamil Nadu,2025-06-19
CUST05671,Arjun Verma,Male,25,Mumbai,Maharashtra,2025-07-07
CUST05672,Kabir Gupta,Female,47,Pune,Maharashtra,2025-01-01
CUST05673,Pooja Mehta,Female,33,Kolkata,West Bengal,2023-10-06
CUST05674,Vikram Verma,Other,20,Jaipur,Rajasthan,2024-10-03
CUST05675,Yash Singh,Female,34,Jaipur,Rajasthan,2025-09-27
CUST05676,Riya Rao,Other,36,Chennai,Tamil Nadu,2024-07-12
CUST05677,Sneha Gupta,Male,55,Jaipur,Rajasthan,2024-11-15
CUST05678,Neha Mishra,Other,47,Hyderabad,Telangana,2025-07-02
CUST05679,Karan Jain,Female,42,Mumbai,Maharashtra,2024-05-06
CUST05680,Kabir Desai,Female,19,Jaipur,Rajasthan,2025-08-31
CUST05681,Karan Mishra,Female,44,Bangalore,Karnataka,2023-02-16
CUST05682,Kabir Joshi,Other,46,Delhi,Delhi,2024-09-23
CUST05683,Neha Shah,Male,38,Pune,Maharashtra,2023-06-30
CUST05684,Riya Rao,Male,57,Hyderabad,Telangana,2024-03-01
CUST05685,Aman Sharma,Other,35,Mumbai,Maharashtra,2023-04-06
CUST05686,Aditi Rao,Female,40,Kolkata,West Bengal,2025-02-02
CUST05687,Yash Mehta,Other,34,Hyderabad,Telangana,2024-08-17
CUST05688,Aditya Shah,Other,60,Jaipur,Rajasthan,2024-11-14
CUST05689,Pooja Joshi,Male,30,Hyderabad,Telangana,2024-12-01
CUST05690,Rahul Desai,Other,61,Kolkata,West Bengal,2023-03-07
CUST05691,Aarav Mishra,Female,19,Mumbai,Maharashtra,2024-06-16
CUST05692,Aman Nair,Male,65,Delhi,Delhi,2023-05-24
CUST05693,Sneha Mishra,Female,22,Pune,Maharashtra,2025-01-10
CUST05694,Arjun Singh,Other,55,Lucknow,Uttar Pradesh,2025-10-24
CUST05695,Vikram Mishra,Male,53,Chennai,Tamil Nadu,2023-06-14
CUST05696,Ananya Khan,Male,65,Chennai,Tamil Nadu,2025-10-25
CUST05697,Kabir Rao,Female,22,Pune,Maharashtra,2025-04-02
CUST05698,Isha Nair,Female,45,Pune,Maharashtra,2025-08-21
CUST05699,Arjun Kulkarni,Female,60,Kolkata,West Bengal,2025-11-12
CUST05700,Aarav Gupta,Female,60,Ahmedabad,Gujarat,2025-04-22
CUST05701,Vikram Kulkarni,Other,41,Bangalore,Karnataka,2023-02-02
CUST05702,Rahul Joshi,Other,55,Kolkata,West Bengal,2024-12-03
CUST05703,Neha Sharma,Female,63,Jaipur,Rajasthan,2023-05-19
CUST05704,Priya Nair,Male,64,Hyderabad,Telangana,2024-04-19
CUST05705,Priya Singh,Female,36,Bangalore,Karnataka,2025-10-13
CUST05706,Aarav Joshi,Other,33,Pune,Maharashtra,2025-09-12
CUST05707,Shreya Kulkarni,Male,22,Kolkata,West Bengal,2023-12-24
CUST05708,Karan Sharma,Male,23,Chennai,Tamil Nadu,2023-05-18
CUST05709,Simran Desai,Female,49,Kolkata,West Bengal,2023-03-08
CUST05710,Isha Verma,Other,55,Hyderabad,Telangana,2024-03-12
CUST05711,Arjun Gupta,Female,28,Ahmedabad,Gujarat,2025-10-21
CUST05712,Karan Verma,Male,18,Pune,Maharashtra,2024-09-11
CUST05713,Rohan Joshi,Female,24,Lucknow,Uttar Pradesh,2024-06-21
CUST05714,Aarav Jain,Other,48,Bangalore,Karnataka,2024-04-07
CUST05715,Sneha Mishra,Other,65,Chennai,Tamil Nadu,2023-06-18
CUST05716,Pooja Desai,Female,37,Pune,Maharashtra,2025-10-14
CUST05717,Ananya Shah,Female,22,Delhi,Delhi,2024-02-21
CUST05718,Yash Khan,Male,40,Hyderabad,Telangana,2023-01-18
CUST05719,Yash Joshi,Female,38,Hyderabad,Telangana,2024-07-01
CUST05720,Simran Mishra,Male,57,Delhi,Delhi,2024-12-16
CUST05721,Yash Rao,Other,28,Jaipur,Rajasthan,2025-01-16
CUST05722,Ananya Verma,Female,57,Jaipur,Rajasthan,2024-11-02
CUST05723,Shreya Sharma,Female,63,Lucknow,Uttar Pradesh,2025-12-06
CUST05724,Arjun Jain,Female,41,Bangalore,Karnataka,2025-02-07
CUST05725,Yash Mishra,Female,40,Delhi,Delhi,2025-02-10
CUST05726,Shreya Mehta,Male,55,Hyderabad,Telangana,2024-02-25
CUST05727,Sneha Gupta,Other,63,Jaipur,Rajasthan,2023-07-07
CUST05728,Aditi Nair,Other,22,Mumbai,Maharashtra,2024-02-06
CUST05729,Karan Mishra,Female,26,Kolkata,West Bengal,2024-01-23
CUST05730,Shreya Mishra,Male,24,Bangalore,Karnataka,2024-09-30
CUST05731,Shreya Jain,Other,33,Chennai,Tamil Nadu,2025-08-06
CUST05732,Aditi Mishra,Male,22,Lucknow,Uttar Pradesh,2023-07-28
CUST05733,Yash Joshi,Male,36,Bangalore,Karnataka,2025-08-25
CUST05734,Arjun Patel,Male,30,Pune,Maharashtra,2025-04-02
CUST05735,Sneha Patel,Female,30,Chennai,Tamil Nadu,2024-12-30
CUST05736,Aditi Patel,Male,30,Chennai,Tamil Nadu,2024-04-02
CUST05737,Aditi Rao,Male,46,Pune,Maharashtra,2024-08-30
CUST05738,Kabir Kulkarni,Male,57,Delhi,Delhi,2023-07-24
CUST05739,Pooja Joshi,Other,38,Lucknow,Uttar Pradesh,2024-09-12
CUST05740,Aditya Verma,Male,65,Kolkata,West Bengal,2025-06-04
CUST05741,Isha Joshi,Other,65,Pune,Maharashtra,2023-09-03
CUST05742,Priya Singh,Male,44,Lucknow,Uttar Pradesh,2023-07-21
CUST05743,Shreya Mishra,Female,27,Lucknow,Uttar Pradesh,2024-06-30
CUST05744,Aditi Desai,Other,64,Pune,Maharashtra,2023-06-18
CUST05745,Ananya Sharma,Other,65,Kolkata,West Bengal,2023-08-03
CUST05746,Vikram Khan,Male,21,Kolkata,West Bengal,2023-07-11
CUST05747,Yash Khan,Other,34,Bangalore,Karnataka,2023-11-24
CUST05748,Rahul Rao,Other,27,Delhi,Delhi,2025-04-08
CUST05749,Pooja Mishra,Male,61,Jaipur,Rajasthan,2023-09-15
CUST05750,Arjun Khan,Other,43,Ahmedabad,Gujarat,2024-12-29
CUST05751,Priya Khan,Male,19,Kolkata,West Bengal,2025-02-20
CUST05752,Yash Shah,Other,63,Pune,Maharashtra,2025-10-13
CUST05753,Arjun Nair,Female,54,Mumbai,Maharashtra,2023-01-23
CUST05754,Sneha Mehta,Male,26,Chennai,Tamil Nadu,2025-10-05
CUST05755,Simran Khan,Other,30,Ahmedabad,Gujarat,2023-04-11
CUST05756,Priya Mehta,Other,60,Mumbai,Maharashtra,2023-04-06
CUST05757,Kabir Jain,Other,49,Pune,Maharashtra,2024-11-26
CUST05758,Rahul Gupta,Male,27,Hyderabad,Telangana,2025-08-06
CUST05759,Shreya Joshi,Female,29,Delhi,Delhi,2024-08-27
CUST05760,Aditi Joshi,Other,27,Jaipur,Rajasthan,2023-02-17
CUST05761,Yash Desai,Male,36,Mumbai,Maharashtra,2025-02-17
CUST05762,Simran Sharma,Female,18,Bangalore,Karnataka,2024-01-08
CUST05763,Pooja Rao,Female,34,Chennai,Tamil Nadu,2024-09-07
CUST05764,Kabir Rao,Male,63,Kolkata,West Bengal,2024-11-29
CUST05765,Aman Sharma,Other,50,Pune,Maharashtra,2023-06-20
CUST05766,Aman Kulkarni,Female,62,Chennai,Tamil Nadu,2025-06-11
CUST05767,Karan Shah,Female,39,Mumbai,Maharashtra,2023-07-12
CUST05768,Neha Desai,Other,53,Bangalore,Karnataka,2024-03-27
CUST05769,Riya Kulkarni,Female,64,Jaipur,Rajasthan,2025-11-11
CUST05770,Vikram Joshi,Male,31,Kolkata,West Bengal,2024-05-01
CUST05771,Vikram Khan,Other,26,Mumbai,Maharashtra,2025-05-03
CUST05772,Rahul Mishra,Male,24,Lucknow,Uttar Pradesh,2023-02-17
CUST05773,Rohan Kulkarni,Female,48,Kolkata,West Bengal,2023-01-19
CUST05774,Aman Gupta,Other,57,Ahmedabad,Gujarat,2023-06-13
CUST05775,Aarav Shah,Male,39,Jaipur,Rajasthan,2023-02-04
CUST05776,Ananya Rao,Other,38,Pune,Maharashtra,2025-12-03
CUST05777,Sneha Kulkarni,Female,22,Bangalore,Karnataka,2024-08-16
CUST05778,Aman Nair,Female,54,Delhi,Delhi,2024-06-15
CUST05779,Aditi Joshi,Female,26,Hyderabad,Telangana,2024-09-22
CUST05780,Simran Shah,Male,65,Lucknow,Uttar Pradesh,2025-01-04
CUST05781,Pooja Verma,Other,39,Hyderabad,Telangana,2023-04-26
CUST05782,Sneha Mehta,Male,53,Kolkata,West Bengal,2025-10-07
CUST05783,Karan Mishra,Female,58,Jaipur,Rajasthan,2025-11-24
CUST05784,Yash Nair,Female,62,Kolkata,West Bengal,2024-11-10
CUST05785,Rahul Singh,Other,60,Bangalore,Karnataka,2025-01-22
CUST05786,Simran Khan,Other,28,Bangalore,Karnataka,2023-11-22
CUST05787,Simran Jain,Other,31,Mumbai,Maharashtra,2023-08-15
CUST05788,Rahul Shah,Male,45,Chennai,Tamil Nadu,2024-03-05
CUST05789,Yash Kulkarni,Other,64,Chennai,Tamil Nadu,2025-05-24
CUST05790,Isha Khan,Female,58,Kolkata,West Bengal,2025-09-20
CUST05791,Riya Kulkarni,Female,38,Mumbai,Maharashtra,2025-03-28
CUST05792,Simran Shah,Other,35,Ahmedabad,Gujarat,2024-07-04
CUST05793,Aman Joshi,Female,27,Lucknow,Uttar Pradesh,2025-08-30
CUST05794,Arjun Shah,Male,48,Chennai,Tamil Nadu,2024-02-15
CUST05795,Aditya Jain,Other,58,Chennai,Tamil Nadu,2024-11-06
CUST05796,Priya Jain,Female,52,Jaipur,Rajasthan,2025-09-27
CUST05797,Kabir Gupta,Other,58,Delhi,Delhi,2023-05-12
CUST05798,Isha Kulkarni,Female,46,Kolkata,West Bengal,2023-11-17
CUST05799,Aditya Rao,Other,57,Delhi,Delhi,2023-08-30
CUST05800,Riya Desai,Male,35,Pune,Maharashtra,2024-11-16
CUST05801,Shreya Desai,Male,40,Chennai,Tamil Nadu,2024-10-13
CUST05802,Pooja Gupta,Female,51,Delhi,Delhi,2025-04-05
CUST05803,Shreya Desai,Male,54,Hyderabad,Telangana,2023-01-17
CUST05804,Rohan Joshi,Male,25,Jaipur,Rajasthan,2024-01-12
CUST05805,Vikram Rao,Male,65,Hyderabad,Telangana,2023-03-19
CUST05806,Aditya Singh,Male,35,Ahmedabad,Gujarat,2023-11-14
CUST05807,Rahul Mehta,Other,65,Jaipur,Rajasthan,2024-07-29
CUST05808,Rohan Gupta,Female,42,Lucknow,Uttar Pradesh,2023-12-09
CUST05809,Pooja Kulkarni,Female,45,Mumbai,Maharashtra,2025-11-30
CUST05810,Aditi Patel,Female,18,Jaipur,Rajasthan,2023-03-10
CUST05811,Rohan Shah,Male,39,Pune,Maharashtra,2023-01-11
CUST05812,Sneha Verma,Other,43,Hyderabad,Telangana,2025-02-06
CUST05813,Vikram Nair,Female,38,Ahmedabad,Gujarat,2023-08-02
CUST05814,Karan Gupta,Female,33,Kolkata,West Bengal,2023-02-02
CUST05815,Aman Mehta,Other,45,Kolkata,West Bengal,2023-03-25
CUST05816,Riya Mishra,Other,62,Pune,Maharashtra,2025-04-05
CUST05817,Rahul Verma,Other,39,Bangalore,Karnataka,2023-04-09
CUST05818,Rohan Desai,Male,56,Pune,Maharashtra,2023-05-09
CUST05819,Rahul Nair,Female,46,Jaipur,Rajasthan,2024-12-15
CUST05820,Rahul Rao,Other,20,Jaipur,Rajasthan,2025-01-16
CUST05821,Priya Patel,Other,59,Chennai,Tamil Nadu,2024-10-19
CUST05822,Rohan Kulkarni,Other,49,Hyderabad,Telangana,2023-02-10
CUST05823,Kabir Joshi,Male,28,Chennai,Tamil Nadu,2023-10-12
CUST05824,Vikram Mehta,Male,56,Kolkata,West Bengal,2024-06-16
CUST05825,Neha Desai,Female,36,Ahmedabad,Gujarat,2025-11-14
CUST05826,Vikram Sharma,Female,39,Ahmedabad,Gujarat,2023-02-15
CUST05827,Arjun Khan,Other,50,Lucknow,Uttar Pradesh,2023-07-24
CUST05828,Arjun Verma,Female,22,Ahmedabad,Gujarat,2025-02-06
CUST05829,Rahul Singh,Male,37,Pune,Maharashtra,2024-09-04
CUST05830,Shreya Rao,Male,61,Bangalore,Karnataka,2024-11-25
CUST05831,Ananya Desai,Other,61,Pune,Maharashtra,2023-12-31
CUST05832,Sneha Kulkarni,Female,46,Chennai,Tamil Nadu,2025-09-01
CUST05833,Kabir Desai,Female,55,Chennai,Tamil Nadu,2025-02-15
CUST05834,Aditi Verma,Female,37,Mumbai,Maharashtra,2025-01-10
CUST05835,Shreya Gupta,Male,45,Hyderabad,Telangana,2024-09-18
CUST05836,Simran Verma,Female,44,Ahmedabad,Gujarat,2023-07-28
CUST05837,Aman Mehta,Other,35,Bangalore,Karnataka,2023-01-06
CUST05838,Shreya Mishra,Female,62,Mumbai,Maharashtra,2025-09-24
CUST05839,Sneha Gupta,Male,41,Delhi,Delhi,2024-12-09
CUST05840,Aman Verma,Male,60,Ahmedabad,Gujarat,2023-09-13
CUST05841,Aditi Patel,Other,34,Delhi,Delhi,2024-11-13
CUST05842,Kabir Verma,Other,34,Hyderabad,Telangana,2024-08-12
CUST05843,Sneha Khan,Other,52,Delhi,Delhi,2024-06-21
CUST05844,Riya Mehta,Female,47,Bangalore,Karnataka,2024-12-22
CUST05845,Yash Joshi,Male,32,Kolkata,West Bengal,2024-06-05
CUST05846,Aditya Gupta,Male,43,Ahmedabad,Gujarat,2024-09-24
CUST05847,Simran Joshi,Male,57,Chennai,Tamil Nadu,2025-08-15
CUST05848,Aditya Mehta,Other,41,Hyderabad,Telangana,2023-10-24
CUST05849,Neha Joshi,Other,65,Jaipur,Rajasthan,2023-02-06
CUST05850,Aman Rao,Other,56,Chennai,Tamil Nadu,2025-09-22
CUST05851,Isha Mishra,Other,24,Ahmedabad,Gujarat,2025-01-11
CUST05852,Pooja Desai,Other,34,Mumbai,Maharashtra,2023-11-15
CUST05853,Ananya Rao,Male,33,Hyderabad,Telangana,2025-04-20
CUST05854,Rohan Nair,Male,37,Pune,Maharashtra,2025-06-28
CUST05855,Aarav Verma,Female,55,Delhi,Delhi,2024-05-30
CUST05856,Kabir Khan,Other,49,Delhi,Delhi,2024-06-05
CUST05857,Aman Verma,Male,53,Hyderabad,Telangana,2024-08-18
CUST05858,Neha Nair,Male,51,Chennai,Tamil Nadu,2024-11-27
CUST05859,Rohan Verma,Other,43,Pune,Maharashtra,2025-02-02
CUST05860,Aditi Patel,Male,56,Ahmedabad,Gujarat,2023-02-22
CUST05861,Vikram Patel,Female,40,Mumbai,Maharashtra,2023-06-09
CUST05862,Shreya Khan,Male,46,Mumbai,Maharashtra,2023-03-22
CUST05863,Aditi Desai,Other,20,Ahmedabad,Gujarat,2024-07-06
CUST05864,Riya Kulkarni,Other,38,Kolkata,West Bengal,2023-12-31
CUST05865,Aditya Khan,Other,27,Delhi,Delhi,2025-03-25
CUST05866,Ananya Nair,Other,53,Chennai,Tamil Nadu,2024-04-29
CUST05867,Aman Desai,Other,33,Ahmedabad,Gujarat,2025-04-02
CUST05868,Neha Shah,Male,41,Kolkata,West Bengal,2025-09-23
CUST05869,Neha Nair,Male,49,Jaipur,Rajasthan,2025-04-14
CUST05870,Aditi Verma,Other,52,Bangalore,Karnataka,2023-09-30
CUST05871,Rohan Gupta,Male,40,Delhi,Delhi,2024-03-13
CUST05872,Ananya Rao,Male,35,Hyderabad,Telangana,2023-01-15
CUST05873,Rohan Sharma,Female,28,Lucknow,Uttar Pradesh,2025-08-16
CUST05874,Riya Khan,Female,43,Pune,Maharashtra,2024-04-09
CUST05875,Sneha Joshi,Female,22,Ahmedabad,Gujarat,2025-04-27
CUST05876,Karan Kulkarni,Other,60,Mumbai,Maharashtra,2024-02-06
CUST05877,Aarav Khan,Other,64,Mumbai,Maharashtra,2025-07-23
CUST05878,Sneha Rao,Female,53,Chennai,Tamil Nadu,2025-06-13
CUST05879,Rahul Desai,Male,39,Mumbai,Maharashtra,2025-11-17
CUST05880,Priya Khan,Other,48,Kolkata,West Bengal,2024-04-30
CUST05881,Aman Gupta,Other,51,Delhi,Delhi,2023-10-17
CUST05882,Vikram Desai,Male,26,Lucknow,Uttar Pradesh,2023-08-01
CUST05883,Rahul Shah,Female,58,Bangalore,Karnataka,2023-06-04
CUST05884,Priya Joshi,Male,24,Bangalore,Karnataka,2025-02-12
CUST05885,Aman Verma,Female,57,Jaipur,Rajasthan,2023-10-28
CUST05886,Isha Desai,Female,58,Chennai,Tamil Nadu,2025-07-13
CUST05887,Karan Desai,Male,41,Chennai,Tamil Nadu,2024-03-15
CUST05888,Aditya Gupta,Male,51,Pune,Maharashtra,2023-06-06
CUST05889,Ananya Rao,Male,31,Jaipur,Rajasthan,2024-12-02
CUST05890,Vikram Jain,Other,19,Ahmedabad,Gujarat,2024-01-20
CUST05891,Aditya Mehta,Other,59,Mumbai,Maharashtra,2024-02-27
CUST05892,Simran Patel,Female,64,Lucknow,Uttar Pradesh,2024-03-19
CUST05893,Pooja Kulkarni,Other,35,Pune,Maharashtra,2023-07-24
CUST05894,Riya Patel,Other,26,Pune,Maharashtra,2025-02-21
CUST05895,Priya Sharma,Other,51,Delhi,Delhi,2024-06-18
CUST05896,Sneha Shah,Female,21,Hyderabad,Telangana,2024-10-24
CUST05897,Ananya Patel,Male,52,Bangalore,Karnataka,2025-06-26
CUST05898,Rohan Jain,Male,18,Kolkata,West Bengal,2023-01-24
CUST05899,Yash Verma,Female,48,Kolkata,West Bengal,2024-08-19
CUST05900,Aditi Nair,Female,60,Lucknow,Uttar Pradesh,2023-01-22
CUST05901,Riya Desai,Female,42,Delhi,Delhi,2024-04-30
CUST05902,Rahul Nair,Male,48,Lucknow,Uttar Pradesh,2025-02-03
CUST05903,Pooja Khan,Other,44,Ahmedabad,Gujarat,2023-05-15
CUST05904,Priya Patel,Male,36,Ahmedabad,Gujarat,2023-10-29
CUST05905,Simran Kulkarni,Other,21,Jaipur,Rajasthan,2025-03-19
CUST05906,Isha Patel,Other,32,Jaipur,Rajasthan,2025-03-09
CUST05907,Aditi Shah,Female,59,Bangalore,Karnataka,2025-03-03
CUST05908,Aditya Rao,Other,45,Kolkata,West Bengal,2024-06-09
CUST05909,Kabir Gupta,Female,20,Delhi,Delhi,2023-06-20
CUST05910,Aditya Nair,Female,34,Hyderabad,Telangana,2023-02-11
CUST05911,Aman Sharma,Other,18,Lucknow,Uttar Pradesh,2025-09-23
CUST05912,Sneha Gupta,Other,25,Bangalore,Karnataka,2024-11-19
CUST05913,Shreya Verma,Other,22,Mumbai,Maharashtra,2023-09-10
CUST05914,Neha Kulkarni,Male,43,Lucknow,Uttar Pradesh,2023-07-24
CUST05915,Simran Mehta,Female,18,Lucknow,Uttar Pradesh,2025-03-12
CUST05916,Kabir Gupta,Female,33,Bangalore,Karnataka,2023-08-30
CUST05917,Arjun Singh,Other,26,Hyderabad,Telangana,2025-03-26
CUST05918,Aditya Mehta,Male,29,Kolkata,West Bengal,2023-01-08
CUST05919,Ananya Desai,Other,63,Lucknow,Uttar Pradesh,2023-02-21
CUST05920,Yash Verma,Other,18,Chennai,Tamil Nadu,2024-07-19
CUST05921,Rahul Mishra,Male,41,Lucknow,Uttar Pradesh,2024-04-19
CUST05922,Simran Shah,Male,61,Jaipur,Rajasthan,2024-09-02
CUST05923,Shreya Khan,Female,41,Delhi,Delhi,2023-01-09
CUST05924,Kabir Shah,Female,37,Chennai,Tamil Nadu,2023-06-22
CUST05925,Aditya Jain,Other,31,Pune,Maharashtra,2025-02-11
CUST05926,Neha Patel,Other,23,Mumbai,Maharashtra,2023-11-30
CUST05927,Isha Sharma,Other,33,Delhi,Delhi,2023-11-05
CUST05928,Rohan Patel,Female,50,Lucknow,Uttar Pradesh,2024-11-07
CUST05929,Aman Nair,Male,39,Ahmedabad,Gujarat,2023-01-25
CUST05930,Shreya Verma,Female,23,Delhi,Delhi,2025-10-06
CUST05931,Riya Nair,Male,40,Mumbai,Maharashtra,2024-01-29
CUST05932,Pooja Kulkarni,Other,37,Ahmedabad,Gujarat,2023-04-27
CUST05933,Arjun Mehta,Male,39,Pune,Maharashtra,2025-02-21
CUST05934,Arjun Desai,Other,58,Pune,Maharashtra,2024-04-19
CUST05935,Simran Singh,Male,46,Chennai,Tamil Nadu,2024-03-03
CUST05936,Vikram Kulkarni,Other,47,Pune,Maharashtra,2023-08-25
CUST05937,Vikram Verma,Male,18,Ahmedabad,Gujarat,2025-06-11
CUST05938,Vikram Gupta,Female,59,Hyderabad,Telangana,2024-09-27
CUST05939,Aman Rao,Male,58,Ahmedabad,Gujarat,2024-04-22
CUST05940,Riya Rao,Male,32,Hyderabad,Telangana,2023-04-02
CUST05941,Priya Gupta,Other,64,Lucknow,Uttar Pradesh,2025-05-10
CUST05942,Kabir Joshi,Female,25,Ahmedabad,Gujarat,2024-06-24
CUST05943,Aarav Gupta,Other,20,Jaipur,Rajasthan,2024-07-29
CUST05944,Aman Gupta,Male,52,Ahmedabad,Gujarat,2024-03-20
CUST05945,Arjun Joshi,Female,36,Kolkata,West Bengal,2023-02-10
CUST05946,Priya Verma,Other,55,Mumbai,Maharashtra,2025-07-20
CUST05947,Neha Mishra,Female,44,Lucknow,Uttar Pradesh,2024-09-04
CUST05948,Ananya Patel,Female,54,Delhi,Delhi,2023-04-15
CUST05949,Riya Desai,Female,36,Pune,Maharashtra,2025-07-09
CUST05950,Neha Desai,Male,50,Chennai,Tamil Nadu,2025-08-02
CUST05951,Aman Rao,Male,42,Ahmedabad,Gujarat,2023-11-07
CUST05952,Aman Shah,Female,35,Pune,Maharashtra,2025-11-04
CUST05953,Aarav Rao,Other,50,Hyderabad,Telangana,2023-01-22
CUST05954,Karan Khan,Female,65,Kolkata,West Bengal,2025-12-18
CUST05955,Pooja Sharma,Other,55,Kolkata,West Bengal,2025-02-15
CUST05956,Shreya Mehta,Male,51,Kolkata,West Bengal,2023-05-19
CUST05957,Rahul Jain,Male,57,Kolkata,West Bengal,2025-09-02
CUST05958,Kabir Jain,Female,56,Ahmedabad,Gujarat,2025-07-23
CUST05959,Neha Verma,Other,54,Mumbai,Maharashtra,2024-02-25
CUST05960,Pooja Mehta,Female,47,Kolkata,West Bengal,2024-04-01
CUST05961,Aman Mehta,Other,23,Ahmedabad,Gujarat,2023-05-23
CUST05962,Aditi Verma,Male,26,Hyderabad,Telangana,2025-01-02
CUST05963,Simran Singh,Male,60,Kolkata,West Bengal,2023-12-20
CUST05964,Aditi Desai,Female,30,Jaipur,Rajasthan,2023-12-10
CUST05965,Priya Shah,Male,27,Hyderabad,Telangana,2024-05-10
CUST05966,Rohan Singh,Female,35,Lucknow,Uttar Pradesh,2024-04-15
CUST05967,Vikram Sharma,Female,54,Kolkata,West Bengal,2023-02-26
CUST05968,Karan Nair,Female,57,Hyderabad,Telangana,2023-01-05
CUST05969,Neha Khan,Female,46,Bangalore,Karnataka,2024-01-26
CUST05970,Simran Jain,Male,56,Kolkata,West Bengal,2024-10-23
CUST05971,Isha Patel,Female,33,Bangalore,Karnataka,2025-11-01
CUST05972,Riya Nair,Female,34,Mumbai,Maharashtra,2023-03-09
CUST05973,Karan Kulkarni,Female,52,Jaipur,Rajasthan,2024-11-19
CUST05974,Riya Rao,Male,25,Chennai,Tamil Nadu,2024-05-17
CUST05975,Aman Khan,Female,28,Jaipur,Rajasthan,2023-01-21
CUST05976,Neha Joshi,Other,18,Pune,Maharashtra,2023-10-21
CUST05977,Aditya Shah,Female,26,Ahmedabad,Gujarat,2025-04-20
CUST05978,Neha Joshi,Other,45,Mumbai,Maharashtra,2025-09-09
CUST05979,Simran Kulkarni,Male,61,Ahmedabad,Gujarat,2025-03-23
CUST05980,Priya Sharma,Male,25,Hyderabad,Telangana,2023-09-24
CUST05981,Sneha Jain,Male,23,Delhi,Delhi,2025-09-11
CUST05982,Shreya Nair,Female,31,Chennai,Tamil Nadu,2025-04-01
CUST05983,Aman Rao,Other,48,Lucknow,Uttar Pradesh,2023-09-27
CUST05984,Aman Kulkarni,Other,49,Ahmedabad,Gujarat,2023-11-23
CUST05985,Rohan Mishra,Male,37,Delhi,Delhi,2024-05-30
CUST05986,Aman Joshi,Other,25,Kolkata,West Bengal,2023-12-22
CUST05987,Riya Jain,Female,37,Lucknow,Uttar Pradesh,2025-03-14
CUST05988,Ananya Desai,Male,29,Mumbai,Maharashtra,2024-04-25
CUST05989,Simran Kulkarni,Female,18,Jaipur,Rajasthan,2023-01-14
CUST05990,Aarav Joshi,Male,51,Delhi,Delhi,2023-03-26
CUST05991,Riya Gupta,Male,19,Chennai,Tamil Nadu,2023-06-12
CUST05992,Rahul Khan,Male,64,Bangalore,Karnataka,2023-01-08
CUST05993,Riya Joshi,Female,22,Pune,Maharashtra,2025-01-20
CUST05994,Vikram Gupta,Other,26,Jaipur,Rajasthan,2025-10-17
CUST05995,Arjun Sharma,Female,26,Pune,Maharashtra,2025-04-11
CUST05996,Kabir Joshi,Female,28,Mumbai,Maharashtra,2023-07-20
CUST05997,Vikram Khan,Female,35,Lucknow,Uttar Pradesh,2025-07-05
CUST05998,Priya Mishra,Other,43,Mumbai,Maharashtra,2024-04-15
CUST05999,Aditi Verma,Female,65,Jaipur,Rajasthan,2024-11-30
CUST06000,Simran Jain,Male,54,Hyderabad,Telangana,2024-02-18
CUST06001,Neha Kulkarni,Male,62,Ahmedabad,Gujarat,2023-10-18
CUST06002,Simran Shah,Other,59,Kolkata,West Bengal,2025-12-31
CUST06003,Aarav Desai,Female,39,Mumbai,Maharashtra,2023-06-30
CUST06004,Kabir Singh,Male,43,Bangalore,Karnataka,2024-04-14
CUST06005,Riya Patel,Female,50,Pune,Maharashtra,2025-12-24
CUST06006,Ananya Singh,Male,41,Ahmedabad,Gujarat,2023-01-15
CUST06007,Aditi Nair,Female,56,Delhi,Delhi,2025-06-04
CUST06008,Riya Khan,Other,26,Bangalore,Karnataka,2023-02-26
CUST06009,Neha Patel,Male,25,Lucknow,Uttar Pradesh,2023-09-25
CUST06010,Simran Mehta,Male,33,Jaipur,Rajasthan,2024-12-23
CUST06011,Sneha Nair,Male,35,Bangalore,Karnataka,2025-07-10
CUST06012,Aman Khan,Other,39,Hyderabad,Telangana,2025-09-03
CUST06013,Yash Mehta,Female,52,Lucknow,Uttar Pradesh,2023-07-31
CUST06014,Neha Jain,Male,45,Chennai,Tamil Nadu,2023-09-13
CUST06015,Rohan Rao,Male,36,Lucknow,Uttar Pradesh,2025-06-27
CUST06016,Shreya Mehta,Female,47,Mumbai,Maharashtra,2025-08-13
CUST06017,Isha Nair,Male,37,Delhi,Delhi,2024-09-26
CUST06018,Simran Rao,Other,44,Ahmedabad,Gujarat,2024-05-02
CUST06019,Priya Desai,Other,23,Bangalore,Karnataka,2024-12-09
CUST06020,Yash Jain,Other,22,Jaipur,Rajasthan,2024-05-01
CUST06021,Priya Gupta,Other,46,Lucknow,Uttar Pradesh,2025-08-20
CUST06022,Sneha Rao,Female,28,Kolkata,West Bengal,2025-08-02
CUST06023,Karan Gupta,Male,58,Hyderabad,Telangana,2024-09-18
CUST06024,Aditya Mishra,Other,49,Pune,Maharashtra,2025-08-05
CUST06025,Priya Singh,Female,25,Kolkata,West Bengal,2025-01-11
CUST06026,Aditya Jain,Male,51,Kolkata,West Bengal,2024-09-21
CUST06027,Aditi Mishra,Male,35,Bangalore,Karnataka,2023-04-07
CUST06028,Simran Khan,Male,36,Mumbai,Maharashtra,2024-08-30
CUST06029,Riya Singh,Other,19,Kolkata,West Bengal,2023-04-14
CUST06030,Aditi Singh,Other,22,Pune,Maharashtra,2023-01-20
CUST06031,Pooja Nair,Male,48,Chennai,Tamil Nadu,2025-09-16
CUST06032,Pooja Mehta,Female,42,Pune,Maharashtra,2023-12-10
CUST06033,Rahul Mehta,Other,27,Chennai,Tamil Nadu,2024-06-19
CUST06034,Aditi Shah,Male,56,Kolkata,West Bengal,2024-04-17
CUST06035,Arjun Nair,Male,61,Pune,Maharashtra,2023-05-01
CUST06036,Aditya Mehta,Male,63,Ahmedabad,Gujarat,2024-05-10
CUST06037,Ananya Rao,Male,43,Ahmedabad,Gujarat,2024-01-13
CUST06038,Isha Jain,Female,39,Delhi,Delhi,2024-06-13
CUST06039,Pooja Singh,Other,22,Mumbai,Maharashtra,2023-01-24
CUST06040,Yash Gupta,Male,39,Bangalore,Karnataka,2024-04-01
CUST06041,Shreya Kulkarni,Female,28,Pune,Maharashtra,2025-07-07
CUST06042,Priya Singh,Other,38,Jaipur,Rajasthan,2024-05-11
CUST06043,Shreya Desai,Female,23,Kolkata,West Bengal,2025-09-12
CUST06044,Neha Shah,Male,28,Lucknow,Uttar Pradesh,2023-02-10
CUST06045,Pooja Rao,Female,64,Bangalore,Karnataka,2024-09-08
CUST06046,Sneha Desai,Male,64,Chennai,Tamil Nadu,2023-01-22
CUST06047,Rohan Mehta,Other,20,Lucknow,Uttar Pradesh,2023-02-02
CUST06048,Aditi Desai,Female,22,Pune,Maharashtra,2025-07-17
CUST06049,Isha Gupta,Other,49,Bangalore,Karnataka,2025-07-13
CUST06050,Sneha Mishra,Female,60,Chennai,Tamil Nadu,2024-10-13
CUST06051,Aditi Nair,Other,33,Pune,Maharashtra,2023-12-27
CUST06052,Ananya Desai,Other,27,Lucknow,Uttar Pradesh,2025-10-06
CUST06053,Aditi Nair,Female,35,Kolkata,West Bengal,2025-06-26
CUST06054,Aman Shah,Female,32,Lucknow,Uttar Pradesh,2024-02-07
CUST06055,Aman Desai,Female,38,Lucknow,Uttar Pradesh,2023-02-09
CUST06056,Rohan Nair,Other,40,Lucknow,Uttar Pradesh,2024-01-11
CUST06057,Priya Kulkarni,Female,47,Ahmedabad,Gujarat,2024-03-31
CUST06058,Rohan Shah,Male,33,Jaipur,Rajasthan,2023-07-21
CUST06059,Aarav Jain,Female,39,Ahmedabad,Gujarat,2024-04-21
CUST06060,Sneha Khan,Male,32,Hyderabad,Telangana,2023-04-14
CUST06061,Pooja Gupta,Male,36,Delhi,Delhi,2024-01-02
CUST06062,Riya Jain,Other,54,Pune,Maharashtra,2023-02-14
CUST06063,Simran Joshi,Male,21,Hyderabad,Telangana,2025-07-28
CUST06064,Sneha Shah,Female,22,Chennai,Tamil Nadu,2023-04-02
CUST06065,Vikram Sharma,Male,38,Bangalore,Karnataka,2024-05-24
CUST06066,Ananya Mishra,Other,23,Mumbai,Maharashtra,2025-09-25
CUST06067,Neha Joshi,Female,21,Chennai,Tamil Nadu,2025-12-30
CUST06068,Aman Gupta,Male,27,Mumbai,Maharashtra,2024-07-13
CUST06069,Isha Joshi,Male,23,Kolkata,West Bengal,2024-09-17
CUST06070,Aman Singh,Female,23,Bangalore,Karnataka,2025-01-30
CUST06071,Rahul Joshi,Male,49,Hyderabad,Telangana,2025-11-11
CUST06072,Yash Patel,Male,64,Lucknow,Uttar Pradesh,2023-07-06
CUST06073,Neha Jain,Other,65,Mumbai,Maharashtra,2024-12-16
CUST06074,Sneha Nair,Male,57,Pune,Maharashtra,2024-06-04
CUST06075,Riya Patel,Female,40,Chennai,Tamil Nadu,2025-10-15
CUST06076,Riya Patel,Male,29,Kolkata,West Bengal,2025-06-04
CUST06077,Yash Khan,Female,33,Bangalore,Karnataka,2024-07-22
CUST06078,Aarav Mishra,Other,44,Kolkata,West Bengal,2023-09-04
CUST06079,Rahul Mishra,Other,45,Delhi,Delhi,2025-01-16
CUST06080,Sneha Joshi,Male,47,Bangalore,Karnataka,2023-01-19
CUST06081,Pooja Patel,Female,27,Chennai,Tamil Nadu,2023-03-27
CUST06082,Aditi Joshi,Other,40,Lucknow,Uttar Pradesh,2025-02-28
CUST06083,Pooja Singh,Male,37,Ahmedabad,Gujarat,2025-08-01
CUST06084,Rohan Khan,Male,50,Hyderabad,Telangana,2025-05-15
CUST06085,Aditi Nair,Male,20,Lucknow,Uttar Pradesh,2023-03-19
CUST06086,Arjun Jain,Other,24,Pune,Maharashtra,2025-05-05
CUST06087,Aditi Nair,Female,50,Hyderabad,Telangana,2023-11-01
CUST06088,Yash Kulkarni,Other,56,Jaipur,Rajasthan,2023-07-21
CUST06089,Rohan Sharma,Other,25,Pune,Maharashtra,2025-03-11
CUST06090,Vikram Shah,Male,44,Jaipur,Rajasthan,2025-12-07
CUST06091,Yash Verma,Male,51,Jaipur,Rajasthan,2024-12-22
CUST06092,Neha Jain,Female,58,Kolkata,West Bengal,2023-04-04
CUST06093,Aditi Khan,Female,43,Lucknow,Uttar Pradesh,2025-02-20
CUST06094,Simran Kulkarni,Female,29,Bangalore,Karnataka,2025-02-17
CUST06095,Yash Sharma,Male,63,Mumbai,Maharashtra,2025-09-08
CUST06096,Riya Mehta,Other,60,Mumbai,Maharashtra,2023-08-18
CUST06097,Isha Verma,Female,31,Bangalore,Karnataka,2024-01-31
CUST06098,Neha Desai,Female,51,Pune,Maharashtra,2023-02-06
CUST06099,Sneha Nair,Male,21,Mumbai,Maharashtra,2025-12-28
CUST06100,Vikram Singh,Other,55,Ahmedabad,Gujarat,2025-12-01
CUST06101,Aman Joshi,Female,36,Delhi,Delhi,2024-06-06
CUST06102,Shreya Kulkarni,Female,23,Hyderabad,Telangana,2025-04-23
CUST06103,Karan Desai,Other,20,Ahmedabad,Gujarat,2024-06-23
CUST06104,Pooja Desai,Other,44,Jaipur,Rajasthan,2025-11-20
CUST06105,Kabir Joshi,Female,24,Delhi,Delhi,2024-11-22
CUST06106,Arjun Desai,Female,20,Pune,Maharashtra,2024-12-26
CUST06107,Neha Khan,Female,31,Lucknow,Uttar Pradesh,2025-01-18
CUST06108,Isha Shah,Male,58,Delhi,Delhi,2025-10-28
CUST06109,Kabir Shah,Male,64,Lucknow,Uttar Pradesh,2023-10-28
CUST06110,Aditi Mehta,Female,45,Chennai,Tamil Nadu,2025-12-19
CUST06111,Aditya Rao,Female,63,Hyderabad,Telangana,2024-05-06
CUST06112,Riya Verma,Other,30,Hyderabad,Telangana,2023-02-07
CUST06113,Ananya Desai,Male,55,Ahmedabad,Gujarat,2025-09-12
CUST06114,Priya Mishra,Female,36,Kolkata,West Bengal,2023-08-09
CUST06115,Simran Verma,Male,27,Bangalore,Karnataka,2023-01-26
CUST06116,Karan Khan,Female,36,Mumbai,Maharashtra,2023-10-11
CUST06117,Aditya Joshi,Female,36,Mumbai,Maharashtra,2023-04-29
CUST06118,Aman Sharma,Other,54,Jaipur,Rajasthan,2023-03-16
CUST06119,Aman Jain,Other,49,Jaipur,Rajasthan,2024-03-03
CUST06120,Vikram Khan,Other,50,Ahmedabad,Gujarat,2024-04-30
CUST06121,Riya Mehta,Male,43,Pune,Maharashtra,2025-02-12
CUST06122,Rohan Sharma,Male,51,Hyderabad,Telangana,2024-07-31
CUST06123,Sneha Rao,Male,55,Mumbai,Maharashtra,2023-02-26
CUST06124,Arjun Gupta,Male,57,Hyderabad,Telangana,2024-10-02
CUST06125,Isha Singh,Female,62,Hyderabad,Telangana,2023-02-06
CUST06126,Karan Patel,Female,35,Ahmedabad,Gujarat,2025-04-25
CUST06127,Pooja Rao,Other,57,Kolkata,West Bengal,2023-11-09
CUST06128,Riya Nair,Male,51,Hyderabad,Telangana,2025-01-05
CUST06129,Shreya Rao,Male,39,Kolkata,West Bengal,2023-11-18
CUST06130,Rahul Verma,Male,18,Chennai,Tamil Nadu,2025-04-07
CUST06131,Priya Mehta,Male,32,Hyderabad,Telangana,2023-03-18
CUST06132,Isha Sharma,Other,47,Chennai,Tamil Nadu,2025-02-21
CUST06133,Kabir Mishra,Female,23,Delhi,Delhi,2024-01-13
CUST06134,Neha Kulkarni,Female,24,Lucknow,Uttar Pradesh,2023-03-31
CUST06135,Yash Mishra,Male,39,Bangalore,Karnataka,2025-11-04
CUST06136,Arjun Desai,Male,63,Kolkata,West Bengal,2025-06-02
CUST06137,Simran Rao,Male,55,Delhi,Delhi,2024-01-04
CUST06138,Rahul Verma,Female,49,Jaipur,Rajasthan,2024-08-24
CUST06139,Shreya Sharma,Male,44,Lucknow,Uttar Pradesh,2025-02-20
CUST06140,Arjun Joshi,Female,57,Bangalore,Karnataka,2025-08-28
CUST06141,Aditya Mishra,Female,37,Jaipur,Rajasthan,2024-07-31
CUST06142,Rahul Sharma,Female,62,Bangalore,Karnataka,2023-11-24
CUST06143,Simran Mehta,Male,64,Pune,Maharashtra,2025-03-15
CUST06144,Arjun Shah,Female,22,Ahmedabad,Gujarat,2024-04-25
CUST06145,Isha Joshi,Male,25,Mumbai,Maharashtra,2024-04-08
CUST06146,Simran Sharma,Other,42,Bangalore,Karnataka,2025-02-17
CUST06147,Aman Rao,Male,56,Delhi,Delhi,2024-06-23
CUST06148,Sneha Khan,Male,42,Lucknow,Uttar Pradesh,2025-04-17
CUST06149,Arjun Sharma,Male,50,Pune,Maharashtra,2025-07-19
CUST06150,Aman Mishra,Other,57,Delhi,Delhi,2023-07-28
CUST06151,Rahul Nair,Other,61,Chennai,Tamil Nadu,2025-02-13
CUST06152,Shreya Mehta,Female,53,Pune,Maharashtra,2025-09-22
CUST06153,Simran Khan,Male,20,Hyderabad,Telangana,2024-08-15
CUST06154,Sneha Gupta,Male,30,Delhi,Delhi,2024-07-29
CUST06155,Arjun Kulkarni,Other,58,Delhi,Delhi,2023-08-16
CUST06156,Ananya Gupta,Male,62,Mumbai,Maharashtra,2024-12-01
CUST06157,Sneha Mehta,Female,55,Chennai,Tamil Nadu,2023-08-26
CUST06158,Aarav Gupta,Male,50,Pune,Maharashtra,2025-07-11
CUST06159,Neha Desai,Male,42,Mumbai,Maharashtra,2024-07-16
CUST06160,Kabir Patel,Female,51,Pune,Maharashtra,2025-10-27
CUST06161,Rohan Patel,Male,34,Mumbai,Maharashtra,2024-02-10
CUST06162,Neha Rao,Female,48,Kolkata,West Bengal,2024-07-10
CUST06163,Rahul Rao,Female,60,Bangalore,Karnataka,2025-07-26
CUST06164,Riya Singh,Female,64,Pune,Maharashtra,2023-04-22
CUST06165,Karan Sharma,Female,34,Hyderabad,Telangana,2024-03-15
CUST06166,Karan Singh,Female,18,Lucknow,Uttar Pradesh,2025-12-11
CUST06167,Shreya Shah,Other,32,Hyderabad,Telangana,2023-08-07
CUST06168,Vikram Nair,Male,29,Lucknow,Uttar Pradesh,2024-08-14
CUST06169,Vikram Gupta,Female,19,Delhi,Delhi,2023-01-09
CUST06170,Sneha Mehta,Female,32,Kolkata,West Bengal,2025-07-12
CUST06171,Arjun Nair,Female,49,Jaipur,Rajasthan,2023-04-04
CUST06172,Vikram Shah,Male,19,Delhi,Delhi,2023-03-16
CUST06173,Simran Singh,Female,44,Kolkata,West Bengal,2024-11-11
CUST06174,Ananya Mehta,Female,20,Chennai,Tamil Nadu,2024-04-07
CUST06175,Vikram Jain,Male,35,Pune,Maharashtra,2023-02-13
CUST06176,Kabir Gupta,Female,56,Jaipur,Rajasthan,2025-03-30
CUST06177,Isha Jain,Other,58,Jaipur,Rajasthan,2025-02-14
CUST06178,Aman Mishra,Other,34,Jaipur,Rajasthan,2024-07-10
CUST06179,Yash Patel,Other,33,Ahmedabad,Gujarat,2023-01-25
CUST06180,Vikram Rao,Male,47,Delhi,Delhi,2023-02-21
CUST06181,Kabir Sharma,Female,32,Delhi,Delhi,2025-06-29
CUST06182,Riya Joshi,Other,30,Lucknow,Uttar Pradesh,2024-09-26
CUST06183,Rohan Mishra,Other,24,Mumbai,Maharashtra,2025-06-28
CUST06184,Ananya Jain,Male,54,Delhi,Delhi,2025-06-24
CUST06185,Pooja Mishra,Female,57,Mumbai,Maharashtra,2023-03-16
CUST06186,Aarav Mehta,Female,36,Delhi,Delhi,2024-07-02
CUST06187,Arjun Rao,Other,45,Chennai,Tamil Nadu,2024-11-15
CUST06188,Kabir Gupta,Male,60,Hyderabad,Telangana,2024-04-20
CUST06189,Yash Gupta,Other,39,Lucknow,Uttar Pradesh,2025-04-13
CUST06190,Neha Mehta,Female,61,Hyderabad,Telangana,2023-08-12
CUST06191,Aarav Mishra,Female,33,Hyderabad,Telangana,2024-04-24
CUST06192,Aarav Jain,Other,62,Mumbai,Maharashtra,2024-09-29
CUST06193,Aman Singh,Other,43,Bangalore,Karnataka,2025-02-26
CUST06194,Neha Shah,Other,57,Kolkata,West Bengal,2023-08-17
CUST06195,Riya Khan,Male,47,Ahmedabad,Gujarat,2024-04-27
CUST06196,Rohan Singh,Other,27,Pune,Maharashtra,2025-05-25
CUST06197,Karan Kulkarni,Male,65,Ahmedabad,Gujarat,2023-11-08
CUST06198,Simran Mishra,Female,39,Chennai,Tamil Nadu,2025-12-13
CUST06199,Sneha Mishra,Female,60,Lucknow,Uttar Pradesh,2023-11-11
CUST06200,Vikram Kulkarni,Female,62,Ahmedabad,Gujarat,2023-07-09
CUST06201,Arjun Jain,Other,30,Hyderabad,Telangana,2024-07-14
CUST06202,Ananya Jain,Female,20,Ahmedabad,Gujarat,2025-03-10
CUST06203,Pooja Sharma,Other,59,Chennai,Tamil Nadu,2025-01-15
CUST06204,Ananya Verma,Female,56,Hyderabad,Telangana,2024-10-16
CUST06205,Rahul Patel,Male,39,Delhi,Delhi,2025-03-06
CUST06206,Aarav Desai,Female,34,Lucknow,Uttar Pradesh,2024-01-20
CUST06207,Vikram Gupta,Other,52,Kolkata,West Bengal,2024-03-03
CUST06208,Shreya Verma,Female,60,Mumbai,Maharashtra,2023-07-28
CUST06209,Aditya Joshi,Male,56,Ahmedabad,Gujarat,2023-01-11
CUST06210,Sneha Gupta,Other,24,Bangalore,Karnataka,2025-08-31
CUST06211,Simran Desai,Female,38,Kolkata,West Bengal,2023-11-06
CUST06212,Rahul Singh,Male,57,Mumbai,Maharashtra,2024-11-05
CUST06213,Priya Desai,Male,60,Mumbai,Maharashtra,2023-01-15
CUST06214,Arjun Rao,Male,38,Delhi,Delhi,2023-04-24
CUST06215,Pooja Patel,Other,47,Kolkata,West Bengal,2023-05-25
CUST06216,Rohan Kulkarni,Other,57,Pune,Maharashtra,2024-05-31
CUST06217,Yash Patel,Male,18,Bangalore,Karnataka,2023-06-29
CUST06218,Aditi Khan,Male,59,Jaipur,Rajasthan,2025-11-14
CUST06219,Rohan Kulkarni,Other,57,Pune,Maharashtra,2025-02-07
CUST06220,Aditi Rao,Female,26,Jaipur,Rajasthan,2025-04-09
CUST06221,Rohan Khan,Male,34,Hyderabad,Telangana,2023-05-31
CUST06222,Karan Kulkarni,Other,47,Delhi,Delhi,2025-10-08
CUST06223,Sneha Khan,Female,64,Kolkata,West Bengal,2025-01-13
CUST06224,Pooja Patel,Male,22,Lucknow,Uttar Pradesh,2023-10-11
CUST06225,Yash Kulkarni,Male,44,Bangalore,Karnataka,2023-10-14
CUST06226,Rohan Rao,Other,43,Delhi,Delhi,2025-12-13
CUST06227,Isha Patel,Male,58,Ahmedabad,Gujarat,2025-02-26
CUST06228,Sneha Mishra,Male,44,Mumbai,Maharashtra,2023-11-15
CUST06229,Karan Rao,Other,33,Delhi,Delhi,2025-06-12
CUST06230,Pooja Kulkarni,Other,57,Hyderabad,Telangana,2024-10-10
CUST06231,Aman Patel,Female,35,Kolkata,West Bengal,2025-08-05
CUST06232,Aarav Mishra,Male,54,Hyderabad,Telangana,2023-10-29
CUST06233,Arjun Nair,Other,29,Lucknow,Uttar Pradesh,2024-04-12
CUST06234,Aditya Mehta,Other,43,Jaipur,Rajasthan,2023-11-02
CUST06235,Kabir Jain,Female,56,Delhi,Delhi,2023-12-25
CUST06236,Sneha Verma,Other,57,Lucknow,Uttar Pradesh,2024-06-16
CUST06237,Aman Joshi,Female,29,Bangalore,Karnataka,2024-01-17
CUST06238,Shreya Desai,Female,61,Pune,Maharashtra,2024-06-12
CUST06239,Yash Gupta,Other,64,Hyderabad,Telangana,2025-05-29
CUST06240,Simran Desai,Male,22,Jaipur,Rajasthan,2023-08-20
CUST06241,Isha Rao,Male,45,Hyderabad,Telangana,2024-03-28
CUST06242,Karan Sharma,Male,38,Lucknow,Uttar Pradesh,2025-11-30
CUST06243,Simran Verma,Female,38,Ahmedabad,Gujarat,2023-06-24
CUST06244,Neha Singh,Other,28,Mumbai,Maharashtra,2025-03-06
CUST06245,Riya Kulkarni,Male,40,Ahmedabad,Gujarat,2023-04-17
CUST06246,Aman Patel,Other,64,Bangalore,Karnataka,2023-02-02
CUST06247,Karan Desai,Male,25,Hyderabad,Telangana,2025-08-16
CUST06248,Pooja Mehta,Other,19,Kolkata,West Bengal,2025-03-20
CUST06249,Rohan Mehta,Other,37,Hyderabad,Telangana,2024-10-25
CUST06250,Arjun Kulkarni,Other,38,Mumbai,Maharashtra,2023-12-25
CUST06251,Neha Khan,Female,32,Lucknow,Uttar Pradesh,2025-09-29
CUST06252,Kabir Jain,Other,40,Lucknow,Uttar Pradesh,2024-02-05
CUST06253,Riya Mishra,Female,22,Lucknow,Uttar Pradesh,2024-10-08
CUST06254,Aman Khan,Other,46,Bangalore,Karnataka,2024-06-05
CUST06255,Karan Khan,Male,48,Delhi,Delhi,2023-05-31
CUST06256,Rohan Desai,Male,63,Ahmedabad,Gujarat,2023-01-25
CUST06257,Yash Desai,Female,59,Bangalore,Karnataka,2024-12-28
CUST06258,Kabir Mishra,Male,28,Kolkata,West Bengal,2023-08-02
CUST06259,Neha Kulkarni,Male,31,Pune,Maharashtra,2023-11-25
CUST06260,Aarav Rao,Female,43,Mumbai,Maharashtra,2023-03-29
CUST06261,Sneha Sharma,Other,28,Jaipur,Rajasthan,2023-10-27
CUST06262,Karan Khan,Other,47,Jaipur,Rajasthan,2023-10-13
CUST06263,Sneha Jain,Male,48,Bangalore,Karnataka,2023-08-15
CUST06264,Yash Kulkarni,Male,58,Hyderabad,Telangana,2023-06-20
CUST06265,Kabir Shah,Female,52,Kolkata,West Bengal,2024-12-24
CUST06266,Neha Mehta,Female,26,Bangalore,Karnataka,2023-01-06
CUST06267,Aarav Patel,Male,53,Lucknow,Uttar Pradesh,2025-07-08
CUST06268,Isha Mehta,Female,61,Jaipur,Rajasthan,2025-08-20
CUST06269,Arjun Desai,Other,62,Bangalore,Karnataka,2025-09-30
CUST06270,Pooja Rao,Female,22,Hyderabad,Telangana,2025-03-21
CUST06271,Priya Singh,Female,23,Chennai,Tamil Nadu,2024-12-24
CUST06272,Aarav Sharma,Male,50,Chennai,Tamil Nadu,2023-06-15
CUST06273,Ananya Singh,Other,26,Pune,Maharashtra,2024-06-08
CUST06274,Rahul Desai,Other,21,Bangalore,Karnataka,2024-03-01
CUST06275,Aarav Shah,Female,26,Kolkata,West Bengal,2023-01-22
CUST06276,Rahul Shah,Male,65,Chennai,Tamil Nadu,2023-03-20
CUST06277,Yash Shah,Other,35,Mumbai,Maharashtra,2024-01-25
CUST06278,Rahul Jain,Female,39,Pune,Maharashtra,2024-02-09
CUST06279,Rohan Singh,Other,27,Delhi,Delhi,2025-06-09
CUST06280,Simran Sharma,Female,63,Lucknow,Uttar Pradesh,2023-08-18
CUST06281,Vikram Shah,Female,57,Delhi,Delhi,2025-05-14
CUST06282,Vikram Mishra,Other,61,Jaipur,Rajasthan,2025-08-23
CUST06283,Isha Sharma,Male,34,Hyderabad,Telangana,2024-02-27
CUST06284,Neha Gupta,Male,42,Pune,Maharashtra,2023-05-12
CUST06285,Ananya Desai,Other,47,Kolkata,West Bengal,2024-06-24
CUST06286,Aarav Sharma,Female,65,Jaipur,Rajasthan,2024-08-11
CUST06287,Aditya Kulkarni,Female,64,Mumbai,Maharashtra,2023-07-24
CUST06288,Ananya Verma,Male,55,Kolkata,West Bengal,2024-09-05
CUST06289,Pooja Mishra,Male,55,Bangalore,Karnataka,2025-11-22
CUST06290,Rahul Gupta,Female,18,Delhi,Delhi,2023-09-01
CUST06291,Aditya Mishra,Other,54,Mumbai,Maharashtra,2025-04-15
CUST06292,Pooja Patel,Female,28,Hyderabad,Telangana,2023-09-08
CUST06293,Aditya Joshi,Other,28,Bangalore,Karnataka,2024-05-15
CUST06294,Rahul Khan,Female,50,Jaipur,Rajasthan,2023-04-09
CUST06295,Simran Shah,Other,37,Ahmedabad,Gujarat,2025-06-30
CUST06296,Sneha Joshi,Other,63,Pune,Maharashtra,2023-04-28
CUST06297,Isha Verma,Female,65,Kolkata,West Bengal,2023-12-24
CUST06298,Rohan Singh,Male,23,Chennai,Tamil Nadu,2023-04-06
CUST06299,Ananya Jain,Female,38,Chennai,Tamil Nadu,2023-11-22
CUST06300,Yash Khan,Female,46,Kolkata,West Bengal,2024-01-07
CUST06301,Simran Kulkarni,Female,20,Jaipur,Rajasthan,2023-12-29
CUST06302,Sneha Patel,Other,55,Ahmedabad,Gujarat,2024-07-19
CUST06303,Aarav Shah,Female,52,Mumbai,Maharashtra,2024-06-05
CUST06304,Yash Sharma,Male,52,Lucknow,Uttar Pradesh,2025-08-22
CUST06305,Pooja Patel,Male,56,Pune,Maharashtra,2023-09-26
CUST06306,Sneha Joshi,Other,64,Chennai,Tamil Nadu,2024-08-27
CUST06307,Neha Singh,Female,65,Bangalore,Karnataka,2023-04-03
CUST06308,Neha Singh,Female,46,Kolkata,West Bengal,2025-06-26
CUST06309,Riya Singh,Male,61,Lucknow,Uttar Pradesh,2023-06-30
CUST06310,Rohan Rao,Male,63,Ahmedabad,Gujarat,2024-04-02
CUST06311,Isha Rao,Female,27,Chennai,Tamil Nadu,2025-08-15
CUST06312,Kabir Mishra,Other,24,Pune,Maharashtra,2024-10-27
CUST06313,Arjun Desai,Other,54,Mumbai,Maharashtra,2024-12-31
CUST06314,Kabir Jain,Female,60,Mumbai,Maharashtra,2023-08-12
CUST06315,Priya Mehta,Male,42,Delhi,Delhi,2024-02-25
CUST06316,Yash Singh,Male,50,Kolkata,West Bengal,2023-05-05
CUST06317,Rohan Gupta,Other,65,Ahmedabad,Gujarat,2025-06-05
CUST06318,Arjun Mehta,Other,57,Jaipur,Rajasthan,2025-11-23
CUST06319,Sneha Sharma,Female,24,Ahmedabad,Gujarat,2024-07-29
CUST06320,Ananya Nair,Other,56,Hyderabad,Telangana,2025-09-08
CUST06321,Rahul Verma,Other,43,Delhi,Delhi,2024-11-03
CUST06322,Aditi Jain,Other,61,Hyderabad,Telangana,2024-03-08
CUST06323,Riya Nair,Other,40,Jaipur,Rajasthan,2025-11-29
CUST06324,Rahul Kulkarni,Female,50,Chennai,Tamil Nadu,2025-11-14
CUST06325,Ananya Kulkarni,Other,47,Pune,Maharashtra,2024-04-25
CUST06326,Vikram Nair,Other,54,Hyderabad,Telangana,2023-04-15
CUST06327,Aarav Khan,Male,49,Mumbai,Maharashtra,2025-08-21
CUST06328,Aman Gupta,Female,38,Lucknow,Uttar Pradesh,2024-08-31
CUST06329,Kabir Khan,Female,25,Pune,Maharashtra,2024-09-26
CUST06330,Aditi Verma,Other,45,Kolkata,West Bengal,2023-12-15
CUST06331,Rahul Desai,Other,32,Chennai,Tamil Nadu,2024-08-06
CUST06332,Isha Rao,Other,24,Ahmedabad,Gujarat,2024-12-27
CUST06333,Vikram Sharma,Female,55,Pune,Maharashtra,2024-05-25
CUST06334,Yash Shah,Female,58,Lucknow,Uttar Pradesh,2025-11-22
CUST06335,Aman Nair,Other,63,Mumbai,Maharashtra,2025-08-04
CUST06336,Aman Desai,Female,46,Chennai,Tamil Nadu,2025-11-02
CUST06337,Yash Rao,Female,44,Hyderabad,Telangana,2025-10-14
CUST06338,Simran Patel,Other,37,Kolkata,West Bengal,2025-09-03
CUST06339,Rohan Gupta,Other,31,Mumbai,Maharashtra,2025-09-28
CUST06340,Aditi Verma,Female,42,Delhi,Delhi,2025-08-12
CUST06341,Ananya Jain,Other,19,Hyderabad,Telangana,2024-10-09
CUST06342,Aarav Verma,Male,42,Jaipur,Rajasthan,2025-12-30
CUST06343,Aman Mehta,Male,63,Bangalore,Karnataka,2024-01-26
CUST06344,Yash Joshi,Male,30,Pune,Maharashtra,2023-01-28
CUST06345,Pooja Singh,Male,53,Lucknow,Uttar Pradesh,2024-11-27
CUST06346,Aditya Khan,Male,23,Mumbai,Maharashtra,2024-01-19
CUST06347,Rahul Jain,Male,28,Kolkata,West Bengal,2024-10-07
CUST06348,Kabir Shah,Male,36,Chennai,Tamil Nadu,2024-11-08
CUST06349,Shreya Verma,Other,62,Bangalore,Karnataka,2024-06-21
CUST06350,Aditi Shah,Male,35,Bangalore,Karnataka,2023-09-20
CUST06351,Riya Verma,Female,57,Delhi,Delhi,2024-08-21
CUST06352,Aditya Jain,Other,40,Mumbai,Maharashtra,2024-05-12
CUST06353,Aditya Joshi,Male,27,Chennai,Tamil Nadu,2025-07-13
CUST06354,Aditi Sharma,Female,34,Kolkata,West Bengal,2023-08-21
CUST06355,Arjun Shah,Female,41,Kolkata,West Bengal,2024-09-25
CUST06356,Aman Gupta,Male,28,Ahmedabad,Gujarat,2025-03-13
CUST06357,Ananya Kulkarni,Other,56,Lucknow,Uttar Pradesh,2024-05-25
CUST06358,Arjun Khan,Other,64,Bangalore,Karnataka,2025-09-05
CUST06359,Aarav Mishra,Male,46,Kolkata,West Bengal,2024-10-27
CUST06360,Vikram Patel,Male,52,Bangalore,Karnataka,2023-12-12
CUST06361,Sneha Khan,Female,36,Mumbai,Maharashtra,2025-01-16
CUST06362,Isha Desai,Male,60,Jaipur,Rajasthan,2024-12-23
CUST06363,Aarav Jain,Female,38,Pune,Maharashtra,2025-01-29
CUST06364,Aditya Singh,Male,44,Chennai,Tamil Nadu,2023-04-15
CUST06365,Rohan Nair,Male,49,Chennai,Tamil Nadu,2025-05-27
CUST06366,Riya Verma,Male,32,Jaipur,Rajasthan,2024-09-30
CUST06367,Rahul Verma,Other,64,Kolkata,West Bengal,2024-01-28
CUST06368,Shreya Sharma,Male,19,Pune,Maharashtra,2025-04-21
CUST06369,Yash Mehta,Other,42,Hyderabad,Telangana,2025-03-30
CUST06370,Rahul Desai,Male,61,Lucknow,Uttar Pradesh,2023-02-05
CUST06371,Priya Mehta,Female,39,Mumbai,Maharashtra,2025-06-28
CUST06372,Aarav Desai,Other,20,Delhi,Delhi,2025-07-26
CUST06373,Pooja Khan,Other,22,Ahmedabad,Gujarat,2023-02-18
CUST06374,Aditya Khan,Male,21,Delhi,Delhi,2023-12-20
CUST06375,Rohan Singh,Female,57,Hyderabad,Telangana,2024-06-01
CUST06376,Aditi Verma,Male,25,Kolkata,West Bengal,2025-09-01
CUST06377,Vikram Mehta,Other,33,Delhi,Delhi,2024-02-01
CUST06378,Sneha Singh,Other,42,Delhi,Delhi,2023-11-19
CUST06379,Shreya Mehta,Female,32,Delhi,Delhi,2023-01-06
CUST06380,Aarav Verma,Male,44,Delhi,Delhi,2023-11-23
CUST06381,Aditi Mishra,Male,50,Mumbai,Maharashtra,2023-09-15
CUST06382,Sneha Khan,Other,35,Ahmedabad,Gujarat,2025-06-29
CUST06383,Priya Verma,Female,57,Mumbai,Maharashtra,2024-10-08
CUST06384,Simran Joshi,Male,53,Ahmedabad,Gujarat,2025-06-30
CUST06385,Rahul Sharma,Male,28,Kolkata,West Bengal,2024-02-01
CUST06386,Yash Mishra,Male,44,Mumbai,Maharashtra,2023-06-12
CUST06387,Aman Kulkarni,Female,44,Mumbai,Maharashtra,2024-08-19
CUST06388,Pooja Joshi,Male,65,Jaipur,Rajasthan,2024-10-25
CUST06389,Karan Verma,Other,44,Kolkata,West Bengal,2023-01-27
CUST06390,Aarav Khan,Female,27,Kolkata,West Bengal,2024-06-27
CUST06391,Karan Jain,Female,47,Chennai,Tamil Nadu,2023-12-29
CUST06392,Rohan Verma,Other,34,Jaipur,Rajasthan,2025-08-11
CUST06393,Riya Verma,Male,46,Jaipur,Rajasthan,2024-06-18
CUST06394,Aarav Rao,Female,38,Lucknow,Uttar Pradesh,2024-07-12
CUST06395,Riya Verma,Female,23,Ahmedabad,Gujarat,2023-04-19
CUST06396,Rahul Jain,Other,56,Lucknow,Uttar Pradesh,2025-11-18
CUST06397,Kabir Jain,Male,43,Bangalore,Karnataka,2024-09-19
CUST06398,Yash Sharma,Other,27,Lucknow,Uttar Pradesh,2023-10-07
CUST06399,Vikram Khan,Female,25,Delhi,Delhi,2025-02-12
CUST06400,Kabir Sharma,Male,49,Mumbai,Maharashtra,2024-11-30
CUST06401,Arjun Khan,Male,39,Jaipur,Rajasthan,2025-05-18
CUST06402,Vikram Nair,Male,30,Kolkata,West Bengal,2025-11-21
CUST06403,Arjun Nair,Female,48,Kolkata,West Bengal,2025-02-13
CUST06404,Aman Mishra,Male,47,Chennai,Tamil Nadu,2023-05-12
CUST06405,Aman Kulkarni,Male,34,Hyderabad,Telangana,2023-09-10
CUST06406,Rahul Kulkarni,Female,61,Chennai,Tamil Nadu,2024-05-02
CUST06407,Karan Patel,Male,54,Kolkata,West Bengal,2023-02-06
CUST06408,Shreya Patel,Other,19,Lucknow,Uttar Pradesh,2024-06-19
CUST06409,Yash Verma,Female,18,Mumbai,Maharashtra,2023-08-31
CUST06410,Yash Rao,Male,41,Kolkata,West Bengal,2025-09-22
CUST06411,Priya Sharma,Other,24,Ahmedabad,Gujarat,2025-08-15
CUST06412,Aditi Verma,Female,32,Pune,Maharashtra,2023-04-30
CUST06413,Sneha Desai,Other,46,Jaipur,Rajasthan,2025-02-02
CUST06414,Shreya Desai,Other,36,Ahmedabad,Gujarat,2023-11-07
CUST06415,Pooja Patel,Male,23,Mumbai,Maharashtra,2024-11-01
CUST06416,Aditi Jain,Male,61,Lucknow,Uttar Pradesh,2023-01-02
CUST06417,Riya Sharma,Other,65,Delhi,Delhi,2025-10-13
CUST06418,Neha Sharma,Female,21,Bangalore,Karnataka,2023-01-25
CUST06419,Rahul Joshi,Male,61,Pune,Maharashtra,2025-08-27
CUST06420,Sneha Nair,Male,23,Lucknow,Uttar Pradesh,2023-12-26
CUST06421,Aarav Khan,Female,57,Bangalore,Karnataka,2025-08-21
CUST06422,Shreya Verma,Other,62,Pune,Maharashtra,2025-08-01
CUST06423,Aditya Khan,Female,56,Hyderabad,Telangana,2025-05-14
CUST06424,Kabir Nair,Male,40,Pune,Maharashtra,2024-06-05
CUST06425,Rahul Desai,Other,59,Lucknow,Uttar Pradesh,2024-06-12
CUST06426,Priya Sharma,Female,36,Pune,Maharashtra,2023-06-20
CUST06427,Ananya Joshi,Female,20,Hyderabad,Telangana,2025-06-21
CUST06428,Neha Patel,Female,57,Hyderabad,Telangana,2024-05-03
CUST06429,Sneha Mishra,Female,65,Ahmedabad,Gujarat,2025-05-17
CUST06430,Aman Rao,Female,52,Lucknow,Uttar Pradesh,2025-07-05
CUST06431,Ananya Nair,Other,38,Kolkata,West Bengal,2023-01-10
CUST06432,Aditya Verma,Female,56,Delhi,Delhi,2025-07-26
CUST06433,Aditi Rao,Female,57,Chennai,Tamil Nadu,2025-12-02
CUST06434,Vikram Kulkarni,Female,35,Jaipur,Rajasthan,2023-06-11
CUST06435,Aman Singh,Male,31,Mumbai,Maharashtra,2025-11-21
CUST06436,Aditya Kulkarni,Female,65,Kolkata,West Bengal,2023-12-17
CUST06437,Aditi Khan,Female,34,Chennai,Tamil Nadu,2025-06-28
CUST06438,Aditya Sharma,Male,29,Lucknow,Uttar Pradesh,2025-06-13
CUST06439,Karan Joshi,Male,46,Hyderabad,Telangana,2024-10-11
CUST06440,Aman Patel,Male,62,Delhi,Delhi,2023-08-27
CUST06441,Aditi Jain,Other,22,Jaipur,Rajasthan,2025-01-31
CUST06442,Simran Gupta,Other,57,Kolkata,West Bengal,2025-05-18
CUST06443,Simran Khan,Male,22,Chennai,Tamil Nadu,2024-03-31
CUST06444,Sneha Joshi,Male,50,Lucknow,Uttar Pradesh,2025-04-23
CUST06445,Rohan Sharma,Other,35,Ahmedabad,Gujarat,2024-02-11
CUST06446,Simran Sharma,Male,60,Mumbai,Maharashtra,2023-11-16
CUST06447,Pooja Gupta,Other,49,Bangalore,Karnataka,2024-12-09
CUST06448,Rahul Sharma,Female,52,Chennai,Tamil Nadu,2024-11-10
CUST06449,Priya Mishra,Female,53,Lucknow,Uttar Pradesh,2025-11-24
CUST06450,Ananya Nair,Male,36,Lucknow,Uttar Pradesh,2023-10-16
CUST06451,Riya Khan,Female,37,Pune,Maharashtra,2024-07-27
CUST06452,Vikram Sharma,Other,33,Pune,Maharashtra,2023-12-24
CUST06453,Kabir Patel,Other,48,Ahmedabad,Gujarat,2024-05-31
CUST06454,Priya Patel,Male,47,Pune,Maharashtra,2025-05-30
CUST06455,Priya Verma,Female,40,Chennai,Tamil Nadu,2023-04-08
CUST06456,Rahul Singh,Female,45,Bangalore,Karnataka,2025-05-17
CUST06457,Shreya Jain,Other,57,Jaipur,Rajasthan,2025-11-27
CUST06458,Kabir Singh,Female,48,Jaipur,Rajasthan,2025-12-10
CUST06459,Aditya Gupta,Other,34,Pune,Maharashtra,2024-11-05
CUST06460,Kabir Rao,Male,35,Pune,Maharashtra,2023-05-22
CUST06461,Aarav Patel,Other,55,Lucknow,Uttar Pradesh,2023-10-06
CUST06462,Rohan Desai,Other,45,Mumbai,Maharashtra,2024-11-03
CUST06463,Priya Nair,Other,22,Ahmedabad,Gujarat,2024-11-12
CUST06464,Aman Shah,Male,51,Pune,Maharashtra,2025-02-10
CUST06465,Shreya Sharma,Female,51,Delhi,Delhi,2023-11-10
CUST06466,Isha Rao,Other,33,Pune,Maharashtra,2025-09-07
CUST06467,Pooja Nair,Male,22,Chennai,Tamil Nadu,2025-04-13
CUST06468,Neha Desai,Male,63,Jaipur,Rajasthan,2025-04-03
CUST06469,Rahul Nair,Female,19,Hyderabad,Telangana,2023-05-08
CUST06470,Pooja Joshi,Other,19,Lucknow,Uttar Pradesh,2024-05-31
CUST06471,Aditya Shah,Male,26,Delhi,Delhi,2025-02-14
CUST06472,Rahul Verma,Male,21,Pune,Maharashtra,2024-05-09
CUST06473,Rohan Mishra,Other,63,Ahmedabad,Gujarat,2023-12-27
CUST06474,Riya Patel,Other,59,Jaipur,Rajasthan,2025-04-27
CUST06475,Priya Gupta,Female,44,Pune,Maharashtra,2025-07-24
CUST06476,Rohan Mishra,Male,58,Delhi,Delhi,2023-08-04
CUST06477,Arjun Shah,Female,52,Jaipur,Rajasthan,2023-01-30
CUST06478,Priya Kulkarni,Female,44,Ahmedabad,Gujarat,2023-04-08
CUST06479,Arjun Joshi,Other,50,Pune,Maharashtra,2024-12-11
CUST06480,Aditya Kulkarni,Male,40,Kolkata,West Bengal,2025-02-10
CUST06481,Pooja Joshi,Other,19,Pune,Maharashtra,2023-06-13
CUST06482,Priya Khan,Male,39,Jaipur,Rajasthan,2025-12-05
CUST06483,Rahul Patel,Other,52,Bangalore,Karnataka,2025-12-07
CUST06484,Vikram Desai,Female,57,Lucknow,Uttar Pradesh,2023-03-26
CUST06485,Karan Desai,Female,29,Lucknow,Uttar Pradesh,2025-12-13
CUST06486,Simran Kulkarni,Female,46,Bangalore,Karnataka,2025-12-26
CUST06487,Aditi Joshi,Male,23,Bangalore,Karnataka,2023-04-02
CUST06488,Sneha Mishra,Male,64,Bangalore,Karnataka,2025-07-31
CUST06489,Priya Shah,Male,45,Bangalore,Karnataka,2023-02-04
CUST06490,Vikram Kulkarni,Male,46,Kolkata,West Bengal,2024-08-23
CUST06491,Riya Kulkarni,Female,52,Kolkata,West Bengal,2023-10-06
CUST06492,Aditya Mehta,Other,47,Ahmedabad,Gujarat,2023-10-22
CUST06493,Vikram Sharma,Male,50,Hyderabad,Telangana,2023-11-03
CUST06494,Riya Verma,Female,46,Jaipur,Rajasthan,2024-04-08
CUST06495,Arjun Nair,Male,60,Mumbai,Maharashtra,2025-04-12
CUST06496,Simran Shah,Other,58,Hyderabad,Telangana,2024-06-28
CUST06497,Neha Mishra,Male,39,Chennai,Tamil Nadu,2025-09-10
CUST06498,Pooja Mehta,Female,49,Hyderabad,Telangana,2023-09-22
CUST06499,Aditi Sharma,Male,39,Pune,Maharashtra,2024-11-08
CUST06500,Yash Joshi,Male,21,Lucknow,Uttar Pradesh,2025-08-20
CUST06501,Rahul Rao,Other,58,Ahmedabad,Gujarat,2024-03-27
CUST06502,Rahul Mehta,Female,19,Jaipur,Rajasthan,2024-12-06
CUST06503,Isha Nair,Male,64,Bangalore,Karnataka,2024-06-05
CUST06504,Rahul Joshi,Female,44,Chennai,Tamil Nadu,2024-11-22
CUST06505,Yash Singh,Female,59,Hyderabad,Telangana,2025-07-10
CUST06506,Aditi Gupta,Female,48,Delhi,Delhi,2023-08-01
CUST06507,Simran Kulkarni,Other,44,Delhi,Delhi,2025-01-06
CUST06508,Isha Desai,Other,43,Ahmedabad,Gujarat,2024-04-21
CUST06509,Aditya Desai,Female,35,Lucknow,Uttar Pradesh,2023-01-21
CUST06510,Yash Khan,Female,65,Pune,Maharashtra,2025-06-02
CUST06511,Sneha Shah,Other,22,Bangalore,Karnataka,2024-01-01
CUST06512,Priya Gupta,Female,52,Jaipur,Rajasthan,2024-11-07
CUST06513,Kabir Jain,Male,60,Ahmedabad,Gujarat,2023-03-01
CUST06514,Pooja Jain,Other,57,Bangalore,Karnataka,2024-05-04
CUST06515,Karan Joshi,Male,44,Lucknow,Uttar Pradesh,2024-07-25
CUST06516,Karan Sharma,Male,58,Ahmedabad,Gujarat,2025-04-24
CUST06517,Simran Singh,Male,23,Chennai,Tamil Nadu,2024-02-27
CUST06518,Rahul Nair,Male,54,Mumbai,Maharashtra,2024-04-06
CUST06519,Yash Sharma,Other,50,Delhi,Delhi,2024-05-09
CUST06520,Riya Patel,Other,32,Kolkata,West Bengal,2023-10-22
CUST06521,Sneha Joshi,Female,53,Kolkata,West Bengal,2023-04-20
CUST06522,Arjun Sharma,Male,41,Jaipur,Rajasthan,2023-02-04
CUST06523,Rohan Shah,Male,38,Ahmedabad,Gujarat,2024-07-27
CUST06524,Vikram Verma,Other,59,Mumbai,Maharashtra,2023-09-22
CUST06525,Kabir Verma,Female,22,Bangalore,Karnataka,2025-11-13
CUST06526,Aditya Jain,Other,45,Kolkata,West Bengal,2025-01-19
CUST06527,Shreya Joshi,Female,49,Ahmedabad,Gujarat,2024-08-28
CUST06528,Aditya Singh,Female,19,Chennai,Tamil Nadu,2025-01-29
CUST06529,Aditya Joshi,Male,54,Hyderabad,Telangana,2025-03-03
CUST06530,Arjun Verma,Other,41,Delhi,Delhi,2024-09-07
CUST06531,Isha Jain,Other,40,Delhi,Delhi,2024-04-04
CUST06532,Priya Nair,Other,60,Chennai,Tamil Nadu,2023-09-26
CUST06533,Neha Mehta,Other,51,Mumbai,Maharashtra,2025-07-17
CUST06534,Yash Mehta,Other,38,Delhi,Delhi,2025-03-18
CUST06535,Ananya Mishra,Male,37,Delhi,Delhi,2024-01-14
CUST06536,Neha Verma,Female,27,Pune,Maharashtra,2024-08-28
CUST06537,Aditi Rao,Other,26,Hyderabad,Telangana,2023-03-24
CUST06538,Riya Khan,Female,30,Kolkata,West Bengal,2024-06-20
CUST06539,Aarav Kulkarni,Female,21,Jaipur,Rajasthan,2023-10-17
CUST06540,Rohan Mishra,Male,64,Chennai,Tamil Nadu,2024-05-10
CUST06541,Arjun Rao,Female,18,Bangalore,Karnataka,2024-08-05
CUST06542,Priya Singh,Male,36,Hyderabad,Telangana,2025-06-12
CUST06543,Aarav Singh,Male,63,Pune,Maharashtra,2023-07-04
CUST06544,Arjun Mishra,Female,63,Jaipur,Rajasthan,2023-03-21
CUST06545,Priya Joshi,Other,54,Ahmedabad,Gujarat,2024-10-11
CUST06546,Aditi Nair,Female,56,Mumbai,Maharashtra,2024-08-01
CUST06547,Karan Patel,Male,38,Bangalore,Karnataka,2024-04-29
CUST06548,Isha Desai,Other,56,Mumbai,Maharashtra,2023-06-26
CUST06549,Arjun Rao,Female,65,Delhi,Delhi,2024-02-22
CUST06550,Sneha Gupta,Female,22,Jaipur,Rajasthan,2025-01-21
CUST06551,Rohan Shah,Other,29,Lucknow,Uttar Pradesh,2025-06-04
CUST06552,Kabir Desai,Male,29,Jaipur,Rajasthan,2025-05-01
CUST06553,Riya Shah,Male,25,Pune,Maharashtra,2023-09-21
CUST06554,Rahul Sharma,Other,63,Bangalore,Karnataka,2023-06-26
CUST06555,Rohan Kulkarni,Male,23,Delhi,Delhi,2024-04-03
CUST06556,Isha Singh,Male,57,Pune,Maharashtra,2023-03-12
CUST06557,Yash Singh,Other,22,Mumbai,Maharashtra,2025-12-17
CUST06558,Aman Desai,Female,28,Kolkata,West Bengal,2024-09-10
CUST06559,Rohan Patel,Other,54,Lucknow,Uttar Pradesh,2023-08-09
CUST06560,Aman Sharma,Male,60,Jaipur,Rajasthan,2023-11-12
CUST06561,Rohan Shah,Other,64,Chennai,Tamil Nadu,2025-03-14
CUST06562,Rohan Patel,Male,45,Ahmedabad,Gujarat,2023-11-07
CUST06563,Vikram Verma,Other,62,Mumbai,Maharashtra,2024-09-07
CUST06564,Arjun Jain,Male,59,Ahmedabad,Gujarat,2023-06-24
CUST06565,Rohan Nair,Other,25,Jaipur,Rajasthan,2023-07-08
CUST06566,Yash Rao,Male,38,Ahmedabad,Gujarat,2024-08-18
CUST06567,Aarav Patel,Male,19,Hyderabad,Telangana,2024-02-26
CUST06568,Sneha Gupta,Female,19,Pune,Maharashtra,2025-01-23
CUST06569,Riya Patel,Female,43,Pune,Maharashtra,2025-11-29
CUST06570,Neha Sharma,Female,63,Ahmedabad,Gujarat,2025-07-18
CUST06571,Rahul Joshi,Male,22,Ahmedabad,Gujarat,2023-11-08
CUST06572,Vikram Rao,Female,19,Hyderabad,Telangana,2023-08-29
CUST06573,Rohan Khan,Other,22,Ahmedabad,Gujarat,2025-10-28
CUST06574,Arjun Khan,Other,46,Mumbai,Maharashtra,2024-10-08
CUST06575,Aarav Shah,Male,21,Lucknow,Uttar Pradesh,2025-02-15
CUST06576,Pooja Desai,Male,40,Ahmedabad,Gujarat,2023-02-16
CUST06577,Shreya Singh,Other,43,Pune,Maharashtra,2025-04-04
CUST06578,Vikram Khan,Other,26,Lucknow,Uttar Pradesh,2024-05-17
CUST06579,Sneha Shah,Male,49,Ahmedabad,Gujarat,2023-05-02
CUST06580,Ananya Nair,Male,19,Chennai,Tamil Nadu,2025-12-06
CUST06581,Aman Verma,Other,21,Delhi,Delhi,2024-07-15
CUST06582,Simran Desai,Male,31,Hyderabad,Telangana,2024-05-26
CUST06583,Isha Shah,Female,52,Mumbai,Maharashtra,2025-04-11
CUST06584,Riya Gupta,Other,30,Pune,Maharashtra,2025-12-13
CUST06585,Shreya Jain,Female,39,Bangalore,Karnataka,2024-05-13
CUST06586,Shreya Nair,Male,27,Mumbai,Maharashtra,2025-10-06
CUST06587,Yash Mishra,Other,41,Chennai,Tamil Nadu,2023-10-17
CUST06588,Simran Joshi,Female,25,Pune,Maharashtra,2024-12-30
CUST06589,Rohan Singh,Male,31,Delhi,Delhi,2025-05-11
CUST06590,Isha Kulkarni,Female,49,Bangalore,Karnataka,2024-04-26
CUST06591,Simran Kulkarni,Male,43,Hyderabad,Telangana,2025-09-28
CUST06592,Aman Mishra,Male,52,Hyderabad,Telangana,2023-10-25
CUST06593,Aarav Sharma,Female,34,Pune,Maharashtra,2024-04-27
CUST06594,Kabir Joshi,Female,44,Jaipur,Rajasthan,2024-09-29
CUST06595,Karan Kulkarni,Other,35,Kolkata,West Bengal,2025-09-09
CUST06596,Ananya Desai,Male,26,Hyderabad,Telangana,2025-10-02
CUST06597,Aditi Desai,Female,39,Hyderabad,Telangana,2023-08-05
CUST06598,Neha Jain,Female,43,Bangalore,Karnataka,2025-06-24
CUST06599,Aditi Patel,Other,37,Pune,Maharashtra,2025-01-03
CUST06600,Aarav Kulkarni,Other,35,Delhi,Delhi,2023-08-16
CUST06601,Karan Rao,Female,29,Delhi,Delhi,2025-01-27
CUST06602,Simran Patel,Other,42,Pune,Maharashtra,2024-03-14
CUST06603,Arjun Patel,Male,24,Kolkata,West Bengal,2025-02-19
CUST06604,Isha Desai,Female,22,Mumbai,Maharashtra,2024-02-11
CUST06605,Arjun Kulkarni,Female,65,Lucknow,Uttar Pradesh,2023-12-07
CUST06606,Aarav Rao,Female,63,Chennai,Tamil Nadu,2024-11-30
CUST06607,Karan Desai,Male,65,Chennai,Tamil Nadu,2024-06-12
CUST06608,Vikram Kulkarni,Other,34,Hyderabad,Telangana,2025-02-16
CUST06609,Sneha Verma,Female,19,Ahmedabad,Gujarat,2023-07-03
CUST06610,Rohan Gupta,Female,39,Pune,Maharashtra,2024-10-06
CUST06611,Aman Joshi,Male,18,Kolkata,West Bengal,2025-05-18
CUST06612,Sneha Sharma,Other,44,Delhi,Delhi,2023-07-09
CUST06613,Rahul Mehta,Male,51,Ahmedabad,Gujarat,2023-11-03
CUST06614,Vikram Rao,Female,61,Lucknow,Uttar Pradesh,2025-08-23
CUST06615,Rahul Nair,Other,31,Delhi,Delhi,2025-06-30
CUST06616,Vikram Rao,Other,41,Jaipur,Rajasthan,2024-04-19
CUST06617,Aditi Singh,Male,55,Chennai,Tamil Nadu,2025-07-12
CUST06618,Rohan Gupta,Female,61,Mumbai,Maharashtra,2023-06-24
CUST06619,Neha Sharma,Male,30,Jaipur,Rajasthan,2023-08-21
CUST06620,Pooja Rao,Male,35,Pune,Maharashtra,2023-02-09
CUST06621,Yash Khan,Male,65,Pune,Maharashtra,2024-07-11
CUST06622,Riya Mishra,Male,62,Ahmedabad,Gujarat,2023-03-11
CUST06623,Pooja Mehta,Other,60,Ahmedabad,Gujarat,2024-11-08
CUST06624,Aman Joshi,Male,56,Delhi,Delhi,2024-09-16
CUST06625,Neha Gupta,Female,54,Pune,Maharashtra,2025-03-03
CUST06626,Aditya Gupta,Other,62,Bangalore,Karnataka,2023-06-23
CUST06627,Riya Mishra,Male,48,Chennai,Tamil Nadu,2025-06-10
CUST06628,Aditya Mehta,Male,25,Jaipur,Rajasthan,2023-01-16
CUST06629,Pooja Jain,Male,35,Delhi,Delhi,2025-07-04
CUST06630,Isha Verma,Other,38,Lucknow,Uttar Pradesh,2024-08-05
CUST06631,Aman Mehta,Other,25,Hyderabad,Telangana,2024-10-03
CUST06632,Pooja Nair,Male,45,Hyderabad,Telangana,2024-04-11
CUST06633,Karan Jain,Other,23,Jaipur,Rajasthan,2025-09-23
CUST06634,Aditi Sharma,Male,47,Delhi,Delhi,2025-06-30
CUST06635,Simran Patel,Other,59,Bangalore,Karnataka,2024-08-04
CUST06636,Aditya Verma,Other,65,Kolkata,West Bengal,2023-06-03
CUST06637,Sneha Sharma,Other,36,Pune,Maharashtra,2024-09-09
CUST06638,Arjun Nair,Other,63,Pune,Maharashtra,2023-12-22
CUST06639,Sneha Joshi,Other,30,Chennai,Tamil Nadu,2023-11-03
CUST06640,Rohan Verma,Female,63,Bangalore,Karnataka,2025-12-31
CUST06641,Neha Mishra,Other,53,Kolkata,West Bengal,2025-10-04
CUST06642,Ananya Khan,Male,44,Hyderabad,Telangana,2023-04-09
CUST06643,Aditya Desai,Other,48,Pune,Maharashtra,2025-07-23
CUST06644,Ananya Mishra,Other,53,Delhi,Delhi,2024-11-30
CUST06645,Rahul Jain,Female,20,Delhi,Delhi,2025-12-10
CUST06646,Yash Rao,Male,64,Lucknow,Uttar Pradesh,2024-07-22
CUST06647,Aarav Verma,Male,44,Lucknow,Uttar Pradesh,2023-09-05
CUST06648,Ananya Patel,Female,34,Pune,Maharashtra,2025-04-01
CUST06649,Vikram Nair,Other,50,Delhi,Delhi,2023-07-31
CUST06650,Sneha Sharma,Female,37,Lucknow,Uttar Pradesh,2025-07-25
CUST06651,Priya Nair,Male,64,Pune,Maharashtra,2025-09-29
CUST06652,Yash Jain,Other,29,Jaipur,Rajasthan,2024-11-20
CUST06653,Sneha Verma,Other,61,Ahmedabad,Gujarat,2024-08-21
CUST06654,Riya Verma,Female,53,Mumbai,Maharashtra,2023-04-26
CUST06655,Simran Jain,Female,33,Delhi,Delhi,2023-10-29
CUST06656,Priya Joshi,Male,59,Delhi,Delhi,2023-11-18
CUST06657,Simran Mishra,Male,43,Mumbai,Maharashtra,2023-12-01
CUST06658,Riya Singh,Other,44,Lucknow,Uttar Pradesh,2023-05-04
CUST06659,Vikram Desai,Other,45,Mumbai,Maharashtra,2023-10-31
CUST06660,Neha Jain,Other,59,Hyderabad,Telangana,2024-03-16
CUST06661,Neha Verma,Female,43,Delhi,Delhi,2025-04-19
CUST06662,Yash Mehta,Male,30,Delhi,Delhi,2023-01-03
CUST06663,Riya Sharma,Female,20,Lucknow,Uttar Pradesh,2023-02-13
CUST06664,Sneha Verma,Other,58,Jaipur,Rajasthan,2023-05-05
CUST06665,Yash Rao,Other,32,Kolkata,West Bengal,2025-06-09
CUST06666,Priya Sharma,Other,50,Ahmedabad,Gujarat,2023-03-13
CUST06667,Sneha Gupta,Other,27,Jaipur,Rajasthan,2024-07-09
CUST06668,Pooja Verma,Female,61,Pune,Maharashtra,2025-06-20
CUST06669,Priya Singh,Male,48,Kolkata,West Bengal,2024-12-12
CUST06670,Isha Khan,Female,38,Pune,Maharashtra,2024-11-27
CUST06671,Kabir Mehta,Female,41,Kolkata,West Bengal,2025-08-22
CUST06672,Karan Patel,Male,50,Lucknow,Uttar Pradesh,2025-11-10
CUST06673,Ananya Verma,Female,48,Lucknow,Uttar Pradesh,2024-07-09
CUST06674,Aman Joshi,Male,37,Mumbai,Maharashtra,2023-03-24
CUST06675,Aditya Rao,Male,29,Bangalore,Karnataka,2023-11-02
CUST06676,Pooja Mehta,Male,31,Kolkata,West Bengal,2024-04-07
CUST06677,Rahul Mishra,Female,28,Kolkata,West Bengal,2024-06-07
CUST06678,Neha Verma,Male,57,Hyderabad,Telangana,2024-05-09
CUST06679,Aditi Verma,Other,42,Pune,Maharashtra,2023-03-22
CUST06680,Sneha Joshi,Other,39,Delhi,Delhi,2025-06-05
CUST06681,Rahul Khan,Female,43,Bangalore,Karnataka,2024-07-10
CUST06682,Riya Joshi,Female,63,Delhi,Delhi,2023-09-14
CUST06683,Simran Shah,Male,64,Ahmedabad,Gujarat,2023-02-20
CUST06684,Neha Mishra,Other,44,Hyderabad,Telangana,2025-03-29
CUST06685,Shreya Jain,Male,49,Hyderabad,Telangana,2024-02-02
CUST06686,Pooja Shah,Male,27,Hyderabad,Telangana,2024-06-12
CUST06687,Simran Joshi,Other,32,Kolkata,West Bengal,2023-11-23
CUST06688,Kabir Mehta,Other,29,Hyderabad,Telangana,2025-10-15
CUST06689,Priya Joshi,Male,20,Lucknow,Uttar Pradesh,2024-03-01
CUST06690,Sneha Rao,Other,62,Hyderabad,Telangana,2025-08-23
CUST06691,Aditi Sharma,Male,59,Jaipur,Rajasthan,2024-10-01
CUST06692,Rohan Gupta,Other,46,Mumbai,Maharashtra,2024-02-23
CUST06693,Aarav Gupta,Male,30,Hyderabad,Telangana,2024-01-27
CUST06694,Ananya Khan,Male,52,Jaipur,Rajasthan,2025-11-19
CUST06695,Karan Joshi,Male,41,Kolkata,West Bengal,2023-06-18
CUST06696,Riya Jain,Female,47,Jaipur,Rajasthan,2023-01-26
CUST06697,Sneha Verma,Other,59,Delhi,Delhi,2025-12-08
CUST06698,Neha Rao,Female,54,Delhi,Delhi,2025-09-04
CUST06699,Vikram Kulkarni,Female,41,Mumbai,Maharashtra,2025-03-01
CUST06700,Neha Gupta,Male,41,Pune,Maharashtra,2023-10-23
CUST06701,Riya Khan,Female,57,Jaipur,Rajasthan,2024-03-31
CUST06702,Priya Desai,Female,31,Pune,Maharashtra,2023-03-03
CUST06703,Rahul Khan,Other,56,Ahmedabad,Gujarat,2024-02-10
CUST06704,Pooja Kulkarni,Other,31,Jaipur,Rajasthan,2025-01-12
CUST06705,Karan Nair,Other,31,Bangalore,Karnataka,2025-12-13
CUST06706,Aman Sharma,Other,56,Hyderabad,Telangana,2025-07-24
CUST06707,Kabir Jain,Other,31,Jaipur,Rajasthan,2024-03-21
CUST06708,Arjun Nair,Male,28,Chennai,Tamil Nadu,2023-02-16
CUST06709,Ananya Singh,Other,61,Jaipur,Rajasthan,2025-02-05
CUST06710,Pooja Joshi,Other,61,Chennai,Tamil Nadu,2023-06-15
CUST06711,Aarav Mehta,Female,45,Chennai,Tamil Nadu,2023-01-24
CUST06712,Pooja Jain,Other,60,Jaipur,Rajasthan,2025-04-09
CUST06713,Aditi Desai,Female,49,Ahmedabad,Gujarat,2024-04-02
CUST06714,Pooja Verma,Other,54,Delhi,Delhi,2024-09-01
CUST06715,Simran Desai,Other,55,Hyderabad,Telangana,2023-10-19
CUST06716,Neha Nair,Other,18,Lucknow,Uttar Pradesh,2023-07-02
CUST06717,Sneha Kulkarni,Female,27,Chennai,Tamil Nadu,2024-01-15
CUST06718,Riya Desai,Male,38,Bangalore,Karnataka,2023-11-09
CUST06719,Neha Singh,Other,46,Kolkata,West Bengal,2024-05-10
CUST06720,Isha Shah,Male,56,Lucknow,Uttar Pradesh,2025-04-29
CUST06721,Shreya Gupta,Other,36,Lucknow,Uttar Pradesh,2024-11-20
CUST06722,Aarav Shah,Female,65,Jaipur,Rajasthan,2024-12-13
CUST06723,Isha Desai,Other,59,Chennai,Tamil Nadu,2025-06-10
CUST06724,Neha Shah,Male,50,Delhi,Delhi,2025-08-20
CUST06725,Riya Shah,Male,65,Mumbai,Maharashtra,2023-04-20
CUST06726,Arjun Sharma,Male,42,Bangalore,Karnataka,2025-08-15
CUST06727,Vikram Shah,Other,42,Bangalore,Karnataka,2024-12-19
CUST06728,Kabir Shah,Other,31,Bangalore,Karnataka,2023-12-15
CUST06729,Isha Jain,Female,54,Jaipur,Rajasthan,2025-07-14
CUST06730,Rohan Singh,Other,43,Delhi,Delhi,2025-05-22
CUST06731,Aarav Rao,Male,56,Delhi,Delhi,2023-09-11
CUST06732,Aarav Gupta,Female,43,Jaipur,Rajasthan,2025-11-29
CUST06733,Aarav Nair,Other,27,Ahmedabad,Gujarat,2024-03-01
CUST06734,Pooja Gupta,Other,54,Pune,Maharashtra,2025-07-05
CUST06735,Rohan Khan,Female,57,Ahmedabad,Gujarat,2025-11-18
CUST06736,Neha Khan,Female,45,Pune,Maharashtra,2023-07-07
CUST06737,Aditi Rao,Other,30,Lucknow,Uttar Pradesh,2023-02-17
CUST06738,Riya Patel,Other,60,Kolkata,West Bengal,2024-08-22
CUST06739,Neha Khan,Male,36,Jaipur,Rajasthan,2023-08-09
CUST06740,Neha Rao,Other,35,Ahmedabad,Gujarat,2024-05-20
CUST06741,Pooja Desai,Female,49,Lucknow,Uttar Pradesh,2024-09-06
CUST06742,Rohan Nair,Other,21,Hyderabad,Telangana,2025-06-21
CUST06743,Aditya Mehta,Other,39,Jaipur,Rajasthan,2023-03-03
CUST06744,Vikram Desai,Other,30,Chennai,Tamil Nadu,2023-06-29
CUST06745,Kabir Kulkarni,Female,23,Pune,Maharashtra,2025-07-09
CUST06746,Aman Kulkarni,Male,46,Jaipur,Rajasthan,2025-10-26
CUST06747,Karan Shah,Male,56,Pune,Maharashtra,2024-12-27
CUST06748,Vikram Kulkarni,Other,20,Chennai,Tamil Nadu,2024-03-14
CUST06749,Vikram Mehta,Male,33,Chennai,Tamil Nadu,2023-04-29
CUST06750,Aditi Kulkarni,Female,43,Lucknow,Uttar Pradesh,2025-03-09
CUST06751,Shreya Khan,Male,37,Bangalore,Karnataka,2024-06-27
CUST06752,Sneha Joshi,Female,56,Pune,Maharashtra,2025-12-18
CUST06753,Aditya Mehta,Male,61,Delhi,Delhi,2024-01-18
CUST06754,Neha Desai,Other,46,Mumbai,Maharashtra,2024-04-26
CUST06755,Arjun Sharma,Male,39,Jaipur,Rajasthan,2023-04-03
CUST06756,Isha Desai,Female,45,Lucknow,Uttar Pradesh,2024-08-18
CUST06757,Aarav Jain,Male,48,Pune,Maharashtra,2023-05-01
CUST06758,Vikram Gupta,Female,45,Ahmedabad,Gujarat,2024-07-19
CUST06759,Aman Patel,Male,29,Delhi,Delhi,2025-05-22
CUST06760,Priya Patel,Male,64,Chennai,Tamil Nadu,2023-04-01
CUST06761,Aman Mishra,Female,53,Kolkata,West Bengal,2024-10-03
CUST06762,Pooja Nair,Other,54,Jaipur,Rajasthan,2023-05-24
CUST06763,Aditi Sharma,Female,51,Pune,Maharashtra,2023-09-09
CUST06764,Shreya Shah,Female,26,Hyderabad,Telangana,2024-03-19
CUST06765,Simran Desai,Male,32,Kolkata,West Bengal,2023-01-03
CUST06766,Yash Joshi,Male,28,Chennai,Tamil Nadu,2023-01-01
CUST06767,Aman Joshi,Other,18,Ahmedabad,Gujarat,2024-01-31
CUST06768,Ananya Jain,Male,36,Mumbai,Maharashtra,2023-05-21
CUST06769,Neha Mishra,Other,23,Ahmedabad,Gujarat,2023-07-13
CUST06770,Neha Kulkarni,Other,59,Mumbai,Maharashtra,2025-02-27
CUST06771,Arjun Singh,Male,43,Pune,Maharashtra,2023-08-26
CUST06772,Neha Sharma,Male,54,Chennai,Tamil Nadu,2024-11-19
CUST06773,Ananya Khan,Other,44,Lucknow,Uttar Pradesh,2024-03-31
CUST06774,Simran Verma,Female,60,Delhi,Delhi,2025-10-24
CUST06775,Riya Patel,Other,18,Ahmedabad,Gujarat,2023-01-16
CUST06776,Isha Singh,Other,28,Bangalore,Karnataka,2024-02-22
CUST06777,Simran Jain,Female,62,Chennai,Tamil Nadu,2023-02-05
CUST06778,Ananya Singh,Male,55,Kolkata,West Bengal,2023-06-21
CUST06779,Sneha Shah,Male,35,Bangalore,Karnataka,2023-06-02
CUST06780,Aman Joshi,Male,54,Bangalore,Karnataka,2023-10-04
CUST06781,Karan Sharma,Female,61,Mumbai,Maharashtra,2024-03-12
CUST06782,Arjun Jain,Female,51,Ahmedabad,Gujarat,2025-10-12
CUST06783,Simran Joshi,Other,46,Kolkata,West Bengal,2023-11-13
CUST06784,Karan Kulkarni,Female,24,Mumbai,Maharashtra,2025-03-06
CUST06785,Arjun Nair,Other,26,Bangalore,Karnataka,2025-04-28
CUST06786,Aditi Khan,Female,55,Hyderabad,Telangana,2023-05-02
CUST06787,Neha Patel,Female,61,Kolkata,West Bengal,2024-10-13
CUST06788,Arjun Mehta,Other,45,Delhi,Delhi,2023-08-30
CUST06789,Aditi Mishra,Male,60,Delhi,Delhi,2023-06-17
CUST06790,Rahul Mishra,Male,21,Hyderabad,Telangana,2024-03-29
CUST06791,Priya Joshi,Female,55,Chennai,Tamil Nadu,2025-11-06
CUST06792,Rahul Sharma,Male,25,Kolkata,West Bengal,2023-11-05
CUST06793,Isha Mishra,Other,60,Chennai,Tamil Nadu,2025-05-31
CUST06794,Yash Nair,Male,55,Lucknow,Uttar Pradesh,2023-08-04
CUST06795,Vikram Khan,Other,21,Delhi,Delhi,2025-04-08
CUST06796,Isha Joshi,Male,23,Mumbai,Maharashtra,2024-12-05
CUST06797,Arjun Mehta,Female,18,Mumbai,Maharashtra,2024-03-20
CUST06798,Yash Patel,Male,62,Kolkata,West Bengal,2024-07-15
CUST06799,Simran Rao,Female,65,Mumbai,Maharashtra,2024-06-02
CUST06800,Pooja Mishra,Other,57,Mumbai,Maharashtra,2023-06-04
CUST06801,Riya Jain,Male,53,Delhi,Delhi,2024-06-09
CUST06802,Sneha Gupta,Female,35,Kolkata,West Bengal,2024-10-28
CUST06803,Aman Jain,Female,18,Chennai,Tamil Nadu,2023-03-03
CUST06804,Aman Khan,Male,44,Chennai,Tamil Nadu,2025-10-24
CUST06805,Rahul Nair,Female,43,Ahmedabad,Gujarat,2024-06-21
CUST06806,Pooja Singh,Other,57,Jaipur,Rajasthan,2024-03-27
CUST06807,Simran Jain,Female,34,Chennai,Tamil Nadu,2023-03-25
CUST06808,Rahul Singh,Female,27,Pune,Maharashtra,2023-06-10
CUST06809,Shreya Khan,Other,40,Mumbai,Maharashtra,2024-08-17
CUST06810,Kabir Jain,Male,38,Ahmedabad,Gujarat,2025-06-01
CUST06811,Rohan Khan,Female,43,Jaipur,Rajasthan,2024-08-12
CUST06812,Vikram Singh,Male,20,Delhi,Delhi,2024-12-08
CUST06813,Ananya Desai,Male,51,Pune,Maharashtra,2025-10-11
CUST06814,Vikram Patel,Other,63,Ahmedabad,Gujarat,2024-08-24
CUST06815,Vikram Jain,Other,18,Jaipur,Rajasthan,2024-10-17
CUST06816,Rahul Rao,Other,46,Kolkata,West Bengal,2023-09-23
CUST06817,Vikram Patel,Female,26,Delhi,Delhi,2025-03-10
CUST06818,Simran Desai,Male,37,Kolkata,West Bengal,2023-01-17
CUST06819,Shreya Kulkarni,Female,53,Bangalore,Karnataka,2024-07-07
CUST06820,Shreya Jain,Other,20,Kolkata,West Bengal,2025-09-16
CUST06821,Ananya Desai,Male,49,Chennai,Tamil Nadu,2025-02-14
CUST06822,Riya Mishra,Male,22,Pune,Maharashtra,2023-04-02
CUST06823,Neha Mishra,Male,23,Ahmedabad,Gujarat,2023-09-28
CUST06824,Rahul Joshi,Male,30,Bangalore,Karnataka,2024-07-14
CUST06825,Aditya Mehta,Male,18,Chennai,Tamil Nadu,2025-03-10
CUST06826,Yash Joshi,Other,42,Jaipur,Rajasthan,2024-09-24
CUST06827,Arjun Verma,Female,21,Bangalore,Karnataka,2023-08-10
CUST06828,Aditya Rao,Other,41,Bangalore,Karnataka,2023-01-17
CUST06829,Sneha Joshi,Male,64,Hyderabad,Telangana,2023-06-29
CUST06830,Ananya Kulkarni,Female,19,Pune,Maharashtra,2025-01-30
CUST06831,Aditya Singh,Female,60,Lucknow,Uttar Pradesh,2024-04-15
CUST06832,Rahul Shah,Other,63,Bangalore,Karnataka,2023-09-17
CUST06833,Ananya Sharma,Male,55,Lucknow,Uttar Pradesh,2023-06-24
CUST06834,Karan Jain,Other,24,Pune,Maharashtra,2024-04-08
CUST06835,Karan Jain,Male,52,Delhi,Delhi,2024-07-29
CUST06836,Riya Kulkarni,Other,30,Hyderabad,Telangana,2024-06-27
CUST06837,Kabir Jain,Other,37,Ahmedabad,Gujarat,2023-11-06
CUST06838,Aditi Rao,Male,45,Bangalore,Karnataka,2023-07-17
CUST06839,Yash Mehta,Male,49,Hyderabad,Telangana,2023-07-09
CUST06840,Shreya Singh,Other,24,Jaipur,Rajasthan,2023-06-15
CUST06841,Aarav Sharma,Male,37,Lucknow,Uttar Pradesh,2025-02-23
CUST06842,Priya Desai,Other,57,Chennai,Tamil Nadu,2025-08-06
CUST06843,Pooja Rao,Female,50,Hyderabad,Telangana,2024-11-11
CUST06844,Riya Verma,Male,44,Pune,Maharashtra,2024-12-11
CUST06845,Rohan Rao,Other,52,Pune,Maharashtra,2025-10-25
CUST06846,Rahul Shah,Female,37,Ahmedabad,Gujarat,2023-11-02
CUST06847,Isha Nair,Other,38,Bangalore,Karnataka,2023-09-20
CUST06848,Rohan Joshi,Female,51,Delhi,Delhi,2023-05-19
CUST06849,Simran Rao,Female,20,Bangalore,Karnataka,2023-02-21
CUST06850,Sneha Gupta,Male,53,Chennai,Tamil Nadu,2025-01-18
CUST06851,Yash Mehta,Male,18,Jaipur,Rajasthan,2025-08-24
CUST06852,Karan Verma,Female,42,Kolkata,West Bengal,2025-08-26
CUST06853,Vikram Nair,Male,52,Mumbai,Maharashtra,2025-12-26
CUST06854,Simran Verma,Other,62,Pune,Maharashtra,2024-10-19
CUST06855,Yash Verma,Male,58,Delhi,Delhi,2023-09-22
CUST06856,Riya Joshi,Other,31,Hyderabad,Telangana,2023-05-28
CUST06857,Vikram Kulkarni,Male,41,Chennai,Tamil Nadu,2024-01-24
CUST06858,Rahul Desai,Other,59,Bangalore,Karnataka,2023-07-15
CUST06859,Aditi Verma,Female,34,Pune,Maharashtra,2023-06-18
CUST06860,Sneha Sharma,Female,23,Delhi,Delhi,2023-02-01
CUST06861,Karan Jain,Male,55,Pune,Maharashtra,2024-12-29
CUST06862,Shreya Desai,Other,47,Pune,Maharashtra,2024-12-22
CUST06863,Isha Gupta,Male,56,Hyderabad,Telangana,2024-03-13
CUST06864,Shreya Mishra,Male,61,Ahmedabad,Gujarat,2023-07-18
CUST06865,Neha Shah,Female,55,Hyderabad,Telangana,2024-05-12
CUST06866,Kabir Mehta,Other,47,Lucknow,Uttar Pradesh,2025-06-04
CUST06867,Aarav Patel,Other,31,Mumbai,Maharashtra,2023-04-04
CUST06868,Isha Shah,Other,56,Pune,Maharashtra,2024-09-09
CUST06869,Riya Joshi,Other,63,Jaipur,Rajasthan,2024-12-29
CUST06870,Pooja Khan,Other,50,Delhi,Delhi,2025-12-22
CUST06871,Arjun Mishra,Female,21,Ahmedabad,Gujarat,2025-11-14
CUST06872,Rahul Patel,Female,56,Chennai,Tamil Nadu,2023-11-11
CUST06873,Karan Shah,Male,50,Ahmedabad,Gujarat,2025-06-14
CUST06874,Rahul Verma,Male,31,Pune,Maharashtra,2023-04-03
CUST06875,Ananya Mehta,Male,56,Bangalore,Karnataka,2024-01-17
CUST06876,Aditya Gupta,Female,18,Jaipur,Rajasthan,2023-03-25
CUST06877,Isha Verma,Female,64,Hyderabad,Telangana,2023-08-29
CUST06878,Yash Shah,Female,47,Kolkata,West Bengal,2025-08-06
CUST06879,Riya Nair,Male,47,Ahmedabad,Gujarat,2024-06-07
CUST06880,Aarav Shah,Female,40,Kolkata,West Bengal,2025-02-27
CUST06881,Vikram Sharma,Female,63,Mumbai,Maharashtra,2025-07-09
CUST06882,Rahul Mehta,Male,29,Jaipur,Rajasthan,2023-11-13
CUST06883,Simran Mehta,Other,44,Delhi,Delhi,2024-03-11
CUST06884,Simran Mehta,Female,26,Ahmedabad,Gujarat,2024-06-19
CUST06885,Pooja Gupta,Male,18,Hyderabad,Telangana,2024-02-26
CUST06886,Isha Nair,Other,28,Chennai,Tamil Nadu,2025-06-01
CUST06887,Aditi Jain,Other,43,Kolkata,West Bengal,2025-04-01
CUST06888,Aditi Jain,Male,24,Pune,Maharashtra,2024-12-22
CUST06889,Priya Shah,Male,39,Pune,Maharashtra,2024-06-25
CUST06890,Yash Rao,Male,51,Pune,Maharashtra,2023-07-07
CUST06891,Isha Mishra,Male,27,Kolkata,West Bengal,2024-12-20
CUST06892,Karan Mehta,Female,65,Delhi,Delhi,2023-03-01
CUST06893,Sneha Verma,Female,63,Jaipur,Rajasthan,2023-06-30
CUST06894,Aarav Gupta,Female,34,Jaipur,Rajasthan,2024-04-06
CUST06895,Yash Patel,Other,39,Delhi,Delhi,2025-04-21
CUST06896,Aman Joshi,Other,34,Chennai,Tamil Nadu,2025-02-01
CUST06897,Priya Patel,Female,54,Lucknow,Uttar Pradesh,2024-05-20
CUST06898,Rohan Jain,Female,30,Delhi,Delhi,2024-03-03
CUST06899,Vikram Joshi,Male,49,Lucknow,Uttar Pradesh,2025-10-13
CUST06900,Vikram Verma,Female,48,Kolkata,West Bengal,2025-11-30
CUST06901,Riya Joshi,Female,53,Lucknow,Uttar Pradesh,2024-03-05
CUST06902,Pooja Patel,Male,49,Hyderabad,Telangana,2024-09-24
CUST06903,Karan Singh,Male,53,Delhi,Delhi,2024-12-09
CUST06904,Aarav Kulkarni,Male,45,Jaipur,Rajasthan,2024-09-01
CUST06905,Riya Mishra,Male,56,Bangalore,Karnataka,2024-01-29
CUST06906,Shreya Sharma,Male,41,Ahmedabad,Gujarat,2025-04-11
CUST06907,Aarav Sharma,Male,32,Delhi,Delhi,2023-06-03
CUST06908,Shreya Patel,Other,18,Chennai,Tamil Nadu,2024-09-22
CUST06909,Isha Gupta,Female,34,Bangalore,Karnataka,2024-02-12
CUST06910,Riya Singh,Female,55,Bangalore,Karnataka,2023-06-02
CUST06911,Shreya Sharma,Other,51,Delhi,Delhi,2023-01-06
CUST06912,Vikram Patel,Female,63,Kolkata,West Bengal,2024-05-27
CUST06913,Shreya Sharma,Female,48,Pune,Maharashtra,2023-07-03
CUST06914,Sneha Kulkarni,Female,57,Mumbai,Maharashtra,2025-02-20
CUST06915,Aman Desai,Female,46,Ahmedabad,Gujarat,2024-04-18
CUST06916,Priya Sharma,Male,20,Lucknow,Uttar Pradesh,2025-03-18
CUST06917,Priya Rao,Male,45,Hyderabad,Telangana,2025-07-27
CUST06918,Isha Shah,Female,50,Bangalore,Karnataka,2023-04-28
CUST06919,Vikram Singh,Male,35,Lucknow,Uttar Pradesh,2025-06-17
CUST06920,Neha Singh,Other,59,Ahmedabad,Gujarat,2023-08-01
CUST06921,Neha Joshi,Male,49,Ahmedabad,Gujarat,2024-02-05
CUST06922,Kabir Sharma,Other,39,Delhi,Delhi,2023-08-25
CUST06923,Isha Khan,Female,61,Lucknow,Uttar Pradesh,2023-07-16
CUST06924,Riya Shah,Male,55,Bangalore,Karnataka,2025-04-27
CUST06925,Pooja Kulkarni,Other,53,Chennai,Tamil Nadu,2025-04-12
CUST06926,Simran Mishra,Male,20,Jaipur,Rajasthan,2025-05-10
CUST06927,Yash Joshi,Male,40,Lucknow,Uttar Pradesh,2025-08-29
CUST06928,Yash Desai,Male,62,Ahmedabad,Gujarat,2024-08-23
CUST06929,Rohan Mishra,Female,49,Kolkata,West Bengal,2024-07-14
CUST06930,Aditi Mehta,Male,49,Kolkata,West Bengal,2024-02-16
CUST06931,Vikram Mishra,Female,56,Ahmedabad,Gujarat,2025-05-18
CUST06932,Vikram Rao,Other,46,Pune,Maharashtra,2024-11-16
CUST06933,Vikram Desai,Other,58,Lucknow,Uttar Pradesh,2024-06-15
CUST06934,Karan Verma,Female,58,Delhi,Delhi,2024-12-15
CUST06935,Sneha Gupta,Female,59,Ahmedabad,Gujarat,2024-06-01
CUST06936,Aditi Nair,Male,41,Bangalore,Karnataka,2024-06-02
CUST06937,Sneha Verma,Other,59,Ahmedabad,Gujarat,2023-12-14
CUST06938,Aarav Kulkarni,Other,43,Pune,Maharashtra,2025-12-09
CUST06939,Aditya Jain,Female,19,Hyderabad,Telangana,2024-06-13
CUST06940,Sneha Verma,Other,20,Chennai,Tamil Nadu,2024-07-26
CUST06941,Riya Kulkarni,Male,52,Mumbai,Maharashtra,2025-02-06
CUST06942,Rohan Shah,Female,55,Jaipur,Rajasthan,2025-01-31
CUST06943,Rohan Mehta,Male,44,Lucknow,Uttar Pradesh,2023-09-05
CUST06944,Shreya Desai,Male,62,Pune,Maharashtra,2025-12-10
CUST06945,Karan Rao,Male,47,Mumbai,Maharashtra,2025-08-30
CUST06946,Rohan Sharma,Female,18,Pune,Maharashtra,2023-06-28
CUST06947,Vikram Shah,Male,38,Bangalore,Karnataka,2024-06-11
CUST06948,Ananya Sharma,Female,51,Bangalore,Karnataka,2025-04-14
CUST06949,Sneha Mishra,Other,55,Jaipur,Rajasthan,2025-07-14
CUST06950,Pooja Shah,Female,47,Hyderabad,Telangana,2024-08-19
CUST06951,Karan Khan,Other,43,Kolkata,West Bengal,2024-06-29
CUST06952,Pooja Nair,Male,26,Mumbai,Maharashtra,2024-05-22
CUST06953,Riya Shah,Female,25,Lucknow,Uttar Pradesh,2025-08-29
CUST06954,Aditya Singh,Other,54,Bangalore,Karnataka,2023-04-20
CUST06955,Isha Mishra,Male,19,Delhi,Delhi,2023-04-20
CUST06956,Priya Khan,Male,48,Ahmedabad,Gujarat,2025-06-12
CUST06957,Simran Patel,Male,43,Lucknow,Uttar Pradesh,2024-11-02
CUST06958,Isha Kulkarni,Female,54,Pune,Maharashtra,2025-08-03
CUST06959,Riya Shah,Male,19,Jaipur,Rajasthan,2024-02-07
CUST06960,Pooja Patel,Male,38,Pune,Maharashtra,2024-05-30
CUST06961,Kabir Mishra,Other,48,Chennai,Tamil Nadu,2024-07-06
CUST06962,Yash Singh,Male,40,Hyderabad,Telangana,2024-11-30
CUST06963,Priya Desai,Female,19,Mumbai,Maharashtra,2024-01-16
CUST06964,Vikram Mishra,Female,45,Jaipur,Rajasthan,2025-08-21
CUST06965,Riya Sharma,Other,62,Ahmedabad,Gujarat,2023-06-24
CUST06966,Simran Khan,Other,29,Delhi,Delhi,2023-11-24
CUST06967,Sneha Jain,Male,54,Kolkata,West Bengal,2023-07-14
CUST06968,Ananya Mehta,Female,34,Hyderabad,Telangana,2025-10-04
CUST06969,Neha Singh,Female,61,Lucknow,Uttar Pradesh,2025-12-02
CUST06970,Ananya Nair,Female,44,Hyderabad,Telangana,2024-05-23
CUST06971,Yash Verma,Other,50,Mumbai,Maharashtra,2024-11-15
CUST06972,Aarav Verma,Male,58,Lucknow,Uttar Pradesh,2023-05-16
CUST06973,Vikram Mishra,Male,45,Chennai,Tamil Nadu,2023-09-01
CUST06974,Karan Sharma,Female,51,Ahmedabad,Gujarat,2023-03-15
CUST06975,Rohan Rao,Female,51,Jaipur,Rajasthan,2024-09-09
CUST06976,Karan Kulkarni,Male,34,Hyderabad,Telangana,2023-01-22
CUST06977,Yash Mishra,Male,45,Chennai,Tamil Nadu,2025-08-05
CUST06978,Aditya Khan,Female,34,Pune,Maharashtra,2023-01-15
CUST06979,Shreya Mehta,Other,21,Ahmedabad,Gujarat,2024-01-14
CUST06980,Shreya Sharma,Female,53,Hyderabad,Telangana,2023-08-30
CUST06981,Yash Shah,Male,65,Kolkata,West Bengal,2024-06-08
CUST06982,Arjun Desai,Female,65,Ahmedabad,Gujarat,2025-11-29
CUST06983,Shreya Kulkarni,Female,20,Pune,Maharashtra,2024-06-18
CUST06984,Simran Kulkarni,Other,55,Lucknow,Uttar Pradesh,2024-10-08
CUST06985,Rohan Sharma,Other,20,Hyderabad,Telangana,2024-01-17
CUST06986,Kabir Khan,Male,63,Chennai,Tamil Nadu,2025-06-11
CUST06987,Aditya Mehta,Male,65,Kolkata,West Bengal,2023-04-21
CUST06988,Neha Mehta,Male,56,Hyderabad,Telangana,2023-03-19
CUST06989,Shreya Khan,Female,30,Lucknow,Uttar Pradesh,2025-04-03
CUST06990,Sneha Sharma,Male,40,Lucknow,Uttar Pradesh,2023-12-05
CUST06991,Vikram Joshi,Male,19,Pune,Maharashtra,2023-01-07
CUST06992,Kabir Singh,Female,35,Lucknow,Uttar Pradesh,2023-08-29
CUST06993,Aditi Rao,Male,28,Bangalore,Karnataka,2025-08-06
CUST06994,Aarav Patel,Male,23,Bangalore,Karnataka,2025-01-01
CUST06995,Simran Jain,Male,36,Chennai,Tamil Nadu,2023-01-09
CUST06996,Rahul Shah,Male,62,Delhi,Delhi,2025-12-24
CUST06997,Aditi Rao,Male,21,Kolkata,West Bengal,2025-11-25
CUST06998,Isha Kulkarni,Other,33,Delhi,Delhi,2023-03-08
CUST06999,Aditi Jain,Other,36,Chennai,Tamil Nadu,2024-08-31
CUST07000,Kabir Shah,Female,49,Jaipur,Rajasthan,2025-01-05
CUST07001,Shreya Verma,Other,27,Hyderabad,Telangana,2025-12-12
CUST07002,Karan Mishra,Male,51,Chennai,Tamil Nadu,2024-11-01
CUST07003,Ananya Joshi,Female,27,Delhi,Delhi,2023-11-18
CUST07004,Rohan Rao,Female,35,Jaipur,Rajasthan,2023-10-10
CUST07005,Rahul Singh,Other,39,Chennai,Tamil Nadu,2023-07-21
CUST07006,Priya Mishra,Other,47,Chennai,Tamil Nadu,2025-01-17
CUST07007,Pooja Rao,Other,64,Jaipur,Rajasthan,2025-12-13
CUST07008,Arjun Joshi,Male,21,Chennai,Tamil Nadu,2023-03-26
CUST07009,Yash Patel,Other,64,Lucknow,Uttar Pradesh,2025-05-16
CUST07010,Shreya Joshi,Other,50,Pune,Maharashtra,2024-06-20
CUST07011,Kabir Desai,Male,63,Delhi,Delhi,2024-11-24
CUST07012,Isha Kulkarni,Other,65,Jaipur,Rajasthan,2024-07-30
CUST07013,Ananya Jain,Other,54,Chennai,Tamil Nadu,2023-03-04
CUST07014,Rahul Khan,Female,63,Pune,Maharashtra,2024-08-13
CUST07015,Isha Sharma,Male,46,Hyderabad,Telangana,2024-11-11
CUST07016,Pooja Singh,Female,56,Chennai,Tamil Nadu,2024-12-10
CUST07017,Rohan Joshi,Other,22,Chennai,Tamil Nadu,2025-11-07
CUST07018,Aditi Kulkarni,Female,46,Bangalore,Karnataka,2023-11-09
CUST07019,Aditya Gupta,Other,49,Ahmedabad,Gujarat,2025-07-14
CUST07020,Riya Gupta,Female,36,Chennai,Tamil Nadu,2024-01-04
CUST07021,Ananya Mehta,Female,27,Hyderabad,Telangana,2025-11-19
CUST07022,Isha Nair,Female,56,Lucknow,Uttar Pradesh,2024-05-23
CUST07023,Riya Singh,Female,21,Mumbai,Maharashtra,2023-02-04
CUST07024,Isha Mishra,Other,36,Chennai,Tamil Nadu,2025-01-15
CUST07025,Simran Mishra,Female,34,Pune,Maharashtra,2025-05-02
CUST07026,Ananya Desai,Male,61,Kolkata,West Bengal,2023-09-29
CUST07027,Aman Joshi,Male,27,Kolkata,West Bengal,2025-09-27
CUST07028,Aditya Joshi,Female,19,Lucknow,Uttar Pradesh,2024-03-28
CUST07029,Priya Rao,Female,34,Ahmedabad,Gujarat,2025-06-01
CUST07030,Shreya Nair,Female,25,Mumbai,Maharashtra,2025-02-08
CUST07031,Rahul Jain,Male,61,Bangalore,Karnataka,2025-10-02
CUST07032,Riya Desai,Male,36,Chennai,Tamil Nadu,2024-02-09
CUST07033,Neha Patel,Male,49,Hyderabad,Telangana,2024-07-19
CUST07034,Aditi Sharma,Female,39,Chennai,Tamil Nadu,2024-08-02
CUST07035,Simran Shah,Female,57,Pune,Maharashtra,2024-12-24
CUST07036,Aditya Jain,Male,25,Chennai,Tamil Nadu,2025-06-10
CUST07037,Pooja Kulkarni,Female,60,Hyderabad,Telangana,2024-02-21
CUST07038,Riya Nair,Other,21,Kolkata,West Bengal,2025-04-29
CUST07039,Simran Mishra,Male,37,Lucknow,Uttar Pradesh,2024-12-30
CUST07040,Aman Patel,Female,63,Mumbai,Maharashtra,2025-10-26
CUST07041,Aditi Gupta,Female,23,Hyderabad,Telangana,2023-06-12
CUST07042,Neha Jain,Other,38,Chennai,Tamil Nadu,2025-08-23
CUST07043,Priya Patel,Other,32,Lucknow,Uttar Pradesh,2025-07-24
CUST07044,Sneha Desai,Male,57,Jaipur,Rajasthan,2025-02-24
CUST07045,Sneha Mishra,Male,51,Delhi,Delhi,2025-05-10
CUST07046,Aman Jain,Other,40,Jaipur,Rajasthan,2025-11-02
CUST07047,Aarav Patel,Female,53,Mumbai,Maharashtra,2025-01-24
CUST07048,Rohan Singh,Male,41,Delhi,Delhi,2023-07-10
CUST07049,Rohan Mehta,Female,36,Mumbai,Maharashtra,2023-11-28
CUST07050,Aditi Sharma,Other,61,Lucknow,Uttar Pradesh,2024-01-24
CUST07051,Sneha Nair,Male,49,Hyderabad,Telangana,2025-06-06
CUST07052,Aman Sharma,Other,60,Bangalore,Karnataka,2023-01-05
CUST07053,Sneha Kulkarni,Other,28,Jaipur,Rajasthan,2025-07-05
CUST07054,Arjun Kulkarni,Other,37,Jaipur,Rajasthan,2024-03-08
CUST07055,Isha Verma,Female,46,Jaipur,Rajasthan,2023-07-23
CUST07056,Pooja Desai,Male,65,Hyderabad,Telangana,2024-07-13
CUST07057,Aarav Kulkarni,Other,62,Hyderabad,Telangana,2024-09-04
CUST07058,Arjun Mehta,Other,43,Pune,Maharashtra,2024-01-17
CUST07059,Pooja Gupta,Male,64,Ahmedabad,Gujarat,2024-07-23
CUST07060,Pooja Gupta,Female,47,Pune,Maharashtra,2023-03-03
CUST07061,Simran Shah,Other,45,Bangalore,Karnataka,2025-10-10
CUST07062,Pooja Shah,Other,23,Ahmedabad,Gujarat,2024-11-01
CUST07063,Simran Verma,Female,57,Ahmedabad,Gujarat,2024-09-11
CUST07064,Aman Mehta,Other,46,Pune,Maharashtra,2025-03-05
CUST07065,Arjun Gupta,Other,31,Pune,Maharashtra,2025-02-25
CUST07066,Aman Singh,Male,38,Chennai,Tamil Nadu,2024-05-25
CUST07067,Aditya Rao,Female,59,Kolkata,West Bengal,2025-04-06
CUST07068,Rahul Shah,Male,27,Lucknow,Uttar Pradesh,2024-07-25
CUST07069,Vikram Rao,Other,54,Lucknow,Uttar Pradesh,2023-01-23
CUST07070,Vikram Gupta,Female,44,Lucknow,Uttar Pradesh,2025-03-06
CUST07071,Yash Patel,Male,54,Delhi,Delhi,2024-01-08
CUST07072,Rahul Shah,Female,53,Bangalore,Karnataka,2024-06-29
CUST07073,Riya Mehta,Male,47,Bangalore,Karnataka,2023-04-18
CUST07074,Rohan Shah,Male,42,Ahmedabad,Gujarat,2024-07-06
CUST07075,Arjun Shah,Female,37,Jaipur,Rajasthan,2025-04-27
CUST07076,Yash Joshi,Male,21,Ahmedabad,Gujarat,2025-10-23
CUST07077,Karan Rao,Other,42,Chennai,Tamil Nadu,2024-11-02
CUST07078,Aditya Khan,Other,60,Ahmedabad,Gujarat,2025-03-28
CUST07079,Neha Mishra,Female,53,Ahmedabad,Gujarat,2025-10-25
CUST07080,Aarav Sharma,Male,65,Chennai,Tamil Nadu,2024-11-21
CUST07081,Rahul Jain,Other,45,Kolkata,West Bengal,2025-09-07
CUST07082,Karan Khan,Male,44,Pune,Maharashtra,2024-06-24
CUST07083,Sneha Mehta,Female,44,Ahmedabad,Gujarat,2023-03-16
CUST07084,Ananya Gupta,Male,34,Kolkata,West Bengal,2024-12-28
CUST07085,Karan Mehta,Female,27,Mumbai,Maharashtra,2023-05-06
CUST07086,Arjun Khan,Female,34,Jaipur,Rajasthan,2025-06-02
CUST07087,Kabir Nair,Male,21,Delhi,Delhi,2025-01-25
CUST07088,Sneha Joshi,Other,51,Delhi,Delhi,2023-07-09
CUST07089,Neha Khan,Female,41,Mumbai,Maharashtra,2024-11-27
CUST07090,Ananya Shah,Other,38,Hyderabad,Telangana,2024-10-10
CUST07091,Aditi Kulkarni,Male,29,Delhi,Delhi,2024-06-22
CUST07092,Priya Nair,Female,45,Lucknow,Uttar Pradesh,2025-10-22
CUST07093,Pooja Nair,Female,60,Hyderabad,Telangana,2024-01-17
CUST07094,Aman Nair,Male,31,Mumbai,Maharashtra,2024-07-25
CUST07095,Rohan Kulkarni,Female,20,Delhi,Delhi,2023-01-04
CUST07096,Yash Singh,Male,20,Delhi,Delhi,2025-10-02
CUST07097,Neha Mehta,Other,35,Bangalore,Karnataka,2023-06-16
CUST07098,Neha Verma,Female,57,Pune,Maharashtra,2025-04-12
CUST07099,Shreya Sharma,Female,19,Chennai,Tamil Nadu,2023-09-29
CUST07100,Priya Joshi,Male,25,Lucknow,Uttar Pradesh,2025-05-29
CUST07101,Isha Shah,Male,20,Chennai,Tamil Nadu,2025-10-28
CUST07102,Isha Mishra,Female,64,Mumbai,Maharashtra,2025-09-18
CUST07103,Neha Patel,Female,22,Hyderabad,Telangana,2023-03-24
CUST07104,Aarav Singh,Male,43,Bangalore,Karnataka,2023-10-14
CUST07105,Simran Singh,Female,30,Ahmedabad,Gujarat,2024-08-11
CUST07106,Kabir Patel,Male,27,Pune,Maharashtra,2025-07-04
CUST07107,Aditi Gupta,Other,26,Hyderabad,Telangana,2023-06-19
CUST07108,Kabir Gupta,Male,44,Hyderabad,Telangana,2023-06-28
CUST07109,Pooja Desai,Male,29,Chennai,Tamil Nadu,2025-03-26
CUST07110,Sneha Shah,Female,40,Kolkata,West Bengal,2023-06-27
CUST07111,Aditya Kulkarni,Male,34,Mumbai,Maharashtra,2025-05-07
CUST07112,Kabir Joshi,Male,44,Chennai,Tamil Nadu,2024-11-23
CUST07113,Kabir Mehta,Female,58,Mumbai,Maharashtra,2024-05-10
CUST07114,Riya Nair,Female,64,Mumbai,Maharashtra,2023-10-22
CUST07115,Aditya Patel,Female,65,Mumbai,Maharashtra,2023-01-16
CUST07116,Pooja Kulkarni,Female,55,Ahmedabad,Gujarat,2023-03-27
CUST07117,Aarav Joshi,Male,29,Ahmedabad,Gujarat,2023-06-05
CUST07118,Arjun Nair,Female,47,Jaipur,Rajasthan,2023-07-07
CUST07119,Shreya Shah,Female,30,Bangalore,Karnataka,2024-05-08
CUST07120,Aman Rao,Male,58,Hyderabad,Telangana,2024-04-18
CUST07121,Neha Gupta,Other,55,Jaipur,Rajasthan,2024-07-31
CUST07122,Aditya Patel,Female,21,Kolkata,West Bengal,2024-11-08
CUST07123,Kabir Singh,Male,24,Pune,Maharashtra,2024-01-21
CUST07124,Yash Shah,Female,29,Mumbai,Maharashtra,2023-10-30
CUST07125,Vikram Khan,Other,51,Pune,Maharashtra,2025-04-24
CUST07126,Aditya Khan,Other,19,Chennai,Tamil Nadu,2023-08-15
CUST07127,Rahul Nair,Male,59,Mumbai,Maharashtra,2024-09-15
CUST07128,Arjun Joshi,Male,38,Pune,Maharashtra,2025-10-30
CUST07129,Ananya Sharma,Male,36,Lucknow,Uttar Pradesh,2024-03-29
CUST07130,Vikram Rao,Male,44,Chennai,Tamil Nadu,2024-05-22
CUST07131,Rohan Rao,Female,48,Hyderabad,Telangana,2023-01-14
CUST07132,Neha Nair,Female,62,Pune,Maharashtra,2024-02-01
CUST07133,Aditi Sharma,Male,43,Lucknow,Uttar Pradesh,2024-07-31
CUST07134,Karan Shah,Male,58,Ahmedabad,Gujarat,2025-07-08
CUST07135,Rahul Patel,Other,35,Ahmedabad,Gujarat,2023-01-22
CUST07136,Kabir Sharma,Female,63,Delhi,Delhi,2024-01-12
CUST07137,Shreya Mehta,Male,58,Jaipur,Rajasthan,2024-04-03
CUST07138,Aman Nair,Female,59,Ahmedabad,Gujarat,2023-07-09
CUST07139,Simran Joshi,Male,47,Kolkata,West Bengal,2025-12-19
CUST07140,Vikram Singh,Male,40,Ahmedabad,Gujarat,2025-02-06
CUST07141,Shreya Patel,Other,54,Ahmedabad,Gujarat,2024-04-29
CUST07142,Sneha Sharma,Other,40,Delhi,Delhi,2023-04-28
CUST07143,Neha Jain,Female,56,Lucknow,Uttar Pradesh,2023-06-21
CUST07144,Simran Shah,Female,55,Hyderabad,Telangana,2023-05-31
CUST07145,Rohan Jain,Other,49,Kolkata,West Bengal,2024-08-11
CUST07146,Aarav Kulkarni,Other,37,Lucknow,Uttar Pradesh,2024-06-11
CUST07147,Aditi Desai,Female,27,Chennai,Tamil Nadu,2024-08-29
CUST07148,Aditya Singh,Female,19,Hyderabad,Telangana,2025-01-24
CUST07149,Riya Mishra,Male,54,Kolkata,West Bengal,2025-01-25
CUST07150,Karan Desai,Female,52,Bangalore,Karnataka,2023-01-26
CUST07151,Aditya Desai,Female,25,Bangalore,Karnataka,2024-01-09
CUST07152,Aman Khan,Male,26,Bangalore,Karnataka,2025-04-21
CUST07153,Vikram Rao,Other,45,Delhi,Delhi,2023-09-06
CUST07154,Yash Mishra,Male,56,Mumbai,Maharashtra,2023-08-29
CUST07155,Sneha Desai,Other,35,Mumbai,Maharashtra,2023-05-20
CUST07156,Aman Sharma,Other,47,Jaipur,Rajasthan,2023-05-18
CUST07157,Aditi Sharma,Female,62,Hyderabad,Telangana,2023-10-06
CUST07158,Vikram Khan,Male,40,Bangalore,Karnataka,2025-12-16
CUST07159,Yash Verma,Female,21,Ahmedabad,Gujarat,2025-10-02
CUST07160,Arjun Gupta,Male,62,Lucknow,Uttar Pradesh,2025-08-08
CUST07161,Vikram Kulkarni,Male,54,Bangalore,Karnataka,2023-07-25
CUST07162,Aditya Desai,Female,45,Lucknow,Uttar Pradesh,2025-04-01
CUST07163,Aarav Verma,Other,38,Ahmedabad,Gujarat,2024-02-19
CUST07164,Shreya Joshi,Other,28,Kolkata,West Bengal,2023-08-18
CUST07165,Rahul Sharma,Male,41,Chennai,Tamil Nadu,2023-09-04
CUST07166,Vikram Shah,Female,64,Lucknow,Uttar Pradesh,2025-07-30
CUST07167,Yash Rao,Female,20,Lucknow,Uttar Pradesh,2023-12-24
CUST07168,Aditi Verma,Female,47,Chennai,Tamil Nadu,2023-08-05
CUST07169,Karan Jain,Other,48,Jaipur,Rajasthan,2025-05-02
CUST07170,Rohan Joshi,Other,26,Jaipur,Rajasthan,2023-09-05
CUST07171,Ananya Verma,Other,46,Ahmedabad,Gujarat,2024-06-20
CUST07172,Isha Verma,Female,57,Ahmedabad,Gujarat,2024-05-03
CUST07173,Shreya Khan,Male,52,Chennai,Tamil Nadu,2024-09-20
CUST07174,Sneha Joshi,Male,29,Kolkata,West Bengal,2025-08-19
CUST07175,Neha Mehta,Other,30,Mumbai,Maharashtra,2023-06-14
CUST07176,Aditi Nair,Female,58,Kolkata,West Bengal,2024-06-04
CUST07177,Aman Patel,Female,25,Bangalore,Karnataka,2025-02-20
CUST07178,Aman Patel,Other,54,Lucknow,Uttar Pradesh,2025-05-10
CUST07179,Rohan Shah,Other,20,Chennai,Tamil Nadu,2024-05-04
CUST07180,Rohan Khan,Other,48,Delhi,Delhi,2024-05-17
CUST07181,Simran Shah,Other,43,Mumbai,Maharashtra,2024-10-19
CUST07182,Yash Mehta,Female,32,Jaipur,Rajasthan,2025-09-04
CUST07183,Sneha Joshi,Female,62,Chennai,Tamil Nadu,2023-12-31
CUST07184,Priya Sharma,Other,49,Bangalore,Karnataka,2024-07-20
CUST07185,Karan Verma,Male,29,Jaipur,Rajasthan,2023-09-11
CUST07186,Simran Mehta,Female,65,Kolkata,West Bengal,2024-02-08
CUST07187,Neha Patel,Other,28,Ahmedabad,Gujarat,2024-04-17
CUST07188,Rahul Mehta,Male,46,Lucknow,Uttar Pradesh,2024-03-28
CUST07189,Kabir Kulkarni,Male,33,Kolkata,West Bengal,2024-11-18
CUST07190,Aman Khan,Female,59,Pune,Maharashtra,2025-06-18
CUST07191,Aditi Joshi,Other,60,Chennai,Tamil Nadu,2025-09-14
CUST07192,Riya Nair,Female,37,Ahmedabad,Gujarat,2023-06-11
CUST07193,Rohan Patel,Male,37,Bangalore,Karnataka,2024-09-08
CUST07194,Aditya Shah,Other,62,Chennai,Tamil Nadu,2024-05-22
CUST07195,Arjun Patel,Female,20,Chennai,Tamil Nadu,2025-10-10
CUST07196,Aman Mehta,Male,57,Ahmedabad,Gujarat,2023-11-20
CUST07197,Karan Kulkarni,Female,55,Mumbai,Maharashtra,2024-01-21
CUST07198,Neha Verma,Male,57,Chennai,Tamil Nadu,2025-05-05
CUST07199,Karan Shah,Female,52,Hyderabad,Telangana,2023-07-25
CUST07200,Vikram Jain,Other,52,Ahmedabad,Gujarat,2023-01-10
CUST07201,Aditya Joshi,Other,35,Mumbai,Maharashtra,2025-03-29
CUST07202,Sneha Rao,Female,24,Lucknow,Uttar Pradesh,2024-07-12
CUST07203,Aditi Rao,Female,27,Delhi,Delhi,2023-02-02
CUST07204,Riya Rao,Female,57,Lucknow,Uttar Pradesh,2025-08-28
CUST07205,Rohan Joshi,Male,18,Pune,Maharashtra,2023-11-04
CUST07206,Ananya Mishra,Other,52,Jaipur,Rajasthan,2023-05-26
CUST07207,Shreya Desai,Male,27,Lucknow,Uttar Pradesh,2023-08-21
CUST07208,Aman Shah,Female,31,Chennai,Tamil Nadu,2025-07-07
CUST07209,Yash Gupta,Male,23,Jaipur,Rajasthan,2023-06-08
CUST07210,Aditya Nair,Male,37,Ahmedabad,Gujarat,2023-03-18
CUST07211,Kabir Joshi,Other,23,Kolkata,West Bengal,2023-04-19
CUST07212,Pooja Gupta,Male,37,Bangalore,Karnataka,2025-02-26
CUST07213,Aditya Jain,Female,28,Chennai,Tamil Nadu,2024-08-04
CUST07214,Aarav Jain,Male,39,Bangalore,Karnataka,2023-09-10
CUST07215,Karan Rao,Male,60,Kolkata,West Bengal,2023-12-14
CUST07216,Sneha Singh,Female,23,Pune,Maharashtra,2023-01-09
CUST07217,Kabir Shah,Female,42,Pune,Maharashtra,2024-04-14
CUST07218,Vikram Jain,Female,48,Mumbai,Maharashtra,2024-11-28
CUST07219,Aditi Nair,Male,33,Mumbai,Maharashtra,2025-05-04
CUST07220,Aman Kulkarni,Female,54,Delhi,Delhi,2023-04-16
CUST07221,Neha Patel,Female,26,Kolkata,West Bengal,2024-01-24
CUST07222,Arjun Gupta,Male,28,Delhi,Delhi,2023-12-30
CUST07223,Priya Gupta,Female,43,Delhi,Delhi,2025-09-25
CUST07224,Arjun Desai,Other,39,Jaipur,Rajasthan,2023-03-27
CUST07225,Pooja Gupta,Other,39,Delhi,Delhi,2025-12-18
CUST07226,Karan Patel,Other,30,Hyderabad,Telangana,2024-03-23
CUST07227,Pooja Desai,Male,51,Chennai,Tamil Nadu,2023-01-26
CUST07228,Aditya Singh,Female,62,Delhi,Delhi,2024-11-04
CUST07229,Aditya Kulkarni,Other,57,Delhi,Delhi,2025-06-18
CUST07230,Ananya Khan,Other,28,Chennai,Tamil Nadu,2025-08-27
CUST07231,Aman Sharma,Other,37,Chennai,Tamil Nadu,2023-12-30
CUST07232,Aman Mehta,Other,25,Bangalore,Karnataka,2023-06-25
CUST07233,Ananya Khan,Other,55,Pune,Maharashtra,2023-11-24
CUST07234,Shreya Gupta,Female,25,Jaipur,Rajasthan,2023-08-20
CUST07235,Isha Sharma,Other,41,Delhi,Delhi,2024-03-19
CUST07236,Vikram Jain,Other,25,Lucknow,Uttar Pradesh,2024-01-24
CUST07237,Isha Mishra,Female,27,Bangalore,Karnataka,2025-04-24
CUST07238,Aarav Jain,Other,19,Delhi,Delhi,2023-11-29
CUST07239,Ananya Verma,Male,21,Pune,Maharashtra,2023-03-29
CUST07240,Shreya Jain,Other,37,Jaipur,Rajasthan,2024-09-11
CUST07241,Pooja Singh,Other,43,Jaipur,Rajasthan,2025-11-17
CUST07242,Vikram Joshi,Other,22,Lucknow,Uttar Pradesh,2024-08-31
CUST07243,Simran Mehta,Other,25,Ahmedabad,Gujarat,2024-01-18
CUST07244,Sneha Khan,Other,38,Kolkata,West Bengal,2025-07-25
CUST07245,Shreya Patel,Female,62,Kolkata,West Bengal,2024-10-01
CUST07246,Aman Patel,Male,64,Chennai,Tamil Nadu,2024-01-27
CUST07247,Ananya Kulkarni,Male,30,Mumbai,Maharashtra,2023-07-14
CUST07248,Aditi Kulkarni,Male,24,Chennai,Tamil Nadu,2023-10-09
CUST07249,Neha Desai,Male,36,Jaipur,Rajasthan,2023-12-16
CUST07250,Priya Kulkarni,Other,26,Pune,Maharashtra,2023-01-26
CUST07251,Rahul Jain,Male,43,Pune,Maharashtra,2025-03-19
CUST07252,Riya Mishra,Male,18,Delhi,Delhi,2024-05-12
CUST07253,Rahul Joshi,Male,33,Hyderabad,Telangana,2024-06-02
CUST07254,Simran Desai,Female,48,Ahmedabad,Gujarat,2023-03-22
CUST07255,Vikram Sharma,Other,64,Pune,Maharashtra,2023-10-03
CUST07256,Rohan Khan,Other,63,Lucknow,Uttar Pradesh,2025-10-07
CUST07257,Pooja Nair,Female,21,Kolkata,West Bengal,2025-08-20
CUST07258,Simran Nair,Male,22,Ahmedabad,Gujarat,2025-09-23
CUST07259,Aditi Verma,Female,62,Chennai,Tamil Nadu,2024-01-01
CUST07260,Aditi Sharma,Other,20,Hyderabad,Telangana,2024-03-23
CUST07261,Neha Mishra,Other,61,Delhi,Delhi,2023-02-08
CUST07262,Shreya Nair,Female,47,Ahmedabad,Gujarat,2023-10-24
CUST07263,Rahul Joshi,Female,40,Pune,Maharashtra,2024-01-10
CUST07264,Isha Jain,Other,60,Delhi,Delhi,2025-06-13
CUST07265,Simran Singh,Female,45,Hyderabad,Telangana,2023-12-31
CUST07266,Sneha Singh,Other,29,Jaipur,Rajasthan,2024-10-15
CUST07267,Sneha Kulkarni,Other,54,Delhi,Delhi,2023-12-13
CUST07268,Rohan Jain,Other,58,Kolkata,West Bengal,2024-01-28
CUST07269,Priya Rao,Other,19,Ahmedabad,Gujarat,2025-05-23
CUST07270,Riya Jain,Male,59,Mumbai,Maharashtra,2024-07-15
CUST07271,Sneha Joshi,Male,51,Ahmedabad,Gujarat,2024-04-18
CUST07272,Shreya Singh,Male,23,Chennai,Tamil Nadu,2024-04-26
CUST07273,Pooja Khan,Other,23,Lucknow,Uttar Pradesh,2024-01-19
CUST07274,Rohan Joshi,Other,47,Hyderabad,Telangana,2024-10-01
CUST07275,Aditi Joshi,Other,18,Mumbai,Maharashtra,2025-08-19
CUST07276,Riya Verma,Other,53,Chennai,Tamil Nadu,2023-01-13
CUST07277,Simran Jain,Other,54,Pune,Maharashtra,2024-08-01
CUST07278,Shreya Singh,Female,47,Kolkata,West Bengal,2024-02-10
CUST07279,Vikram Kulkarni,Male,22,Kolkata,West Bengal,2025-04-29
CUST07280,Sneha Kulkarni,Other,40,Mumbai,Maharashtra,2024-10-28
CUST07281,Arjun Singh,Other,40,Pune,Maharashtra,2024-07-26
CUST07282,Karan Nair,Female,55,Bangalore,Karnataka,2023-11-30
CUST07283,Aditya Joshi,Male,63,Delhi,Delhi,2024-02-06
CUST07284,Aditi Nair,Female,36,Chennai,Tamil Nadu,2023-05-18
CUST07285,Ananya Singh,Other,62,Kolkata,West Bengal,2024-03-02
CUST07286,Neha Patel,Other,44,Delhi,Delhi,2023-02-23
CUST07287,Riya Gupta,Other,32,Chennai,Tamil Nadu,2023-08-08
CUST07288,Pooja Shah,Other,56,Kolkata,West Bengal,2024-12-29
CUST07289,Aarav Mishra,Female,22,Chennai,Tamil Nadu,2023-03-04
CUST07290,Riya Shah,Male,33,Ahmedabad,Gujarat,2023-10-19
CUST07291,Karan Mehta,Other,47,Kolkata,West Bengal,2025-09-24
CUST07292,Aditi Nair,Male,58,Hyderabad,Telangana,2023-12-20
CUST07293,Simran Patel,Male,46,Bangalore,Karnataka,2025-11-22
CUST07294,Arjun Jain,Female,37,Jaipur,Rajasthan,2024-04-16
CUST07295,Kabir Nair,Male,22,Chennai,Tamil Nadu,2023-10-12
CUST07296,Priya Verma,Male,49,Chennai,Tamil Nadu,2025-05-16
CUST07297,Rohan Patel,Other,31,Delhi,Delhi,2024-09-18
CUST07298,Sneha Patel,Other,43,Mumbai,Maharashtra,2025-12-31
CUST07299,Priya Shah,Other,39,Mumbai,Maharashtra,2025-06-03
CUST07300,Aman Jain,Male,33,Pune,Maharashtra,2023-02-23
CUST07301,Simran Patel,Male,63,Jaipur,Rajasthan,2023-02-08
CUST07302,Pooja Gupta,Other,23,Jaipur,Rajasthan,2025-02-01
CUST07303,Aditi Jain,Male,50,Mumbai,Maharashtra,2023-09-22
CUST07304,Rahul Gupta,Male,52,Delhi,Delhi,2024-06-01
CUST07305,Arjun Verma,Other,34,Mumbai,Maharashtra,2023-10-03
CUST07306,Pooja Patel,Other,46,Kolkata,West Bengal,2025-08-21
CUST07307,Rohan Mehta,Other,56,Delhi,Delhi,2024-07-30
CUST07308,Aman Verma,Other,26,Mumbai,Maharashtra,2024-03-05
CUST07309,Aarav Gupta,Other,49,Hyderabad,Telangana,2024-09-29
CUST07310,Karan Shah,Female,26,Hyderabad,Telangana,2024-09-20
CUST07311,Ananya Sharma,Male,20,Kolkata,West Bengal,2025-01-09
CUST07312,Aarav Gupta,Male,18,Kolkata,West Bengal,2023-01-04
CUST07313,Isha Patel,Male,39,Hyderabad,Telangana,2023-09-07
CUST07314,Neha Joshi,Male,21,Ahmedabad,Gujarat,2024-09-13
CUST07315,Riya Rao,Other,32,Bangalore,Karnataka,2023-09-19
CUST07316,Shreya Joshi,Male,60,Kolkata,West Bengal,2025-08-08
CUST07317,Arjun Verma,Other,51,Kolkata,West Bengal,2023-06-07
CUST07318,Shreya Jain,Other,53,Jaipur,Rajasthan,2025-10-14
CUST07319,Kabir Verma,Other,46,Kolkata,West Bengal,2025-09-02
CUST07320,Neha Mishra,Other,48,Delhi,Delhi,2024-03-21
CUST07321,Kabir Khan,Male,56,Delhi,Delhi,2023-09-21
CUST07322,Simran Patel,Other,47,Jaipur,Rajasthan,2024-04-02
CUST07323,Priya Sharma,Female,32,Pune,Maharashtra,2025-11-03
CUST07324,Aditi Gupta,Other,34,Chennai,Tamil Nadu,2023-08-28
CUST07325,Aditya Joshi,Other,23,Jaipur,Rajasthan,2025-04-19
CUST07326,Kabir Mishra,Male,52,Hyderabad,Telangana,2024-07-28
CUST07327,Simran Jain,Other,60,Mumbai,Maharashtra,2025-10-18
CUST07328,Vikram Rao,Male,58,Pune,Maharashtra,2023-03-24
CUST07329,Ananya Joshi,Other,39,Ahmedabad,Gujarat,2024-10-15
CUST07330,Shreya Shah,Other,58,Lucknow,Uttar Pradesh,2023-08-06
CUST07331,Aditya Shah,Male,41,Kolkata,West Bengal,2023-10-15
CUST07332,Karan Mishra,Male,55,Pune,Maharashtra,2024-01-27
CUST07333,Priya Verma,Female,19,Delhi,Delhi,2024-10-09
CUST07334,Pooja Shah,Female,47,Jaipur,Rajasthan,2024-10-05
CUST07335,Aarav Mehta,Other,22,Mumbai,Maharashtra,2025-08-16
CUST07336,Neha Shah,Male,21,Ahmedabad,Gujarat,2024-07-25
CUST07337,Neha Joshi,Male,61,Chennai,Tamil Nadu,2024-11-20
CUST07338,Aditya Gupta,Female,51,Pune,Maharashtra,2023-03-15
CUST07339,Aman Khan,Female,62,Kolkata,West Bengal,2025-07-22
CUST07340,Yash Mishra,Other,63,Jaipur,Rajasthan,2023-12-04
CUST07341,Rahul Rao,Other,20,Delhi,Delhi,2023-03-06
CUST07342,Kabir Rao,Female,19,Bangalore,Karnataka,2023-01-19
CUST07343,Shreya Gupta,Male,29,Ahmedabad,Gujarat,2023-05-20
CUST07344,Isha Desai,Female,60,Delhi,Delhi,2025-06-27
CUST07345,Riya Kulkarni,Male,19,Mumbai,Maharashtra,2024-07-26
CUST07346,Isha Kulkarni,Female,23,Kolkata,West Bengal,2025-04-17
CUST07347,Yash Desai,Male,45,Pune,Maharashtra,2024-07-13
CUST07348,Rahul Rao,Female,21,Pune,Maharashtra,2024-09-07
CUST07349,Karan Singh,Female,23,Jaipur,Rajasthan,2025-04-28
CUST07350,Ananya Rao,Other,47,Mumbai,Maharashtra,2023-08-29
CUST07351,Kabir Rao,Male,28,Mumbai,Maharashtra,2024-04-17
CUST07352,Aditya Verma,Other,36,Mumbai,Maharashtra,2024-08-07
CUST07353,Sneha Rao,Male,26,Mumbai,Maharashtra,2025-08-07
CUST07354,Isha Mishra,Other,54,Kolkata,West Bengal,2025-05-16
CUST07355,Shreya Mishra,Other,61,Ahmedabad,Gujarat,2024-06-09
CUST07356,Aditi Rao,Female,32,Hyderabad,Telangana,2023-04-27
CUST07357,Yash Patel,Other,56,Ahmedabad,Gujarat,2025-06-24
CUST07358,Yash Jain,Female,43,Lucknow,Uttar Pradesh,2023-10-20
CUST07359,Aman Mehta,Male,36,Pune,Maharashtra,2025-08-14
CUST07360,Yash Patel,Male,23,Delhi,Delhi,2024-01-28
CUST07361,Yash Desai,Male,33,Pune,Maharashtra,2024-05-16
CUST07362,Arjun Mishra,Other,42,Pune,Maharashtra,2025-01-01
CUST07363,Neha Patel,Male,47,Jaipur,Rajasthan,2023-09-13
CUST07364,Neha Singh,Male,19,Delhi,Delhi,2025-08-30
CUST07365,Sneha Gupta,Female,30,Hyderabad,Telangana,2025-07-31
CUST07366,Rahul Joshi,Female,19,Kolkata,West Bengal,2025-08-18
CUST07367,Aditya Shah,Female,23,Kolkata,West Bengal,2023-10-10
CUST07368,Rahul Shah,Female,34,Delhi,Delhi,2023-05-30
CUST07369,Ananya Khan,Other,19,Delhi,Delhi,2023-08-21
CUST07370,Rahul Sharma,Female,24,Kolkata,West Bengal,2023-01-24
CUST07371,Sneha Nair,Male,20,Kolkata,West Bengal,2024-02-22
CUST07372,Neha Mishra,Male,61,Bangalore,Karnataka,2023-12-28
CUST07373,Isha Gupta,Female,59,Bangalore,Karnataka,2025-05-18
CUST07374,Sneha Nair,Other,34,Chennai,Tamil Nadu,2024-02-14
CUST07375,Rahul Joshi,Male,44,Kolkata,West Bengal,2023-09-03
CUST07376,Ananya Khan,Female,65,Chennai,Tamil Nadu,2024-09-29
CUST07377,Rahul Desai,Female,39,Delhi,Delhi,2025-12-29
CUST07378,Aditya Shah,Other,27,Ahmedabad,Gujarat,2024-10-10
CUST07379,Vikram Kulkarni,Male,52,Bangalore,Karnataka,2025-01-25
CUST07380,Ananya Gupta,Male,29,Lucknow,Uttar Pradesh,2024-09-28
CUST07381,Rohan Mehta,Other,41,Hyderabad,Telangana,2024-12-12
CUST07382,Aman Shah,Male,62,Chennai,Tamil Nadu,2025-11-12
CUST07383,Rohan Khan,Other,51,Chennai,Tamil Nadu,2023-12-18
CUST07384,Aarav Joshi,Female,20,Mumbai,Maharashtra,2025-10-12
CUST07385,Riya Nair,Other,61,Jaipur,Rajasthan,2023-06-30
CUST07386,Kabir Rao,Female,36,Hyderabad,Telangana,2025-01-08
CUST07387,Rahul Joshi,Other,62,Bangalore,Karnataka,2024-07-28
CUST07388,Riya Verma,Female,36,Ahmedabad,Gujarat,2025-09-15
CUST07389,Karan Singh,Other,33,Kolkata,West Bengal,2024-06-25
CUST07390,Aditi Gupta,Male,21,Kolkata,West Bengal,2024-08-01
CUST07391,Pooja Sharma,Other,26,Kolkata,West Bengal,2025-12-25
CUST07392,Vikram Gupta,Male,65,Jaipur,Rajasthan,2025-06-08
CUST07393,Kabir Joshi,Female,47,Chennai,Tamil Nadu,2024-03-01
CUST07394,Aman Shah,Other,36,Jaipur,Rajasthan,2024-12-21
CUST07395,Vikram Sharma,Male,25,Lucknow,Uttar Pradesh,2023-07-26
CUST07396,Aarav Jain,Female,28,Pune,Maharashtra,2023-02-19
CUST07397,Neha Gupta,Other,45,Chennai,Tamil Nadu,2024-02-10
CUST07398,Aditi Patel,Other,57,Kolkata,West Bengal,2023-05-04
CUST07399,Sneha Mehta,Male,46,Pune,Maharashtra,2025-08-17
CUST07400,Aman Mehta,Female,60,Kolkata,West Bengal,2023-10-06
CUST07401,Ananya Nair,Male,25,Ahmedabad,Gujarat,2024-08-30
CUST07402,Vikram Rao,Male,41,Mumbai,Maharashtra,2024-03-21
CUST07403,Aditi Khan,Male,61,Hyderabad,Telangana,2024-08-31
CUST07404,Shreya Kulkarni,Female,27,Jaipur,Rajasthan,2024-06-13
CUST07405,Kabir Kulkarni,Male,61,Lucknow,Uttar Pradesh,2025-01-02
CUST07406,Sneha Desai,Other,34,Delhi,Delhi,2025-10-19
CUST07407,Aman Desai,Female,56,Pune,Maharashtra,2024-11-19
CUST07408,Neha Nair,Female,64,Lucknow,Uttar Pradesh,2024-12-26
CUST07409,Yash Jain,Female,64,Delhi,Delhi,2023-12-21
CUST07410,Rohan Nair,Other,36,Delhi,Delhi,2025-10-06
CUST07411,Rahul Verma,Male,26,Delhi,Delhi,2025-12-19
CUST07412,Rahul Jain,Male,31,Pune,Maharashtra,2023-02-18
CUST07413,Shreya Shah,Female,42,Kolkata,West Bengal,2023-09-22
CUST07414,Ananya Verma,Other,19,Kolkata,West Bengal,2024-07-08
CUST07415,Karan Sharma,Female,60,Pune,Maharashtra,2025-03-08
CUST07416,Neha Patel,Other,42,Delhi,Delhi,2023-12-01
CUST07417,Sneha Kulkarni,Male,40,Delhi,Delhi,2023-09-09
CUST07418,Aarav Mehta,Other,56,Bangalore,Karnataka,2025-12-25
CUST07419,Priya Sharma,Other,58,Ahmedabad,Gujarat,2024-08-20
CUST07420,Aditya Singh,Other,63,Chennai,Tamil Nadu,2023-12-14
CUST07421,Rahul Verma,Female,35,Kolkata,West Bengal,2025-10-01
CUST07422,Priya Shah,Female,62,Lucknow,Uttar Pradesh,2024-03-06
CUST07423,Karan Shah,Male,64,Hyderabad,Telangana,2025-07-24
CUST07424,Rahul Nair,Male,56,Ahmedabad,Gujarat,2025-12-01
CUST07425,Pooja Rao,Male,40,Lucknow,Uttar Pradesh,2024-01-19
CUST07426,Ananya Sharma,Female,18,Mumbai,Maharashtra,2023-10-10
CUST07427,Riya Verma,Female,30,Bangalore,Karnataka,2023-05-19
CUST07428,Karan Nair,Other,60,Jaipur,Rajasthan,2025-02-28
CUST07429,Vikram Rao,Female,22,Chennai,Tamil Nadu,2024-03-19
CUST07430,Neha Jain,Male,25,Chennai,Tamil Nadu,2025-09-02
CUST07431,Aarav Joshi,Other,54,Bangalore,Karnataka,2023-01-09
CUST07432,Simran Shah,Male,19,Delhi,Delhi,2025-07-17
CUST07433,Aman Joshi,Other,31,Mumbai,Maharashtra,2025-09-02
CUST07434,Sneha Verma,Male,26,Ahmedabad,Gujarat,2024-04-11
CUST07435,Shreya Verma,Male,65,Hyderabad,Telangana,2024-07-17
CUST07436,Isha Kulkarni,Male,61,Chennai,Tamil Nadu,2023-04-16
CUST07437,Kabir Khan,Other,27,Chennai,Tamil Nadu,2023-02-24
CUST07438,Pooja Kulkarni,Other,21,Mumbai,Maharashtra,2023-01-01
CUST07439,Riya Mehta,Other,59,Bangalore,Karnataka,2023-02-26
CUST07440,Riya Patel,Other,55,Bangalore,Karnataka,2023-09-06
CUST07441,Karan Joshi,Other,59,Bangalore,Karnataka,2024-05-17
CUST07442,Aditya Singh,Male,33,Kolkata,West Bengal,2023-03-19
CUST07443,Rohan Patel,Other,47,Chennai,Tamil Nadu,2025-11-22
CUST07444,Neha Patel,Female,57,Ahmedabad,Gujarat,2025-01-08
CUST07445,Aarav Shah,Male,53,Bangalore,Karnataka,2024-02-07
CUST07446,Yash Kulkarni,Male,56,Mumbai,Maharashtra,2025-06-07
CUST07447,Isha Patel,Male,28,Ahmedabad,Gujarat,2024-11-19
CUST07448,Karan Patel,Male,46,Hyderabad,Telangana,2023-02-19
CUST07449,Yash Khan,Female,59,Jaipur,Rajasthan,2025-05-16
CUST07450,Neha Kulkarni,Female,61,Ahmedabad,Gujarat,2024-10-26
CUST07451,Simran Joshi,Other,24,Mumbai,Maharashtra,2024-11-24
CUST07452,Isha Joshi,Other,46,Mumbai,Maharashtra,2024-08-30
CUST07453,Priya Jain,Female,57,Hyderabad,Telangana,2025-03-11
CUST07454,Isha Khan,Female,29,Kolkata,West Bengal,2023-09-20
CUST07455,Yash Desai,Other,25,Chennai,Tamil Nadu,2023-08-02
CUST07456,Isha Rao,Female,32,Bangalore,Karnataka,2023-03-22
CUST07457,Simran Gupta,Other,62,Chennai,Tamil Nadu,2023-04-05
CUST07458,Karan Jain,Male,49,Kolkata,West Bengal,2023-10-27
CUST07459,Vikram Gupta,Other,30,Hyderabad,Telangana,2024-08-28
CUST07460,Aman Jain,Female,63,Pune,Maharashtra,2023-08-07
CUST07461,Vikram Verma,Female,53,Pune,Maharashtra,2023-03-10
CUST07462,Simran Khan,Other,62,Kolkata,West Bengal,2025-11-12
CUST07463,Neha Kulkarni,Female,57,Chennai,Tamil Nadu,2025-07-03
CUST07464,Arjun Rao,Female,59,Delhi,Delhi,2023-04-22
CUST07465,Pooja Verma,Female,23,Bangalore,Karnataka,2025-05-28
CUST07466,Yash Verma,Other,55,Lucknow,Uttar Pradesh,2024-04-28
CUST07467,Kabir Kulkarni,Male,47,Lucknow,Uttar Pradesh,2024-10-11
CUST07468,Riya Sharma,Female,54,Delhi,Delhi,2023-11-24
CUST07469,Rohan Jain,Other,35,Delhi,Delhi,2025-06-02
CUST07470,Neha Khan,Male,34,Lucknow,Uttar Pradesh,2025-12-04
CUST07471,Sneha Jain,Female,46,Ahmedabad,Gujarat,2023-01-30
CUST07472,Aarav Gupta,Other,55,Mumbai,Maharashtra,2025-09-15
CUST07473,Rohan Desai,Other,46,Chennai,Tamil Nadu,2023-05-20
CUST07474,Neha Desai,Female,62,Lucknow,Uttar Pradesh,2024-01-01
CUST07475,Aman Mehta,Other,64,Mumbai,Maharashtra,2024-03-27
CUST07476,Priya Verma,Female,25,Hyderabad,Telangana,2024-12-02
CUST07477,Rahul Joshi,Male,22,Kolkata,West Bengal,2025-09-17
CUST07478,Rahul Mishra,Male,53,Hyderabad,Telangana,2023-01-10
CUST07479,Aditya Verma,Other,25,Jaipur,Rajasthan,2024-12-15
CUST07480,Neha Shah,Male,39,Bangalore,Karnataka,2024-09-16
CUST07481,Vikram Desai,Other,52,Mumbai,Maharashtra,2023-01-15
CUST07482,Aarav Jain,Other,31,Chennai,Tamil Nadu,2025-10-02
CUST07483,Pooja Khan,Other,31,Lucknow,Uttar Pradesh,2023-04-05
CUST07484,Aarav Shah,Male,58,Pune,Maharashtra,2023-05-30
CUST07485,Vikram Joshi,Other,50,Hyderabad,Telangana,2023-09-14
CUST07486,Aditya Desai,Other,61,Jaipur,Rajasthan,2024-06-30
CUST07487,Shreya Mishra,Male,65,Ahmedabad,Gujarat,2025-06-22
CUST07488,Riya Rao,Male,19,Mumbai,Maharashtra,2025-05-22
CUST07489,Riya Gupta,Female,33,Kolkata,West Bengal,2023-07-23
CUST07490,Sneha Mishra,Male,35,Ahmedabad,Gujarat,2023-03-06
CUST07491,Aman Patel,Female,30,Ahmedabad,Gujarat,2024-09-24
CUST07492,Vikram Kulkarni,Other,64,Ahmedabad,Gujarat,2023-06-18
CUST07493,Vikram Shah,Female,29,Jaipur,Rajasthan,2025-07-27
CUST07494,Arjun Jain,Other,49,Chennai,Tamil Nadu,2025-09-05
CUST07495,Isha Mishra,Female,41,Mumbai,Maharashtra,2024-10-27
CUST07496,Yash Desai,Other,27,Kolkata,West Bengal,2023-09-07
CUST07497,Isha Rao,Female,22,Jaipur,Rajasthan,2025-10-19
CUST07498,Karan Mehta,Female,32,Ahmedabad,Gujarat,2025-11-02
CUST07499,Arjun Gupta,Other,48,Delhi,Delhi,2025-10-27
CUST07500,Priya Desai,Other,54,Hyderabad,Telangana,2024-06-12
CUST07501,Priya Patel,Male,63,Bangalore,Karnataka,2023-10-07
CUST07502,Sneha Singh,Male,25,Lucknow,Uttar Pradesh,2025-12-09
CUST07503,Aditya Singh,Female,62,Mumbai,Maharashtra,2023-01-30
CUST07504,Ananya Shah,Female,63,Bangalore,Karnataka,2023-01-14
CUST07505,Karan Kulkarni,Female,47,Pune,Maharashtra,2024-12-20
CUST07506,Riya Patel,Male,64,Chennai,Tamil Nadu,2024-06-28
CUST07507,Kabir Khan,Male,36,Kolkata,West Bengal,2025-03-10
CUST07508,Aditya Desai,Other,23,Jaipur,Rajasthan,2024-04-17
CUST07509,Ananya Desai,Female,59,Pune,Maharashtra,2025-01-28
CUST07510,Vikram Verma,Female,48,Ahmedabad,Gujarat,2025-03-29
CUST07511,Pooja Desai,Female,43,Kolkata,West Bengal,2024-05-30
CUST07512,Aditi Kulkarni,Male,50,Chennai,Tamil Nadu,2023-09-15
CUST07513,Aditya Mishra,Female,39,Bangalore,Karnataka,2025-06-11
CUST07514,Aditya Jain,Female,41,Bangalore,Karnataka,2023-05-25
CUST07515,Aditi Gupta,Female,51,Lucknow,Uttar Pradesh,2025-11-29
CUST07516,Rahul Singh,Female,27,Jaipur,Rajasthan,2025-10-23
CUST07517,Kabir Joshi,Male,28,Pune,Maharashtra,2024-07-18
CUST07518,Aarav Desai,Other,20,Delhi,Delhi,2025-01-10
CUST07519,Pooja Jain,Other,52,Lucknow,Uttar Pradesh,2023-12-15
CUST07520,Kabir Rao,Female,61,Hyderabad,Telangana,2025-12-13
CUST07521,Karan Sharma,Female,26,Mumbai,Maharashtra,2025-02-17
CUST07522,Isha Desai,Other,20,Kolkata,West Bengal,2024-02-19
CUST07523,Sneha Mehta,Male,21,Delhi,Delhi,2024-06-10
CUST07524,Rohan Patel,Other,33,Jaipur,Rajasthan,2024-01-24
CUST07525,Sneha Mishra,Male,25,Mumbai,Maharashtra,2023-06-11
CUST07526,Yash Gupta,Female,34,Mumbai,Maharashtra,2025-03-31
CUST07527,Yash Kulkarni,Other,49,Chennai,Tamil Nadu,2024-12-03
CUST07528,Aditya Joshi,Female,27,Bangalore,Karnataka,2024-08-15
CUST07529,Aman Desai,Male,35,Delhi,Delhi,2024-12-04
CUST07530,Rohan Desai,Female,40,Lucknow,Uttar Pradesh,2025-07-25
CUST07531,Kabir Nair,Female,22,Jaipur,Rajasthan,2024-03-08
CUST07532,Kabir Singh,Other,50,Jaipur,Rajasthan,2024-02-14
CUST07533,Kabir Nair,Female,40,Delhi,Delhi,2024-05-09
CUST07534,Vikram Desai,Male,60,Lucknow,Uttar Pradesh,2025-06-03
CUST07535,Rohan Rao,Other,65,Jaipur,Rajasthan,2024-12-28
CUST07536,Simran Desai,Female,59,Pune,Maharashtra,2023-05-20
CUST07537,Simran Jain,Other,42,Bangalore,Karnataka,2024-10-31
CUST07538,Aditi Nair,Other,45,Delhi,Delhi,2023-08-16
CUST07539,Rahul Gupta,Other,48,Kolkata,West Bengal,2024-09-19
CUST07540,Pooja Nair,Female,61,Bangalore,Karnataka,2024-02-06
CUST07541,Simran Gupta,Other,41,Bangalore,Karnataka,2025-06-02
CUST07542,Ananya Verma,Male,45,Lucknow,Uttar Pradesh,2025-07-26
CUST07543,Riya Singh,Male,18,Lucknow,Uttar Pradesh,2023-04-10
CUST07544,Rahul Khan,Other,21,Ahmedabad,Gujarat,2023-06-07
CUST07545,Shreya Joshi,Male,52,Bangalore,Karnataka,2023-01-19
CUST07546,Kabir Mehta,Male,41,Delhi,Delhi,2023-09-21
CUST07547,Arjun Singh,Female,64,Mumbai,Maharashtra,2024-07-15
CUST07548,Vikram Mehta,Female,62,Pune,Maharashtra,2024-07-08
CUST07549,Priya Mehta,Female,39,Mumbai,Maharashtra,2023-07-12
CUST07550,Pooja Desai,Other,31,Hyderabad,Telangana,2024-04-27
CUST07551,Neha Sharma,Female,30,Jaipur,Rajasthan,2023-11-15
CUST07552,Rahul Desai,Male,61,Bangalore,Karnataka,2024-10-23
CUST07553,Simran Patel,Male,21,Pune,Maharashtra,2023-01-30
CUST07554,Riya Joshi,Female,22,Chennai,Tamil Nadu,2025-12-15
CUST07555,Karan Jain,Male,36,Bangalore,Karnataka,2023-05-06
CUST07556,Yash Gupta,Male,49,Hyderabad,Telangana,2024-12-10
CUST07557,Karan Joshi,Other,33,Mumbai,Maharashtra,2024-03-10
CUST07558,Priya Kulkarni,Male,26,Mumbai,Maharashtra,2025-08-11
CUST07559,Karan Gupta,Male,23,Mumbai,Maharashtra,2024-09-11
CUST07560,Aarav Jain,Female,48,Lucknow,Uttar Pradesh,2023-01-25
CUST07561,Ananya Khan,Male,61,Jaipur,Rajasthan,2023-12-23
CUST07562,Aditya Nair,Female,48,Hyderabad,Telangana,2023-09-22
CUST07563,Sneha Verma,Female,34,Kolkata,West Bengal,2024-12-27
CUST07564,Kabir Desai,Male,46,Delhi,Delhi,2025-06-15
CUST07565,Neha Verma,Female,37,Hyderabad,Telangana,2024-11-22
CUST07566,Simran Jain,Female,24,Delhi,Delhi,2024-08-13
CUST07567,Priya Jain,Female,24,Kolkata,West Bengal,2025-04-12
CUST07568,Aditya Jain,Other,65,Hyderabad,Telangana,2024-03-20
CUST07569,Rahul Singh,Female,63,Pune,Maharashtra,2024-01-03
CUST07570,Aditi Mishra,Female,21,Bangalore,Karnataka,2023-05-22
CUST07571,Ananya Shah,Other,33,Pune,Maharashtra,2024-03-31
CUST07572,Aman Sharma,Female,57,Kolkata,West Bengal,2023-11-19
CUST07573,Simran Singh,Male,36,Chennai,Tamil Nadu,2025-10-29
CUST07574,Kabir Verma,Other,54,Hyderabad,Telangana,2024-03-16
CUST07575,Arjun Mishra,Male,46,Bangalore,Karnataka,2023-03-30
CUST07576,Ananya Nair,Male,46,Lucknow,Uttar Pradesh,2023-08-13
CUST07577,Neha Singh,Female,47,Hyderabad,Telangana,2025-01-12
CUST07578,Arjun Gupta,Other,23,Bangalore,Karnataka,2023-06-22
CUST07579,Pooja Khan,Male,63,Bangalore,Karnataka,2023-12-30
CUST07580,Vikram Mishra,Male,18,Chennai,Tamil Nadu,2023-07-01
CUST07581,Karan Mishra,Female,34,Pune,Maharashtra,2024-01-24
CUST07582,Rohan Desai,Female,31,Pune,Maharashtra,2024-08-17
CUST07583,Priya Nair,Other,23,Lucknow,Uttar Pradesh,2025-05-06
CUST07584,Karan Mehta,Other,21,Bangalore,Karnataka,2023-01-16
CUST07585,Kabir Khan,Female,43,Bangalore,Karnataka,2023-12-05
CUST07586,Yash Shah,Female,50,Chennai,Tamil Nadu,2023-11-18
CUST07587,Aditi Mishra,Other,38,Jaipur,Rajasthan,2025-07-02
CUST07588,Riya Patel,Male,52,Mumbai,Maharashtra,2024-03-23
CUST07589,Neha Shah,Male,55,Mumbai,Maharashtra,2023-01-30
CUST07590,Aditi Jain,Male,58,Mumbai,Maharashtra,2025-05-16
CUST07591,Rahul Joshi,Other,48,Jaipur,Rajasthan,2025-05-18
CUST07592,Kabir Jain,Female,41,Chennai,Tamil Nadu,2024-08-03
CUST07593,Simran Desai,Male,53,Delhi,Delhi,2025-09-08
CUST07594,Isha Verma,Female,35,Mumbai,Maharashtra,2024-05-09
CUST07595,Pooja Khan,Male,63,Hyderabad,Telangana,2024-03-27
CUST07596,Isha Mishra,Other,60,Kolkata,West Bengal,2024-12-25
CUST07597,Pooja Mishra,Male,39,Jaipur,Rajasthan,2024-08-06
CUST07598,Isha Nair,Female,25,Kolkata,West Bengal,2024-02-16
CUST07599,Kabir Joshi,Female,22,Ahmedabad,Gujarat,2024-02-22
CUST07600,Yash Joshi,Female,54,Delhi,Delhi,2025-10-20
CUST07601,Vikram Joshi,Other,44,Lucknow,Uttar Pradesh,2025-01-09
CUST07602,Aditya Rao,Male,58,Kolkata,West Bengal,2023-01-26
CUST07603,Sneha Nair,Other,38,Hyderabad,Telangana,2025-07-05
CUST07604,Rahul Mehta,Other,35,Lucknow,Uttar Pradesh,2025-03-20
CUST07605,Yash Gupta,Male,54,Bangalore,Karnataka,2023-06-30
CUST07606,Priya Mehta,Male,64,Bangalore,Karnataka,2024-10-29
CUST07607,Karan Joshi,Other,58,Chennai,Tamil Nadu,2025-09-09
CUST07608,Neha Mishra,Other,26,Hyderabad,Telangana,2025-07-17
CUST07609,Sneha Verma,Male,35,Kolkata,West Bengal,2025-04-26
CUST07610,Arjun Gupta,Female,31,Bangalore,Karnataka,2025-05-29
CUST07611,Aditi Mehta,Male,52,Lucknow,Uttar Pradesh,2025-08-24
CUST07612,Arjun Shah,Male,55,Ahmedabad,Gujarat,2023-11-14
CUST07613,Simran Mehta,Other,30,Delhi,Delhi,2023-02-03
CUST07614,Neha Khan,Other,30,Bangalore,Karnataka,2024-09-29
CUST07615,Shreya Mehta,Male,23,Bangalore,Karnataka,2025-01-26
CUST07616,Isha Singh,Other,34,Kolkata,West Bengal,2023-09-30
CUST07617,Aarav Verma,Male,56,Kolkata,West Bengal,2024-11-03
CUST07618,Aditi Jain,Other,31,Jaipur,Rajasthan,2025-08-16
CUST07619,Isha Rao,Female,61,Ahmedabad,Gujarat,2025-04-05
CUST07620,Shreya Sharma,Other,27,Mumbai,Maharashtra,2025-06-16
CUST07621,Isha Gupta,Female,42,Kolkata,West Bengal,2025-06-01
CUST07622,Shreya Gupta,Female,61,Jaipur,Rajasthan,2024-03-30
CUST07623,Aarav Khan,Male,51,Lucknow,Uttar Pradesh,2024-09-25
CUST07624,Pooja Kulkarni,Other,19,Bangalore,Karnataka,2024-12-30
CUST07625,Yash Joshi,Female,58,Chennai,Tamil Nadu,2024-01-06
CUST07626,Pooja Mehta,Male,42,Lucknow,Uttar Pradesh,2025-09-03
CUST07627,Vikram Singh,Male,38,Bangalore,Karnataka,2024-03-07
CUST07628,Kabir Nair,Male,58,Bangalore,Karnataka,2025-09-26
CUST07629,Isha Nair,Female,21,Kolkata,West Bengal,2023-12-06
CUST07630,Karan Verma,Other,61,Bangalore,Karnataka,2024-01-30
CUST07631,Sneha Gupta,Female,43,Pune,Maharashtra,2025-05-31
CUST07632,Ananya Sharma,Female,56,Chennai,Tamil Nadu,2023-07-25
CUST07633,Vikram Patel,Female,50,Jaipur,Rajasthan,2023-04-09
CUST07634,Vikram Mehta,Other,65,Jaipur,Rajasthan,2025-03-01
CUST07635,Yash Nair,Other,28,Jaipur,Rajasthan,2025-08-22
CUST07636,Karan Gupta,Male,33,Lucknow,Uttar Pradesh,2024-06-05
CUST07637,Shreya Joshi,Female,57,Delhi,Delhi,2025-12-01
CUST07638,Aditya Desai,Other,37,Delhi,Delhi,2024-04-15
CUST07639,Karan Sharma,Other,59,Jaipur,Rajasthan,2024-04-11
CUST07640,Sneha Mishra,Other,19,Delhi,Delhi,2024-05-22
CUST07641,Ananya Desai,Female,48,Lucknow,Uttar Pradesh,2024-01-26
CUST07642,Pooja Singh,Other,31,Delhi,Delhi,2023-10-04
CUST07643,Riya Verma,Other,57,Lucknow,Uttar Pradesh,2024-05-22
CUST07644,Simran Rao,Other,28,Mumbai,Maharashtra,2023-07-06
CUST07645,Priya Jain,Female,31,Mumbai,Maharashtra,2023-06-07
CUST07646,Ananya Kulkarni,Male,18,Chennai,Tamil Nadu,2024-01-05
CUST07647,Rahul Shah,Female,27,Lucknow,Uttar Pradesh,2023-07-23
CUST07648,Rohan Patel,Female,58,Hyderabad,Telangana,2024-05-11
CUST07649,Rohan Khan,Male,55,Delhi,Delhi,2024-08-19
CUST07650,Simran Mehta,Female,20,Delhi,Delhi,2023-12-10
CUST07651,Priya Shah,Female,29,Delhi,Delhi,2025-05-23
CUST07652,Aditi Mishra,Other,40,Delhi,Delhi,2024-01-10
CUST07653,Shreya Sharma,Other,47,Hyderabad,Telangana,2023-07-20
CUST07654,Riya Khan,Other,62,Chennai,Tamil Nadu,2025-03-27
CUST07655,Aarav Sharma,Other,55,Mumbai,Maharashtra,2023-08-04
CUST07656,Arjun Verma,Male,29,Kolkata,West Bengal,2024-12-02
CUST07657,Isha Mishra,Male,34,Pune,Maharashtra,2025-12-20
CUST07658,Rohan Rao,Male,41,Jaipur,Rajasthan,2025-09-12
CUST07659,Arjun Joshi,Female,45,Pune,Maharashtra,2025-10-06
CUST07660,Shreya Patel,Other,21,Delhi,Delhi,2025-08-10
CUST07661,Simran Verma,Female,27,Mumbai,Maharashtra,2023-10-01
CUST07662,Simran Mehta,Male,20,Mumbai,Maharashtra,2024-06-05
CUST07663,Shreya Shah,Other,64,Jaipur,Rajasthan,2023-01-20
CUST07664,Rohan Gupta,Male,31,Lucknow,Uttar Pradesh,2023-08-22
CUST07665,Priya Patel,Male,41,Kolkata,West Bengal,2023-01-26
CUST07666,Shreya Mishra,Female,62,Hyderabad,Telangana,2023-12-31
CUST07667,Arjun Kulkarni,Other,65,Hyderabad,Telangana,2023-10-12
CUST07668,Neha Mehta,Male,41,Ahmedabad,Gujarat,2025-02-26
CUST07669,Rahul Khan,Male,32,Mumbai,Maharashtra,2023-12-02
CUST07670,Ananya Patel,Other,40,Kolkata,West Bengal,2025-08-15
CUST07671,Isha Mehta,Male,42,Jaipur,Rajasthan,2024-03-16
CUST07672,Riya Khan,Other,23,Mumbai,Maharashtra,2023-07-27
CUST07673,Vikram Verma,Male,45,Jaipur,Rajasthan,2023-08-15
CUST07674,Kabir Rao,Other,26,Jaipur,Rajasthan,2025-04-22
CUST07675,Shreya Sharma,Male,39,Bangalore,Karnataka,2024-10-17
CUST07676,Rohan Kulkarni,Male,45,Kolkata,West Bengal,2024-06-09
CUST07677,Kabir Shah,Male,20,Mumbai,Maharashtra,2023-12-16
CUST07678,Shreya Singh,Female,61,Pune,Maharashtra,2023-06-21
CUST07679,Aditya Shah,Other,18,Mumbai,Maharashtra,2024-08-02
CUST07680,Neha Rao,Other,51,Hyderabad,Telangana,2023-06-08
CUST07681,Karan Rao,Other,39,Delhi,Delhi,2023-05-05
CUST07682,Aarav Verma,Male,51,Chennai,Tamil Nadu,2024-10-16
CUST07683,Karan Kulkarni,Other,36,Chennai,Tamil Nadu,2023-12-02
CUST07684,Pooja Jain,Male,32,Ahmedabad,Gujarat,2025-07-03
CUST07685,Riya Kulkarni,Female,57,Pune,Maharashtra,2025-06-12
CUST07686,Riya Sharma,Male,59,Mumbai,Maharashtra,2024-04-10
CUST07687,Kabir Desai,Male,39,Pune,Maharashtra,2024-08-25
CUST07688,Yash Shah,Other,18,Chennai,Tamil Nadu,2024-11-02
CUST07689,Arjun Verma,Male,47,Bangalore,Karnataka,2025-06-23
CUST07690,Shreya Verma,Other,29,Hyderabad,Telangana,2023-10-09
CUST07691,Aman Sharma,Male,18,Delhi,Delhi,2024-04-28
CUST07692,Neha Patel,Male,30,Delhi,Delhi,2023-11-19
CUST07693,Karan Sharma,Female,52,Kolkata,West Bengal,2024-02-05
CUST07694,Aarav Patel,Female,19,Lucknow,Uttar Pradesh,2023-03-22
CUST07695,Priya Gupta,Female,22,Mumbai,Maharashtra,2025-04-01
CUST07696,Arjun Khan,Female,22,Ahmedabad,Gujarat,2024-07-13
CUST07697,Arjun Verma,Female,52,Mumbai,Maharashtra,2025-03-15
CUST07698,Neha Rao,Other,53,Ahmedabad,Gujarat,2025-06-11
CUST07699,Vikram Shah,Female,21,Delhi,Delhi,2023-12-01
CUST07700,Kabir Nair,Female,58,Lucknow,Uttar Pradesh,2023-02-21
CUST07701,Isha Kulkarni,Other,60,Delhi,Delhi,2024-05-19
CUST07702,Yash Patel,Male,24,Lucknow,Uttar Pradesh,2023-05-08
CUST07703,Karan Mishra,Female,62,Chennai,Tamil Nadu,2025-04-13
CUST07704,Vikram Verma,Male,55,Ahmedabad,Gujarat,2025-05-02
CUST07705,Aditya Mehta,Other,19,Pune,Maharashtra,2025-03-28
CUST07706,Ananya Verma,Male,46,Mumbai,Maharashtra,2023-11-10
CUST07707,Pooja Gupta,Female,47,Chennai,Tamil Nadu,2023-06-03
CUST07708,Aditi Mehta,Other,18,Bangalore,Karnataka,2024-02-26
CUST07709,Karan Nair,Female,46,Chennai,Tamil Nadu,2024-04-16
CUST07710,Yash Mishra,Female,60,Bangalore,Karnataka,2025-06-20
CUST07711,Rahul Joshi,Male,57,Hyderabad,Telangana,2023-11-01
CUST07712,Neha Khan,Other,35,Lucknow,Uttar Pradesh,2024-01-09
CUST07713,Yash Singh,Male,41,Jaipur,Rajasthan,2025-08-29
CUST07714,Yash Verma,Male,57,Bangalore,Karnataka,2025-07-28
CUST07715,Shreya Jain,Other,64,Hyderabad,Telangana,2024-03-16
CUST07716,Aditya Nair,Male,62,Ahmedabad,Gujarat,2023-02-02
CUST07717,Karan Sharma,Other,50,Lucknow,Uttar Pradesh,2024-05-12
CUST07718,Vikram Khan,Other,56,Kolkata,West Bengal,2024-02-05
CUST07719,Yash Gupta,Other,36,Kolkata,West Bengal,2024-08-09
CUST07720,Karan Mehta,Other,53,Ahmedabad,Gujarat,2024-05-23
CUST07721,Sneha Joshi,Male,63,Kolkata,West Bengal,2024-12-11
CUST07722,Sneha Singh,Other,47,Delhi,Delhi,2025-05-02
CUST07723,Vikram Mehta,Male,39,Bangalore,Karnataka,2025-08-27
CUST07724,Sneha Mishra,Male,42,Hyderabad,Telangana,2024-09-30
CUST07725,Priya Sharma,Female,30,Delhi,Delhi,2025-04-21
CUST07726,Sneha Gupta,Female,62,Mumbai,Maharashtra,2023-08-27
CUST07727,Rahul Patel,Other,30,Chennai,Tamil Nadu,2025-03-26
CUST07728,Karan Jain,Female,31,Chennai,Tamil Nadu,2023-12-29
CUST07729,Vikram Mehta,Male,31,Jaipur,Rajasthan,2025-05-09
CUST07730,Rohan Joshi,Female,35,Ahmedabad,Gujarat,2023-03-07
CUST07731,Karan Joshi,Other,59,Chennai,Tamil Nadu,2023-08-29
CUST07732,Isha Shah,Male,23,Pune,Maharashtra,2024-08-17
CUST07733,Arjun Patel,Female,54,Ahmedabad,Gujarat,2024-11-26
CUST07734,Karan Gupta,Female,59,Lucknow,Uttar Pradesh,2024-11-11
CUST07735,Isha Mehta,Other,37,Delhi,Delhi,2025-12-24
CUST07736,Priya Mishra,Male,50,Pune,Maharashtra,2025-02-14
CUST07737,Ananya Jain,Male,57,Chennai,Tamil Nadu,2023-06-02
CUST07738,Ananya Patel,Female,59,Kolkata,West Bengal,2024-07-13
CUST07739,Shreya Mehta,Female,29,Pune,Maharashtra,2025-03-04
CUST07740,Aman Singh,Male,34,Jaipur,Rajasthan,2025-06-24
CUST07741,Kabir Nair,Male,59,Hyderabad,Telangana,2024-10-23
CUST07742,Shreya Singh,Female,59,Jaipur,Rajasthan,2025-10-12
CUST07743,Aman Rao,Male,18,Delhi,Delhi,2025-01-07
CUST07744,Aditi Verma,Female,41,Chennai,Tamil Nadu,2023-09-02
CUST07745,Arjun Rao,Female,48,Jaipur,Rajasthan,2024-03-27
CUST07746,Aman Mehta,Female,47,Hyderabad,Telangana,2023-04-10
CUST07747,Simran Mehta,Other,30,Pune,Maharashtra,2024-10-26
CUST07748,Arjun Sharma,Male,34,Jaipur,Rajasthan,2023-07-07
CUST07749,Vikram Gupta,Other,58,Hyderabad,Telangana,2025-09-06
CUST07750,Vikram Mehta,Other,21,Pune,Maharashtra,2024-02-26
CUST07751,Arjun Jain,Male,45,Pune,Maharashtra,2025-05-01
CUST07752,Pooja Nair,Male,64,Lucknow,Uttar Pradesh,2025-03-08
CUST07753,Aarav Desai,Male,65,Lucknow,Uttar Pradesh,2025-04-26
CUST07754,Kabir Jain,Male,22,Pune,Maharashtra,2023-07-29
CUST07755,Yash Jain,Female,39,Ahmedabad,Gujarat,2023-03-17
CUST07756,Aarav Desai,Female,23,Delhi,Delhi,2024-06-29
CUST07757,Neha Singh,Male,28,Mumbai,Maharashtra,2023-07-29
CUST07758,Aditya Sharma,Male,44,Bangalore,Karnataka,2024-01-27
CUST07759,Aditi Sharma,Male,48,Pune,Maharashtra,2023-04-18
CUST07760,Priya Kulkarni,Other,32,Lucknow,Uttar Pradesh,2025-05-01
CUST07761,Rahul Patel,Other,43,Bangalore,Karnataka,2023-05-04
CUST07762,Arjun Gupta,Male,41,Lucknow,Uttar Pradesh,2024-08-27
CUST07763,Aditi Mishra,Female,57,Ahmedabad,Gujarat,2025-03-20
CUST07764,Shreya Mishra,Female,28,Ahmedabad,Gujarat,2025-10-31
CUST07765,Aditi Jain,Female,23,Mumbai,Maharashtra,2023-05-19
CUST07766,Karan Mishra,Female,43,Pune,Maharashtra,2023-10-07
CUST07767,Aarav Khan,Female,28,Ahmedabad,Gujarat,2024-04-01
CUST07768,Sneha Nair,Male,63,Jaipur,Rajasthan,2025-05-16
CUST07769,Neha Singh,Other,63,Chennai,Tamil Nadu,2023-12-14
CUST07770,Aditya Nair,Female,38,Lucknow,Uttar Pradesh,2024-07-13
CUST07771,Riya Nair,Female,62,Kolkata,West Bengal,2024-03-12
CUST07772,Shreya Kulkarni,Male,39,Bangalore,Karnataka,2024-04-15
CUST07773,Aditya Verma,Other,56,Ahmedabad,Gujarat,2025-08-18
CUST07774,Simran Mishra,Female,45,Hyderabad,Telangana,2025-03-09
CUST07775,Aarav Verma,Male,41,Pune,Maharashtra,2023-07-24
CUST07776,Aman Shah,Other,61,Lucknow,Uttar Pradesh,2024-07-12
CUST07777,Simran Patel,Female,32,Chennai,Tamil Nadu,2023-01-10
CUST07778,Aman Sharma,Female,65,Hyderabad,Telangana,2024-11-29
CUST07779,Aarav Mishra,Female,53,Bangalore,Karnataka,2025-12-22
CUST07780,Pooja Singh,Other,18,Kolkata,West Bengal,2025-05-21
CUST07781,Shreya Desai,Female,61,Hyderabad,Telangana,2025-01-01
CUST07782,Kabir Jain,Female,38,Kolkata,West Bengal,2023-02-05
CUST07783,Arjun Rao,Male,23,Bangalore,Karnataka,2023-06-28
CUST07784,Yash Gupta,Male,60,Bangalore,Karnataka,2025-03-08
CUST07785,Rahul Desai,Male,51,Pune,Maharashtra,2024-08-08
CUST07786,Aarav Jain,Female,55,Bangalore,Karnataka,2024-07-22
CUST07787,Isha Sharma,Other,58,Jaipur,Rajasthan,2024-12-15
CUST07788,Sneha Joshi,Male,39,Kolkata,West Bengal,2025-02-03
CUST07789,Priya Rao,Female,47,Pune,Maharashtra,2024-05-15
CUST07790,Aman Joshi,Other,44,Mumbai,Maharashtra,2025-07-04
CUST07791,Neha Rao,Male,49,Chennai,Tamil Nadu,2025-07-28
CUST07792,Karan Kulkarni,Female,22,Chennai,Tamil Nadu,2023-11-13
CUST07793,Priya Mehta,Female,47,Chennai,Tamil Nadu,2024-08-17
CUST07794,Aman Mishra,Other,49,Mumbai,Maharashtra,2023-06-18
CUST07795,Aditya Rao,Female,55,Bangalore,Karnataka,2023-11-20
CUST07796,Priya Singh,Female,28,Pune,Maharashtra,2025-05-26
CUST07797,Rohan Rao,Female,34,Lucknow,Uttar Pradesh,2025-03-24
CUST07798,Aman Jain,Male,21,Lucknow,Uttar Pradesh,2023-04-19
CUST07799,Sneha Khan,Female,20,Jaipur,Rajasthan,2024-11-26
CUST07800,Kabir Sharma,Male,39,Mumbai,Maharashtra,2024-06-21
CUST07801,Aman Nair,Female,27,Delhi,Delhi,2023-09-21
CUST07802,Pooja Singh,Female,32,Chennai,Tamil Nadu,2025-08-20
CUST07803,Simran Joshi,Other,56,Delhi,Delhi,2024-02-18
CUST07804,Riya Desai,Male,57,Hyderabad,Telangana,2024-11-14
CUST07805,Isha Desai,Male,64,Delhi,Delhi,2024-10-01
CUST07806,Pooja Nair,Female,21,Bangalore,Karnataka,2023-02-14
CUST07807,Yash Joshi,Female,33,Bangalore,Karnataka,2023-02-15
CUST07808,Rohan Gupta,Male,51,Kolkata,West Bengal,2023-06-06
CUST07809,Shreya Verma,Male,46,Jaipur,Rajasthan,2025-10-12
CUST07810,Rahul Kulkarni,Female,56,Bangalore,Karnataka,2025-02-22
CUST07811,Rohan Khan,Male,36,Hyderabad,Telangana,2025-11-05
CUST07812,Ananya Nair,Female,23,Lucknow,Uttar Pradesh,2023-05-16
CUST07813,Vikram Sharma,Other,61,Hyderabad,Telangana,2024-02-19
CUST07814,Sneha Sharma,Female,36,Jaipur,Rajasthan,2025-02-04
CUST07815,Arjun Kulkarni,Female,59,Pune,Maharashtra,2024-05-26
CUST07816,Pooja Sharma,Other,56,Bangalore,Karnataka,2023-02-02
CUST07817,Rohan Patel,Other,52,Hyderabad,Telangana,2025-08-23
CUST07818,Aditi Nair,Male,55,Bangalore,Karnataka,2023-05-17
CUST07819,Sneha Jain,Other,64,Kolkata,West Bengal,2025-09-21
CUST07820,Pooja Verma,Female,33,Ahmedabad,Gujarat,2025-08-07
CUST07821,Pooja Joshi,Female,40,Ahmedabad,Gujarat,2025-02-12
CUST07822,Neha Gupta,Male,34,Chennai,Tamil Nadu,2023-04-30
CUST07823,Yash Patel,Other,34,Lucknow,Uttar Pradesh,2024-11-08
CUST07824,Rohan Joshi,Male,26,Delhi,Delhi,2023-08-09
CUST07825,Vikram Singh,Female,31,Hyderabad,Telangana,2024-10-07
CUST07826,Sneha Mishra,Male,62,Mumbai,Maharashtra,2023-10-05
CUST07827,Sneha Shah,Female,61,Delhi,Delhi,2024-02-26
CUST07828,Arjun Gupta,Female,65,Jaipur,Rajasthan,2024-10-06
CUST07829,Aarav Verma,Female,34,Mumbai,Maharashtra,2023-10-21
CUST07830,Aarav Desai,Male,42,Bangalore,Karnataka,2025-05-15
CUST07831,Kabir Gupta,Other,25,Delhi,Delhi,2024-10-17
CUST07832,Isha Gupta,Female,28,Jaipur,Rajasthan,2025-09-04
CUST07833,Ananya Jain,Other,33,Kolkata,West Bengal,2024-08-08
CUST07834,Karan Khan,Other,55,Bangalore,Karnataka,2025-07-17
CUST07835,Kabir Shah,Other,36,Mumbai,Maharashtra,2023-12-23
CUST07836,Aditi Desai,Female,28,Lucknow,Uttar Pradesh,2024-11-01
CUST07837,Neha Mehta,Male,65,Mumbai,Maharashtra,2023-11-19
CUST07838,Neha Kulkarni,Female,47,Lucknow,Uttar Pradesh,2024-02-27
CUST07839,Ananya Mehta,Other,34,Chennai,Tamil Nadu,2024-01-06
CUST07840,Yash Rao,Other,60,Jaipur,Rajasthan,2023-06-23
CUST07841,Aman Gupta,Male,42,Lucknow,Uttar Pradesh,2025-01-03
CUST07842,Aditya Singh,Other,63,Lucknow,Uttar Pradesh,2023-05-18
CUST07843,Aman Gupta,Other,36,Chennai,Tamil Nadu,2025-03-17
CUST07844,Isha Desai,Male,33,Pune,Maharashtra,2024-10-20
CUST07845,Aman Sharma,Male,41,Mumbai,Maharashtra,2024-06-12
CUST07846,Priya Gupta,Female,49,Bangalore,Karnataka,2025-12-13
CUST07847,Simran Joshi,Female,18,Chennai,Tamil Nadu,2024-06-07
CUST07848,Arjun Kulkarni,Female,56,Lucknow,Uttar Pradesh,2025-08-20
CUST07849,Neha Rao,Other,37,Mumbai,Maharashtra,2023-09-13
CUST07850,Vikram Verma,Female,49,Mumbai,Maharashtra,2024-04-12
CUST07851,Rahul Rao,Other,26,Chennai,Tamil Nadu,2023-04-02
CUST07852,Yash Nair,Other,37,Mumbai,Maharashtra,2023-04-28
CUST07853,Arjun Verma,Other,49,Ahmedabad,Gujarat,2023-03-08
CUST07854,Sneha Gupta,Other,33,Kolkata,West Bengal,2023-03-29
CUST07855,Ananya Desai,Other,37,Delhi,Delhi,2024-03-29
CUST07856,Aarav Nair,Other,65,Ahmedabad,Gujarat,2023-09-19
CUST07857,Arjun Desai,Female,38,Pune,Maharashtra,2024-12-17
CUST07858,Priya Verma,Other,29,Chennai,Tamil Nadu,2024-08-14
CUST07859,Yash Nair,Other,43,Hyderabad,Telangana,2023-09-15
CUST07860,Riya Khan,Male,40,Jaipur,Rajasthan,2024-11-24
CUST07861,Aditi Desai,Other,22,Kolkata,West Bengal,2025-12-03
CUST07862,Neha Joshi,Other,38,Ahmedabad,Gujarat,2023-08-13
CUST07863,Neha Mishra,Male,44,Kolkata,West Bengal,2025-05-02
CUST07864,Pooja Kulkarni,Male,54,Lucknow,Uttar Pradesh,2024-09-09
CUST07865,Sneha Desai,Female,44,Hyderabad,Telangana,2025-03-05
CUST07866,Aarav Joshi,Female,25,Lucknow,Uttar Pradesh,2025-01-28
CUST07867,Pooja Patel,Male,55,Delhi,Delhi,2024-03-24
CUST07868,Aditya Desai,Male,34,Hyderabad,Telangana,2024-01-19
CUST07869,Neha Jain,Male,41,Delhi,Delhi,2025-11-12
CUST07870,Vikram Singh,Other,26,Kolkata,West Bengal,2023-05-18
CUST07871,Arjun Mehta,Other,37,Kolkata,West Bengal,2025-07-12
CUST07872,Simran Mishra,Other,37,Kolkata,West Bengal,2025-09-22
CUST07873,Yash Verma,Other,56,Lucknow,Uttar Pradesh,2025-11-05
CUST07874,Pooja Nair,Other,45,Hyderabad,Telangana,2023-06-24
CUST07875,Sneha Sharma,Female,58,Chennai,Tamil Nadu,2023-11-28
CUST07876,Aditi Gupta,Other,29,Hyderabad,Telangana,2025-03-07
CUST07877,Priya Rao,Female,34,Chennai,Tamil Nadu,2023-06-10
CUST07878,Rahul Shah,Male,48,Mumbai,Maharashtra,2023-09-04
CUST07879,Isha Desai,Male,49,Lucknow,Uttar Pradesh,2023-01-21
CUST07880,Vikram Shah,Other,50,Delhi,Delhi,2023-07-05
CUST07881,Pooja Shah,Other,41,Ahmedabad,Gujarat,2023-02-04
CUST07882,Neha Shah,Female,27,Kolkata,West Bengal,2023-01-10
CUST07883,Priya Shah,Male,40,Mumbai,Maharashtra,2025-04-26
CUST07884,Pooja Verma,Female,47,Hyderabad,Telangana,2024-12-23
CUST07885,Neha Desai,Male,56,Lucknow,Uttar Pradesh,2024-08-15
CUST07886,Yash Gupta,Female,18,Delhi,Delhi,2023-01-04
CUST07887,Aditi Shah,Male,19,Bangalore,Karnataka,2025-08-18
CUST07888,Rohan Rao,Other,29,Bangalore,Karnataka,2024-09-23
CUST07889,Kabir Gupta,Other,38,Kolkata,West Bengal,2024-02-28
CUST07890,Rahul Khan,Female,23,Hyderabad,Telangana,2024-11-30
CUST07891,Ananya Kulkarni,Male,33,Jaipur,Rajasthan,2023-11-06
CUST07892,Simran Sharma,Other,60,Kolkata,West Bengal,2024-11-05
CUST07893,Pooja Mehta,Male,59,Delhi,Delhi,2024-11-16
CUST07894,Arjun Nair,Other,28,Delhi,Delhi,2023-07-12
CUST07895,Yash Rao,Female,56,Delhi,Delhi,2025-08-13
CUST07896,Aarav Rao,Female,42,Hyderabad,Telangana,2025-03-12
CUST07897,Vikram Shah,Female,29,Kolkata,West Bengal,2024-09-14
CUST07898,Yash Patel,Female,38,Hyderabad,Telangana,2023-11-21
CUST07899,Aman Kulkarni,Male,30,Pune,Maharashtra,2024-11-19
CUST07900,Rohan Khan,Other,29,Ahmedabad,Gujarat,2023-04-11
CUST07901,Shreya Gupta,Female,41,Mumbai,Maharashtra,2024-04-05
CUST07902,Rohan Joshi,Other,30,Hyderabad,Telangana,2023-08-09
CUST07903,Rahul Nair,Male,62,Pune,Maharashtra,2024-12-03
CUST07904,Kabir Nair,Female,24,Chennai,Tamil Nadu,2025-04-29
CUST07905,Aman Khan,Other,33,Chennai,Tamil Nadu,2023-04-08
CUST07906,Aditi Joshi,Female,53,Kolkata,West Bengal,2025-10-23
CUST07907,Aditi Verma,Other,43,Delhi,Delhi,2023-09-15
CUST07908,Aditya Mehta,Other,56,Pune,Maharashtra,2024-08-21
CUST07909,Arjun Kulkarni,Other,56,Chennai,Tamil Nadu,2023-11-24
CUST07910,Yash Shah,Male,18,Jaipur,Rajasthan,2025-10-26
CUST07911,Arjun Joshi,Other,47,Delhi,Delhi,2024-07-20
CUST07912,Kabir Verma,Other,23,Kolkata,West Bengal,2024-07-03
CUST07913,Sneha Desai,Female,46,Delhi,Delhi,2025-04-16
CUST07914,Pooja Mishra,Other,28,Chennai,Tamil Nadu,2023-10-09
CUST07915,Rahul Nair,Other,59,Kolkata,West Bengal,2023-08-11
CUST07916,Aditya Khan,Male,54,Pune,Maharashtra,2023-02-18
CUST07917,Isha Kulkarni,Male,60,Pune,Maharashtra,2024-08-30
CUST07918,Karan Nair,Female,44,Chennai,Tamil Nadu,2025-07-27
CUST07919,Vikram Patel,Female,58,Hyderabad,Telangana,2025-06-13
CUST07920,Aditya Sharma,Other,41,Mumbai,Maharashtra,2023-07-05
CUST07921,Shreya Joshi,Other,30,Kolkata,West Bengal,2025-06-27
CUST07922,Rahul Shah,Other,30,Lucknow,Uttar Pradesh,2025-01-16
CUST07923,Vikram Rao,Other,36,Mumbai,Maharashtra,2023-08-28
CUST07924,Arjun Mehta,Female,42,Ahmedabad,Gujarat,2023-03-04
CUST07925,Ananya Kulkarni,Female,20,Chennai,Tamil Nadu,2024-04-15
CUST07926,Yash Verma,Female,26,Jaipur,Rajasthan,2023-03-27
CUST07927,Aarav Khan,Male,58,Bangalore,Karnataka,2023-03-01
CUST07928,Rohan Kulkarni,Male,28,Jaipur,Rajasthan,2023-07-25
CUST07929,Aarav Rao,Female,48,Lucknow,Uttar Pradesh,2025-05-24
CUST07930,Pooja Shah,Male,30,Ahmedabad,Gujarat,2023-12-02
CUST07931,Kabir Shah,Other,32,Pune,Maharashtra,2024-05-27
CUST07932,Vikram Joshi,Male,47,Kolkata,West Bengal,2025-09-16
CUST07933,Ananya Singh,Female,60,Mumbai,Maharashtra,2024-12-12
CUST07934,Aditya Verma,Other,44,Pune,Maharashtra,2024-02-01
CUST07935,Riya Verma,Female,43,Mumbai,Maharashtra,2024-10-12
CUST07936,Kabir Shah,Male,43,Lucknow,Uttar Pradesh,2024-05-14
CUST07937,Karan Nair,Other,65,Lucknow,Uttar Pradesh,2023-01-12
CUST07938,Aditya Gupta,Female,65,Kolkata,West Bengal,2025-12-26
CUST07939,Sneha Nair,Other,50,Mumbai,Maharashtra,2024-12-25
CUST07940,Pooja Kulkarni,Male,39,Delhi,Delhi,2023-04-30
CUST07941,Rohan Patel,Female,44,Bangalore,Karnataka,2023-12-27
CUST07942,Rahul Joshi,Other,21,Pune,Maharashtra,2025-10-11
CUST07943,Aditi Singh,Male,37,Chennai,Tamil Nadu,2025-11-22
CUST07944,Aarav Mishra,Female,25,Delhi,Delhi,2024-08-24
CUST07945,Aditya Singh,Male,19,Ahmedabad,Gujarat,2023-01-27
CUST07946,Arjun Jain,Male,46,Lucknow,Uttar Pradesh,2023-04-24
CUST07947,Rohan Kulkarni,Female,43,Jaipur,Rajasthan,2024-10-17
CUST07948,Kabir Jain,Other,49,Hyderabad,Telangana,2024-09-24
CUST07949,Isha Shah,Other,58,Kolkata,West Bengal,2024-04-20
CUST07950,Aditi Kulkarni,Male,31,Lucknow,Uttar Pradesh,2024-07-19
CUST07951,Ananya Singh,Other,42,Jaipur,Rajasthan,2024-10-13
CUST07952,Riya Patel,Male,24,Jaipur,Rajasthan,2024-03-24
CUST07953,Rohan Sharma,Male,60,Chennai,Tamil Nadu,2024-08-24
CUST07954,Simran Khan,Female,58,Pune,Maharashtra,2023-12-25
CUST07955,Arjun Patel,Male,40,Delhi,Delhi,2023-03-27
CUST07956,Shreya Gupta,Male,60,Mumbai,Maharashtra,2024-08-24
CUST07957,Aman Gupta,Female,54,Delhi,Delhi,2024-01-07
CUST07958,Kabir Singh,Other,61,Lucknow,Uttar Pradesh,2023-03-16
CUST07959,Sneha Rao,Other,52,Bangalore,Karnataka,2024-05-20
CUST07960,Kabir Khan,Female,45,Kolkata,West Bengal,2025-08-16
CUST07961,Aditi Khan,Other,51,Kolkata,West Bengal,2023-12-05
CUST07962,Aman Joshi,Female,19,Delhi,Delhi,2024-02-18
CUST07963,Rohan Singh,Other,31,Lucknow,Uttar Pradesh,2025-08-21
CUST07964,Simran Verma,Other,62,Pune,Maharashtra,2024-08-17
CUST07965,Rohan Sharma,Other,30,Jaipur,Rajasthan,2023-07-24
CUST07966,Pooja Shah,Other,57,Bangalore,Karnataka,2024-02-23
CUST07967,Kabir Nair,Female,42,Mumbai,Maharashtra,2024-01-05
CUST07968,Sneha Kulkarni,Female,25,Bangalore,Karnataka,2023-01-10
CUST07969,Neha Jain,Other,38,Pune,Maharashtra,2023-06-13
CUST07970,Ananya Shah,Male,48,Hyderabad,Telangana,2023-08-04
CUST07971,Yash Desai,Female,46,Mumbai,Maharashtra,2024-11-29
CUST07972,Vikram Mishra,Male,55,Ahmedabad,Gujarat,2025-10-07
CUST07973,Rahul Nair,Male,32,Jaipur,Rajasthan,2023-10-04
CUST07974,Aditi Jain,Female,38,Bangalore,Karnataka,2025-12-22
CUST07975,Kabir Gupta,Other,57,Mumbai,Maharashtra,2025-01-02
CUST07976,Priya Shah,Female,18,Mumbai,Maharashtra,2024-03-04
CUST07977,Vikram Verma,Female,25,Ahmedabad,Gujarat,2025-12-21
CUST07978,Shreya Mishra,Other,48,Bangalore,Karnataka,2024-06-29
CUST07979,Priya Desai,Female,22,Chennai,Tamil Nadu,2024-11-30
CUST07980,Rohan Jain,Other,44,Kolkata,West Bengal,2024-07-31
CUST07981,Riya Gupta,Other,65,Chennai,Tamil Nadu,2023-07-14
CUST07982,Isha Joshi,Female,29,Hyderabad,Telangana,2025-07-15
CUST07983,Neha Verma,Other,51,Pune,Maharashtra,2024-08-31
CUST07984,Simran Mehta,Other,44,Chennai,Tamil Nadu,2023-10-13
CUST07985,Shreya Singh,Other,41,Mumbai,Maharashtra,2023-08-19
CUST07986,Ananya Rao,Female,65,Delhi,Delhi,2023-08-18
CUST07987,Pooja Verma,Other,40,Hyderabad,Telangana,2024-04-20
CUST07988,Arjun Joshi,Female,65,Ahmedabad,Gujarat,2025-05-26
CUST07989,Pooja Verma,Male,60,Mumbai,Maharashtra,2025-01-24
CUST07990,Pooja Rao,Other,52,Jaipur,Rajasthan,2023-01-19
CUST07991,Rohan Kulkarni,Other,32,Hyderabad,Telangana,2023-05-19
CUST07992,Karan Desai,Male,49,Chennai,Tamil Nadu,2023-05-04
CUST07993,Aditya Kulkarni,Male,58,Kolkata,West Bengal,2023-04-16
CUST07994,Isha Nair,Male,62,Chennai,Tamil Nadu,2025-02-10
CUST07995,Sneha Mishra,Male,37,Hyderabad,Telangana,2023-11-05
CUST07996,Shreya Jain,Female,38,Chennai,Tamil Nadu,2023-10-11
CUST07997,Kabir Sharma,Female,39,Chennai,Tamil Nadu,2023-06-07
CUST07998,Riya Mishra,Female,30,Jaipur,Rajasthan,2023-10-01
CUST07999,Simran Kulkarni,Male,35,Mumbai,Maharashtra,2024-02-19
CUST08000,Rahul Verma,Male,60,Delhi,Delhi,2025-02-12
CUST08001,Yash Nair,Other,62,Kolkata,West Bengal,2023-11-26
CUST08002,Yash Jain,Other,34,Kolkata,West Bengal,2025-08-05
CUST08003,Riya Desai,Other,48,Bangalore,Karnataka,2024-03-17
CUST08004,Aarav Shah,Other,35,Jaipur,Rajasthan,2024-12-06
CUST08005,Riya Kulkarni,Female,51,Ahmedabad,Gujarat,2024-01-15
CUST08006,Ananya Singh,Other,27,Hyderabad,Telangana,2023-09-09
CUST08007,Priya Nair,Male,63,Lucknow,Uttar Pradesh,2024-07-28
CUST08008,Priya Jain,Other,62,Hyderabad,Telangana,2023-10-13
CUST08009,Aarav Mishra,Female,33,Kolkata,West Bengal,2024-01-15
CUST08010,Aman Gupta,Female,35,Delhi,Delhi,2025-10-24
CUST08011,Aditya Joshi,Other,57,Pune,Maharashtra,2023-05-12
CUST08012,Priya Joshi,Male,23,Jaipur,Rajasthan,2025-12-21
CUST08013,Karan Rao,Male,40,Mumbai,Maharashtra,2023-04-15
CUST08014,Vikram Shah,Male,50,Mumbai,Maharashtra,2024-02-20
CUST08015,Rahul Desai,Female,60,Ahmedabad,Gujarat,2024-01-26
CUST08016,Isha Mishra,Female,46,Lucknow,Uttar Pradesh,2023-01-19
CUST08017,Aman Mishra,Female,46,Jaipur,Rajasthan,2025-02-17
CUST08018,Ananya Desai,Other,26,Jaipur,Rajasthan,2025-06-13
CUST08019,Arjun Shah,Male,51,Bangalore,Karnataka,2025-01-20
CUST08020,Pooja Mehta,Other,38,Jaipur,Rajasthan,2025-04-15
CUST08021,Vikram Gupta,Female,42,Hyderabad,Telangana,2024-09-02
CUST08022,Aditi Khan,Male,19,Jaipur,Rajasthan,2023-12-25
CUST08023,Aman Mehta,Male,51,Chennai,Tamil Nadu,2025-06-18
CUST08024,Shreya Rao,Female,60,Pune,Maharashtra,2025-03-20
CUST08025,Rohan Desai,Female,30,Hyderabad,Telangana,2023-06-09
CUST08026,Sneha Sharma,Female,20,Jaipur,Rajasthan,2024-08-24
CUST08027,Ananya Verma,Male,50,Bangalore,Karnataka,2025-03-18
CUST08028,Aarav Shah,Female,56,Hyderabad,Telangana,2025-04-09
CUST08029,Aditi Kulkarni,Female,54,Pune,Maharashtra,2025-10-20
CUST08030,Arjun Khan,Male,34,Delhi,Delhi,2025-06-06
CUST08031,Sneha Mishra,Male,21,Mumbai,Maharashtra,2024-04-13
CUST08032,Ananya Desai,Female,45,Kolkata,West Bengal,2024-04-26
CUST08033,Priya Rao,Female,41,Bangalore,Karnataka,2025-12-09
CUST08034,Aditya Gupta,Male,52,Delhi,Delhi,2024-08-17
CUST08035,Aditya Verma,Male,28,Lucknow,Uttar Pradesh,2025-02-13
CUST08036,Aman Joshi,Other,18,Delhi,Delhi,2023-08-02
CUST08037,Yash Gupta,Male,20,Jaipur,Rajasthan,2025-05-24
CUST08038,Vikram Nair,Other,60,Kolkata,West Bengal,2023-03-31
CUST08039,Aditi Mehta,Female,44,Kolkata,West Bengal,2023-01-13
CUST08040,Aman Sharma,Female,57,Delhi,Delhi,2025-06-24
CUST08041,Aditya Shah,Other,42,Jaipur,Rajasthan,2023-08-05
CUST08042,Rahul Jain,Male,19,Pune,Maharashtra,2024-07-22
CUST08043,Pooja Desai,Female,48,Ahmedabad,Gujarat,2024-08-12
CUST08044,Sneha Mishra,Female,40,Bangalore,Karnataka,2023-06-05
CUST08045,Aditi Mishra,Male,31,Bangalore,Karnataka,2024-07-14
CUST08046,Yash Singh,Female,65,Hyderabad,Telangana,2024-12-10
CUST08047,Karan Mishra,Male,22,Mumbai,Maharashtra,2025-08-01
CUST08048,Aarav Khan,Other,51,Ahmedabad,Gujarat,2023-12-18
CUST08049,Neha Sharma,Other,60,Bangalore,Karnataka,2024-05-14
CUST08050,Aarav Joshi,Female,46,Mumbai,Maharashtra,2025-05-21
CUST08051,Ananya Gupta,Male,32,Jaipur,Rajasthan,2024-11-26
CUST08052,Rohan Rao,Male,34,Delhi,Delhi,2025-10-20
CUST08053,Kabir Singh,Female,65,Chennai,Tamil Nadu,2024-12-31
CUST08054,Arjun Mehta,Female,55,Lucknow,Uttar Pradesh,2023-12-06
CUST08055,Priya Mehta,Other,60,Mumbai,Maharashtra,2024-01-04
CUST08056,Simran Patel,Male,50,Chennai,Tamil Nadu,2024-01-06
CUST08057,Aman Mishra,Male,46,Chennai,Tamil Nadu,2023-10-12
CUST08058,Vikram Kulkarni,Male,44,Mumbai,Maharashtra,2023-09-04
CUST08059,Shreya Desai,Male,38,Bangalore,Karnataka,2024-11-15
CUST08060,Aditi Verma,Female,65,Hyderabad,Telangana,2023-10-06
CUST08061,Shreya Patel,Male,21,Hyderabad,Telangana,2024-08-27
CUST08062,Sneha Mishra,Male,65,Bangalore,Karnataka,2025-01-18
CUST08063,Priya Verma,Male,33,Pune,Maharashtra,2025-03-24
CUST08064,Simran Shah,Female,21,Jaipur,Rajasthan,2024-07-30
CUST08065,Sneha Verma,Female,31,Kolkata,West Bengal,2024-12-27
CUST08066,Shreya Singh,Male,64,Lucknow,Uttar Pradesh,2024-06-28
CUST08067,Simran Rao,Male,30,Chennai,Tamil Nadu,2025-12-10
CUST08068,Sneha Sharma,Other,34,Jaipur,Rajasthan,2025-04-21
CUST08069,Ananya Gupta,Other,33,Jaipur,Rajasthan,2025-04-22
CUST08070,Rahul Singh,Female,19,Mumbai,Maharashtra,2025-11-21
CUST08071,Aditya Sharma,Female,60,Pune,Maharashtra,2025-11-12
CUST08072,Ananya Joshi,Female,25,Lucknow,Uttar Pradesh,2023-02-26
CUST08073,Simran Mehta,Female,28,Hyderabad,Telangana,2025-08-13
CUST08074,Ananya Sharma,Female,34,Lucknow,Uttar Pradesh,2023-04-17
CUST08075,Isha Gupta,Other,24,Ahmedabad,Gujarat,2024-04-19
CUST08076,Arjun Verma,Female,63,Delhi,Delhi,2025-09-19
CUST08077,Aarav Sharma,Female,43,Hyderabad,Telangana,2024-06-08
CUST08078,Yash Khan,Other,43,Jaipur,Rajasthan,2024-07-21
CUST08079,Aditya Khan,Female,36,Ahmedabad,Gujarat,2024-03-02
CUST08080,Karan Singh,Female,18,Kolkata,West Bengal,2025-04-09
CUST08081,Kabir Mehta,Female,64,Hyderabad,Telangana,2025-03-17
CUST08082,Aditi Rao,Female,24,Pune,Maharashtra,2025-08-20
CUST08083,Rahul Sharma,Other,18,Jaipur,Rajasthan,2023-08-05
CUST08084,Rohan Desai,Other,58,Jaipur,Rajasthan,2024-03-07
CUST08085,Rahul Joshi,Other,55,Bangalore,Karnataka,2025-12-28
CUST08086,Isha Sharma,Other,33,Pune,Maharashtra,2024-03-18
CUST08087,Neha Patel,Male,43,Kolkata,West Bengal,2023-02-07
CUST08088,Shreya Rao,Female,41,Chennai,Tamil Nadu,2025-09-16
CUST08089,Rahul Nair,Other,36,Kolkata,West Bengal,2025-05-07
CUST08090,Simran Jain,Other,65,Mumbai,Maharashtra,2024-03-20
CUST08091,Ananya Desai,Female,51,Hyderabad,Telangana,2025-03-30
CUST08092,Arjun Verma,Female,59,Chennai,Tamil Nadu,2023-11-03
CUST08093,Simran Patel,Male,49,Hyderabad,Telangana,2024-11-23
CUST08094,Vikram Jain,Other,50,Pune,Maharashtra,2023-11-17
CUST08095,Sneha Rao,Male,31,Lucknow,Uttar Pradesh,2024-03-26
CUST08096,Shreya Rao,Other,41,Chennai,Tamil Nadu,2024-05-07
CUST08097,Rahul Nair,Other,59,Kolkata,West Bengal,2023-03-27
CUST08098,Simran Joshi,Other,53,Hyderabad,Telangana,2024-01-06
CUST08099,Kabir Jain,Other,19,Hyderabad,Telangana,2024-08-17
CUST08100,Arjun Patel,Other,37,Pune,Maharashtra,2025-09-28
CUST08101,Kabir Joshi,Male,61,Pune,Maharashtra,2025-09-29
CUST08102,Kabir Mishra,Female,55,Ahmedabad,Gujarat,2023-03-17
CUST08103,Shreya Sharma,Female,52,Lucknow,Uttar Pradesh,2025-05-04
CUST08104,Arjun Singh,Female,39,Pune,Maharashtra,2025-01-16
CUST08105,Aman Verma,Other,42,Ahmedabad,Gujarat,2024-04-22
CUST08106,Ananya Rao,Other,34,Mumbai,Maharashtra,2024-02-15
CUST08107,Aarav Joshi,Female,52,Ahmedabad,Gujarat,2024-02-26
CUST08108,Aman Patel,Other,19,Mumbai,Maharashtra,2025-11-28
CUST08109,Isha Rao,Female,45,Delhi,Delhi,2025-10-14
CUST08110,Shreya Khan,Male,48,Pune,Maharashtra,2024-03-15
CUST08111,Priya Rao,Other,50,Delhi,Delhi,2025-10-26
CUST08112,Kabir Khan,Other,64,Ahmedabad,Gujarat,2023-05-20
CUST08113,Pooja Jain,Female,38,Lucknow,Uttar Pradesh,2023-07-26
CUST08114,Yash Verma,Female,33,Bangalore,Karnataka,2024-04-19
CUST08115,Isha Rao,Male,34,Delhi,Delhi,2023-09-01
CUST08116,Simran Mishra,Other,63,Chennai,Tamil Nadu,2025-06-19
CUST08117,Pooja Verma,Female,38,Delhi,Delhi,2023-10-25
CUST08118,Riya Nair,Other,27,Bangalore,Karnataka,2023-05-17
CUST08119,Aman Mishra,Female,53,Delhi,Delhi,2023-12-07
CUST08120,Shreya Khan,Female,59,Jaipur,Rajasthan,2025-11-08
CUST08121,Priya Gupta,Other,43,Lucknow,Uttar Pradesh,2023-05-12
CUST08122,Aarav Khan,Male,64,Jaipur,Rajasthan,2024-08-21
CUST08123,Neha Khan,Female,30,Jaipur,Rajasthan,2024-11-16
CUST08124,Kabir Nair,Other,35,Hyderabad,Telangana,2023-05-07
CUST08125,Rohan Verma,Male,51,Kolkata,West Bengal,2024-02-21
CUST08126,Aditya Joshi,Female,19,Lucknow,Uttar Pradesh,2025-04-06
CUST08127,Riya Mishra,Other,34,Delhi,Delhi,2025-06-10
CUST08128,Karan Kulkarni,Other,37,Delhi,Delhi,2024-07-08
CUST08129,Aarav Sharma,Male,46,Mumbai,Maharashtra,2024-07-10
CUST08130,Neha Desai,Male,25,Mumbai,Maharashtra,2023-11-02
CUST08131,Aditi Nair,Male,46,Kolkata,West Bengal,2024-10-01
CUST08132,Shreya Verma,Other,65,Bangalore,Karnataka,2025-04-21
CUST08133,Priya Mehta,Other,39,Jaipur,Rajasthan,2025-10-27
CUST08134,Isha Mehta,Other,35,Ahmedabad,Gujarat,2024-02-27
CUST08135,Karan Singh,Female,25,Ahmedabad,Gujarat,2023-11-02
CUST08136,Shreya Verma,Female,58,Hyderabad,Telangana,2025-04-21
CUST08137,Aditya Gupta,Other,47,Ahmedabad,Gujarat,2025-01-20
CUST08138,Simran Nair,Male,21,Hyderabad,Telangana,2025-09-18
CUST08139,Aditya Shah,Female,59,Lucknow,Uttar Pradesh,2023-10-20
CUST08140,Aman Sharma,Female,25,Kolkata,West Bengal,2025-10-11
CUST08141,Simran Joshi,Male,58,Hyderabad,Telangana,2025-04-01
CUST08142,Ananya Verma,Other,19,Pune,Maharashtra,2024-04-04
CUST08143,Karan Sharma,Female,21,Bangalore,Karnataka,2024-12-18
CUST08144,Aditi Gupta,Male,44,Delhi,Delhi,2024-02-16
CUST08145,Vikram Mishra,Female,27,Ahmedabad,Gujarat,2025-08-10
CUST08146,Riya Rao,Male,27,Mumbai,Maharashtra,2025-06-15
CUST08147,Kabir Singh,Female,45,Ahmedabad,Gujarat,2023-07-30
CUST08148,Rohan Nair,Female,36,Chennai,Tamil Nadu,2023-01-19
CUST08149,Priya Nair,Other,64,Ahmedabad,Gujarat,2023-11-19
CUST08150,Shreya Jain,Male,50,Mumbai,Maharashtra,2024-08-25
CUST08151,Simran Khan,Other,44,Delhi,Delhi,2025-09-24
CUST08152,Kabir Desai,Female,20,Bangalore,Karnataka,2023-12-10
CUST08153,Rahul Nair,Male,22,Chennai,Tamil Nadu,2024-09-30
CUST08154,Vikram Khan,Female,50,Hyderabad,Telangana,2023-05-17
CUST08155,Isha Desai,Male,39,Pune,Maharashtra,2025-09-15
CUST08156,Pooja Sharma,Female,50,Pune,Maharashtra,2025-02-25
CUST08157,Priya Khan,Female,57,Mumbai,Maharashtra,2024-02-23
CUST08158,Aarav Desai,Other,62,Delhi,Delhi,2024-10-17
CUST08159,Neha Sharma,Male,33,Bangalore,Karnataka,2025-03-15
CUST08160,Karan Sharma,Male,23,Lucknow,Uttar Pradesh,2025-08-23
CUST08161,Rahul Mehta,Female,46,Mumbai,Maharashtra,2025-06-03
CUST08162,Pooja Desai,Other,18,Chennai,Tamil Nadu,2024-08-09
CUST08163,Aditya Shah,Male,58,Bangalore,Karnataka,2024-07-22
CUST08164,Ananya Nair,Male,39,Kolkata,West Bengal,2024-07-22
CUST08165,Sneha Nair,Other,45,Bangalore,Karnataka,2025-10-22
CUST08166,Arjun Verma,Female,53,Jaipur,Rajasthan,2023-01-25
CUST08167,Arjun Shah,Female,46,Jaipur,Rajasthan,2023-03-07
CUST08168,Sneha Mehta,Female,46,Delhi,Delhi,2024-04-02
CUST08169,Simran Rao,Female,40,Jaipur,Rajasthan,2025-02-27
CUST08170,Aditya Mishra,Female,25,Chennai,Tamil Nadu,2023-10-01
CUST08171,Aditya Patel,Male,65,Mumbai,Maharashtra,2025-06-21
CUST08172,Neha Khan,Male,41,Chennai,Tamil Nadu,2025-10-16
CUST08173,Priya Singh,Other,43,Chennai,Tamil Nadu,2023-03-15
CUST08174,Simran Verma,Male,26,Pune,Maharashtra,2024-08-15
CUST08175,Rohan Joshi,Other,29,Lucknow,Uttar Pradesh,2025-06-07
CUST08176,Aditya Kulkarni,Female,33,Kolkata,West Bengal,2023-11-05
CUST08177,Aditya Desai,Female,59,Mumbai,Maharashtra,2023-03-13
CUST08178,Priya Joshi,Female,23,Chennai,Tamil Nadu,2023-05-09
CUST08179,Riya Rao,Other,41,Lucknow,Uttar Pradesh,2025-07-03
CUST08180,Arjun Mishra,Female,51,Lucknow,Uttar Pradesh,2024-02-16
CUST08181,Karan Singh,Male,29,Chennai,Tamil Nadu,2024-03-22
CUST08182,Kabir Rao,Female,39,Hyderabad,Telangana,2024-07-01
CUST08183,Yash Khan,Other,49,Mumbai,Maharashtra,2023-05-16
CUST08184,Pooja Nair,Male,35,Bangalore,Karnataka,2023-08-18
CUST08185,Pooja Rao,Female,61,Delhi,Delhi,2025-03-23
CUST08186,Vikram Patel,Other,45,Chennai,Tamil Nadu,2023-11-01
CUST08187,Aditya Shah,Male,61,Bangalore,Karnataka,2023-10-17
CUST08188,Karan Jain,Other,61,Ahmedabad,Gujarat,2023-03-22
CUST08189,Yash Patel,Female,51,Mumbai,Maharashtra,2023-08-08
CUST08190,Ananya Mehta,Male,57,Lucknow,Uttar Pradesh,2025-06-25
CUST08191,Simran Kulkarni,Other,56,Pune,Maharashtra,2023-03-31
CUST08192,Karan Shah,Other,60,Ahmedabad,Gujarat,2024-09-10
CUST08193,Ananya Rao,Other,25,Bangalore,Karnataka,2025-04-02
CUST08194,Riya Rao,Male,64,Lucknow,Uttar Pradesh,2024-05-26
CUST08195,Aarav Kulkarni,Other,52,Mumbai,Maharashtra,2024-10-24
CUST08196,Aman Singh,Other,50,Mumbai,Maharashtra,2024-11-06
CUST08197,Aditi Kulkarni,Male,30,Delhi,Delhi,2024-07-02
CUST08198,Rohan Gupta,Male,53,Mumbai,Maharashtra,2024-11-27
CUST08199,Ananya Nair,Female,63,Mumbai,Maharashtra,2024-11-25
CUST08200,Sneha Joshi,Other,55,Jaipur,Rajasthan,2025-06-03
CUST08201,Aditi Khan,Male,22,Bangalore,Karnataka,2023-08-05
CUST08202,Ananya Desai,Female,19,Kolkata,West Bengal,2024-09-13
CUST08203,Rahul Khan,Female,45,Delhi,Delhi,2023-11-26
CUST08204,Kabir Mishra,Male,50,Kolkata,West Bengal,2024-06-12
CUST08205,Ananya Mehta,Male,43,Chennai,Tamil Nadu,2025-12-08
CUST08206,Priya Sharma,Other,50,Ahmedabad,Gujarat,2024-07-01
CUST08207,Simran Rao,Other,22,Pune,Maharashtra,2024-10-19
CUST08208,Priya Desai,Male,33,Mumbai,Maharashtra,2023-11-01
CUST08209,Sneha Patel,Female,44,Pune,Maharashtra,2025-06-05
CUST08210,Neha Verma,Female,40,Delhi,Delhi,2025-05-09
CUST08211,Riya Mishra,Male,19,Jaipur,Rajasthan,2023-07-17
CUST08212,Isha Singh,Male,37,Lucknow,Uttar Pradesh,2024-12-08
CUST08213,Sneha Jain,Female,59,Jaipur,Rajasthan,2025-03-22
CUST08214,Ananya Desai,Male,51,Pune,Maharashtra,2024-12-21
CUST08215,Vikram Mehta,Male,26,Lucknow,Uttar Pradesh,2024-10-23
CUST08216,Rahul Mishra,Female,27,Hyderabad,Telangana,2023-02-17
CUST08217,Karan Jain,Female,34,Jaipur,Rajasthan,2025-09-28
CUST08218,Ananya Jain,Male,31,Bangalore,Karnataka,2025-04-26
CUST08219,Aman Joshi,Female,38,Chennai,Tamil Nadu,2025-09-30
CUST08220,Simran Desai,Other,18,Delhi,Delhi,2025-10-29
CUST08221,Aditya Mishra,Other,33,Jaipur,Rajasthan,2024-02-14
CUST08222,Isha Jain,Male,41,Mumbai,Maharashtra,2025-11-27
CUST08223,Karan Khan,Other,58,Pune,Maharashtra,2023-10-16
CUST08224,Riya Kulkarni,Other,52,Jaipur,Rajasthan,2024-12-23
CUST08225,Yash Patel,Male,45,Lucknow,Uttar Pradesh,2023-12-19
CUST08226,Shreya Desai,Other,30,Chennai,Tamil Nadu,2025-02-19
CUST08227,Priya Joshi,Male,47,Lucknow,Uttar Pradesh,2025-04-29
CUST08228,Pooja Nair,Male,44,Bangalore,Karnataka,2023-10-12
CUST08229,Simran Shah,Female,39,Delhi,Delhi,2023-12-23
CUST08230,Sneha Jain,Other,31,Pune,Maharashtra,2023-09-09
CUST08231,Shreya Nair,Female,58,Lucknow,Uttar Pradesh,2024-12-06
CUST08232,Riya Mishra,Male,26,Jaipur,Rajasthan,2023-03-09
CUST08233,Yash Sharma,Female,23,Delhi,Delhi,2025-07-19
CUST08234,Aarav Desai,Female,19,Bangalore,Karnataka,2024-08-29
CUST08235,Rahul Nair,Female,47,Kolkata,West Bengal,2024-08-09
CUST08236,Sneha Rao,Female,24,Chennai,Tamil Nadu,2024-03-13
CUST08237,Isha Nair,Male,65,Hyderabad,Telangana,2023-05-30
CUST08238,Rohan Mehta,Other,45,Hyderabad,Telangana,2023-09-11
CUST08239,Pooja Verma,Female,45,Lucknow,Uttar Pradesh,2023-04-13
CUST08240,Riya Nair,Female,59,Pune,Maharashtra,2025-08-21
CUST08241,Rahul Rao,Male,60,Mumbai,Maharashtra,2023-07-19
CUST08242,Aditi Gupta,Other,34,Mumbai,Maharashtra,2024-04-16
CUST08243,Sneha Nair,Female,19,Ahmedabad,Gujarat,2023-12-22
CUST08244,Arjun Khan,Female,63,Jaipur,Rajasthan,2025-07-04
CUST08245,Riya Rao,Other,32,Lucknow,Uttar Pradesh,2024-12-09
CUST08246,Rohan Mishra,Male,38,Pune,Maharashtra,2023-10-19
CUST08247,Rohan Singh,Male,34,Hyderabad,Telangana,2023-09-23
CUST08248,Rahul Joshi,Female,29,Ahmedabad,Gujarat,2025-09-03
CUST08249,Kabir Verma,Female,61,Pune,Maharashtra,2025-01-11
CUST08250,Aditya Sharma,Other,51,Bangalore,Karnataka,2023-08-07
CUST08251,Yash Jain,Male,24,Chennai,Tamil Nadu,2024-01-18
CUST08252,Isha Kulkarni,Male,32,Pune,Maharashtra,2025-06-03
CUST08253,Vikram Shah,Other,43,Jaipur,Rajasthan,2024-04-16
CUST08254,Simran Verma,Female,29,Jaipur,Rajasthan,2025-11-01
CUST08255,Aarav Rao,Female,62,Pune,Maharashtra,2025-08-04
CUST08256,Aman Rao,Female,60,Jaipur,Rajasthan,2024-05-20
CUST08257,Yash Rao,Female,48,Lucknow,Uttar Pradesh,2024-09-29
CUST08258,Aditi Jain,Other,55,Kolkata,West Bengal,2024-05-15
CUST08259,Priya Kulkarni,Male,59,Chennai,Tamil Nadu,2024-05-09
CUST08260,Aditi Mehta,Female,23,Chennai,Tamil Nadu,2024-09-27
CUST08261,Pooja Nair,Female,65,Ahmedabad,Gujarat,2024-08-16
CUST08262,Kabir Khan,Other,22,Ahmedabad,Gujarat,2025-12-11
CUST08263,Yash Rao,Female,31,Lucknow,Uttar Pradesh,2025-11-24
CUST08264,Pooja Nair,Other,38,Delhi,Delhi,2024-04-05
CUST08265,Shreya Nair,Other,26,Pune,Maharashtra,2024-11-02
CUST08266,Arjun Patel,Other,46,Jaipur,Rajasthan,2024-11-17
CUST08267,Priya Shah,Male,57,Chennai,Tamil Nadu,2023-04-16
CUST08268,Karan Verma,Female,54,Hyderabad,Telangana,2025-10-09
CUST08269,Pooja Mehta,Other,55,Kolkata,West Bengal,2024-02-07
CUST08270,Vikram Jain,Other,57,Chennai,Tamil Nadu,2024-08-21
CUST08271,Riya Khan,Other,48,Ahmedabad,Gujarat,2023-06-25
CUST08272,Simran Khan,Male,20,Bangalore,Karnataka,2023-10-04
CUST08273,Simran Nair,Male,24,Delhi,Delhi,2023-02-17
CUST08274,Karan Mehta,Other,44,Jaipur,Rajasthan,2025-04-15
CUST08275,Shreya Sharma,Female,23,Kolkata,West Bengal,2024-01-09
CUST08276,Aditya Verma,Male,34,Chennai,Tamil Nadu,2024-11-27
CUST08277,Aman Rao,Female,24,Mumbai,Maharashtra,2025-03-25
CUST08278,Aarav Khan,Male,63,Jaipur,Rajasthan,2023-01-17
CUST08279,Karan Khan,Other,48,Chennai,Tamil Nadu,2025-11-20
CUST08280,Priya Gupta,Female,61,Bangalore,Karnataka,2023-12-24
CUST08281,Isha Jain,Female,40,Lucknow,Uttar Pradesh,2025-03-18
CUST08282,Rahul Singh,Male,20,Pune,Maharashtra,2025-11-23
CUST08283,Neha Patel,Other,47,Ahmedabad,Gujarat,2023-09-12
CUST08284,Rahul Nair,Male,59,Chennai,Tamil Nadu,2023-05-11
CUST08285,Rohan Mishra,Male,38,Pune,Maharashtra,2024-02-26
CUST08286,Sneha Desai,Other,46,Ahmedabad,Gujarat,2025-02-03
CUST08287,Riya Verma,Female,64,Ahmedabad,Gujarat,2024-03-11
CUST08288,Rahul Desai,Female,38,Chennai,Tamil Nadu,2025-12-25
CUST08289,Aditi Shah,Female,63,Delhi,Delhi,2023-01-19
CUST08290,Aman Verma,Female,18,Lucknow,Uttar Pradesh,2023-07-08
CUST08291,Riya Jain,Other,61,Ahmedabad,Gujarat,2023-06-03
CUST08292,Priya Mishra,Female,23,Jaipur,Rajasthan,2023-03-03
CUST08293,Aman Singh,Female,43,Mumbai,Maharashtra,2025-09-12
CUST08294,Vikram Jain,Other,35,Kolkata,West Bengal,2025-10-15
CUST08295,Riya Mehta,Male,28,Delhi,Delhi,2025-07-29
CUST08296,Isha Rao,Female,45,Hyderabad,Telangana,2025-01-24
CUST08297,Yash Khan,Male,27,Hyderabad,Telangana,2023-04-14
CUST08298,Neha Rao,Other,41,Hyderabad,Telangana,2025-03-03
CUST08299,Rahul Jain,Other,46,Chennai,Tamil Nadu,2024-10-29
CUST08300,Vikram Verma,Other,18,Hyderabad,Telangana,2024-10-17
CUST08301,Riya Kulkarni,Other,49,Delhi,Delhi,2023-04-24
CUST08302,Priya Kulkarni,Female,42,Hyderabad,Telangana,2024-09-01
CUST08303,Karan Nair,Male,61,Kolkata,West Bengal,2023-05-28
CUST08304,Vikram Patel,Other,43,Pune,Maharashtra,2024-02-24
CUST08305,Sneha Patel,Male,46,Lucknow,Uttar Pradesh,2025-03-19
CUST08306,Aditya Desai,Male,55,Pune,Maharashtra,2024-06-07
CUST08307,Aditi Singh,Other,56,Chennai,Tamil Nadu,2023-05-11
CUST08308,Aditya Desai,Male,21,Kolkata,West Bengal,2024-03-21
CUST08309,Vikram Shah,Other,25,Kolkata,West Bengal,2023-10-25
CUST08310,Aditi Joshi,Female,21,Delhi,Delhi,2025-03-07
CUST08311,Kabir Kulkarni,Female,50,Ahmedabad,Gujarat,2023-04-24
CUST08312,Ananya Patel,Male,62,Hyderabad,Telangana,2025-01-15
CUST08313,Riya Nair,Female,28,Hyderabad,Telangana,2025-05-01
CUST08314,Riya Jain,Other,65,Bangalore,Karnataka,2024-10-11
CUST08315,Simran Desai,Female,62,Ahmedabad,Gujarat,2025-08-01
CUST08316,Aditi Joshi,Other,55,Chennai,Tamil Nadu,2024-09-02
CUST08317,Aman Nair,Male,29,Mumbai,Maharashtra,2025-08-29
CUST08318,Aman Jain,Other,56,Lucknow,Uttar Pradesh,2025-02-25
CUST08319,Ananya Joshi,Female,18,Pune,Maharashtra,2024-01-10
CUST08320,Aditi Khan,Male,62,Bangalore,Karnataka,2024-05-21
CUST08321,Ananya Shah,Other,54,Bangalore,Karnataka,2025-03-11
CUST08322,Rohan Verma,Male,28,Pune,Maharashtra,2025-05-11
CUST08323,Arjun Shah,Male,41,Kolkata,West Bengal,2024-08-11
CUST08324,Riya Verma,Other,56,Delhi,Delhi,2023-10-05
CUST08325,Arjun Kulkarni,Other,58,Pune,Maharashtra,2023-12-20
CUST08326,Neha Patel,Female,23,Lucknow,Uttar Pradesh,2024-12-24
CUST08327,Riya Desai,Other,56,Chennai,Tamil Nadu,2024-11-19
CUST08328,Priya Mehta,Female,26,Hyderabad,Telangana,2025-01-24
CUST08329,Simran Joshi,Other,19,Jaipur,Rajasthan,2025-10-01
CUST08330,Pooja Shah,Male,53,Mumbai,Maharashtra,2023-11-06
CUST08331,Priya Singh,Female,27,Hyderabad,Telangana,2024-04-27
CUST08332,Simran Mishra,Other,49,Ahmedabad,Gujarat,2025-12-15
CUST08333,Ananya Joshi,Other,59,Hyderabad,Telangana,2024-12-19
CUST08334,Pooja Gupta,Female,51,Ahmedabad,Gujarat,2023-11-17
CUST08335,Isha Mishra,Female,35,Ahmedabad,Gujarat,2024-06-28
CUST08336,Neha Joshi,Other,27,Mumbai,Maharashtra,2025-07-20
CUST08337,Yash Shah,Male,53,Delhi,Delhi,2023-01-21
CUST08338,Neha Nair,Other,21,Mumbai,Maharashtra,2025-12-13
CUST08339,Simran Verma,Other,37,Chennai,Tamil Nadu,2025-04-05
CUST08340,Neha Rao,Other,25,Mumbai,Maharashtra,2024-11-24
CUST08341,Aarav Joshi,Male,18,Jaipur,Rajasthan,2023-01-22
CUST08342,Simran Jain,Female,56,Jaipur,Rajasthan,2025-05-11
CUST08343,Riya Rao,Female,45,Pune,Maharashtra,2024-06-03
CUST08344,Arjun Singh,Other,64,Hyderabad,Telangana,2025-07-03
CUST08345,Simran Desai,Female,58,Kolkata,West Bengal,2024-02-02
CUST08346,Isha Desai,Male,32,Chennai,Tamil Nadu,2024-05-11
CUST08347,Isha Mishra,Female,65,Ahmedabad,Gujarat,2025-06-25
CUST08348,Aman Desai,Female,54,Hyderabad,Telangana,2024-02-11
CUST08349,Rahul Mehta,Other,25,Kolkata,West Bengal,2023-12-15
CUST08350,Shreya Jain,Male,29,Delhi,Delhi,2024-12-07
CUST08351,Rohan Verma,Other,58,Pune,Maharashtra,2024-02-28
CUST08352,Riya Shah,Male,38,Pune,Maharashtra,2024-10-03
CUST08353,Priya Patel,Male,38,Lucknow,Uttar Pradesh,2024-08-16
CUST08354,Aarav Gupta,Female,19,Ahmedabad,Gujarat,2023-09-25
CUST08355,Shreya Verma,Male,56,Lucknow,Uttar Pradesh,2025-05-24
CUST08356,Arjun Gupta,Female,33,Chennai,Tamil Nadu,2025-09-23
CUST08357,Pooja Desai,Other,38,Mumbai,Maharashtra,2025-12-26
CUST08358,Aman Patel,Female,37,Lucknow,Uttar Pradesh,2023-07-10
CUST08359,Riya Nair,Female,41,Hyderabad,Telangana,2025-03-07
CUST08360,Rohan Singh,Other,40,Ahmedabad,Gujarat,2025-12-18
CUST08361,Yash Verma,Other,56,Pune,Maharashtra,2025-11-02
CUST08362,Neha Jain,Male,33,Chennai,Tamil Nadu,2025-07-16
CUST08363,Ananya Rao,Female,34,Lucknow,Uttar Pradesh,2024-06-02
CUST08364,Shreya Jain,Female,33,Kolkata,West Bengal,2023-05-13
CUST08365,Aman Joshi,Female,34,Bangalore,Karnataka,2024-11-25
CUST08366,Riya Verma,Male,46,Ahmedabad,Gujarat,2024-07-22
CUST08367,Priya Patel,Other,35,Bangalore,Karnataka,2024-03-31
CUST08368,Yash Verma,Female,22,Ahmedabad,Gujarat,2025-01-26
CUST08369,Shreya Patel,Female,39,Jaipur,Rajasthan,2025-11-29
CUST08370,Neha Verma,Male,64,Lucknow,Uttar Pradesh,2024-03-28
CUST08371,Priya Mishra,Other,19,Lucknow,Uttar Pradesh,2023-03-24
CUST08372,Aditi Joshi,Female,36,Lucknow,Uttar Pradesh,2023-01-26
CUST08373,Neha Nair,Male,42,Delhi,Delhi,2025-06-16
CUST08374,Aditya Kulkarni,Male,38,Chennai,Tamil Nadu,2024-08-05
CUST08375,Aman Patel,Female,37,Lucknow,Uttar Pradesh,2024-04-03
CUST08376,Priya Gupta,Other,65,Kolkata,West Bengal,2023-09-15
CUST08377,Riya Patel,Other,32,Bangalore,Karnataka,2024-01-21
CUST08378,Sneha Jain,Female,33,Mumbai,Maharashtra,2025-04-12
CUST08379,Rohan Joshi,Other,48,Hyderabad,Telangana,2025-01-24
CUST08380,Aditya Jain,Other,43,Lucknow,Uttar Pradesh,2023-02-11
CUST08381,Priya Kulkarni,Other,43,Bangalore,Karnataka,2023-09-03
CUST08382,Aarav Kulkarni,Other,38,Ahmedabad,Gujarat,2025-09-28
CUST08383,Riya Kulkarni,Other,48,Jaipur,Rajasthan,2023-10-27
CUST08384,Rohan Verma,Male,55,Kolkata,West Bengal,2024-05-21
CUST08385,Riya Verma,Other,33,Hyderabad,Telangana,2025-11-21
CUST08386,Pooja Mishra,Male,54,Kolkata,West Bengal,2025-04-23
CUST08387,Riya Khan,Other,38,Lucknow,Uttar Pradesh,2025-10-18
CUST08388,Aditya Sharma,Female,41,Mumbai,Maharashtra,2024-08-21
CUST08389,Aditi Verma,Male,57,Bangalore,Karnataka,2025-03-29
CUST08390,Aarav Khan,Female,57,Delhi,Delhi,2023-02-05
CUST08391,Sneha Nair,Female,40,Bangalore,Karnataka,2023-10-30
CUST08392,Rahul Verma,Female,36,Jaipur,Rajasthan,2023-11-21
CUST08393,Vikram Shah,Other,37,Mumbai,Maharashtra,2024-11-12
CUST08394,Arjun Nair,Female,25,Chennai,Tamil Nadu,2025-05-21
CUST08395,Arjun Verma,Male,55,Ahmedabad,Gujarat,2024-10-16
CUST08396,Simran Mishra,Female,58,Ahmedabad,Gujarat,2023-12-04
CUST08397,Aditya Kulkarni,Other,20,Delhi,Delhi,2025-07-31
CUST08398,Yash Khan,Male,49,Jaipur,Rajasthan,2024-09-14
CUST08399,Aditya Nair,Other,53,Chennai,Tamil Nadu,2024-02-15
CUST08400,Aarav Joshi,Female,57,Hyderabad,Telangana,2025-03-13
CUST08401,Riya Mehta,Male,57,Kolkata,West Bengal,2025-12-04
CUST08402,Neha Sharma,Female,23,Ahmedabad,Gujarat,2023-02-19
CUST08403,Rohan Mishra,Other,44,Mumbai,Maharashtra,2025-04-17
CUST08404,Kabir Mehta,Other,24,Delhi,Delhi,2023-09-21
CUST08405,Aditya Desai,Other,46,Jaipur,Rajasthan,2024-05-11
CUST08406,Aarav Mishra,Other,39,Bangalore,Karnataka,2025-09-17
CUST08407,Sneha Verma,Male,36,Lucknow,Uttar Pradesh,2023-11-15
CUST08408,Aman Mehta,Male,48,Pune,Maharashtra,2023-06-22
CUST08409,Ananya Verma,Female,62,Hyderabad,Telangana,2023-01-06
CUST08410,Rohan Singh,Female,51,Mumbai,Maharashtra,2025-12-19
CUST08411,Rohan Sharma,Other,50,Kolkata,West Bengal,2024-06-18
CUST08412,Rohan Mishra,Male,45,Kolkata,West Bengal,2025-11-22
CUST08413,Kabir Mehta,Female,39,Hyderabad,Telangana,2025-03-19
CUST08414,Pooja Sharma,Female,41,Kolkata,West Bengal,2025-08-30
CUST08415,Neha Singh,Male,65,Chennai,Tamil Nadu,2025-07-08
CUST08416,Aditya Gupta,Female,65,Delhi,Delhi,2023-01-07
CUST08417,Kabir Verma,Male,36,Bangalore,Karnataka,2024-12-25
CUST08418,Aditi Mehta,Other,57,Chennai,Tamil Nadu,2025-12-27
CUST08419,Yash Kulkarni,Other,52,Delhi,Delhi,2023-02-22
CUST08420,Aditya Rao,Female,27,Chennai,Tamil Nadu,2025-12-18
CUST08421,Rohan Joshi,Female,41,Ahmedabad,Gujarat,2025-10-28
CUST08422,Riya Khan,Other,19,Bangalore,Karnataka,2023-04-06
CUST08423,Rahul Gupta,Female,23,Delhi,Delhi,2023-02-03
CUST08424,Neha Sharma,Other,33,Ahmedabad,Gujarat,2024-09-12
CUST08425,Ananya Desai,Other,60,Kolkata,West Bengal,2023-01-29
CUST08426,Ananya Desai,Female,58,Delhi,Delhi,2023-06-26
CUST08427,Neha Khan,Male,32,Kolkata,West Bengal,2025-06-13
CUST08428,Isha Sharma,Other,59,Pune,Maharashtra,2025-06-21
CUST08429,Neha Sharma,Female,39,Mumbai,Maharashtra,2023-03-26
CUST08430,Simran Gupta,Male,58,Mumbai,Maharashtra,2023-10-10
CUST08431,Riya Sharma,Other,42,Kolkata,West Bengal,2023-03-18
CUST08432,Isha Singh,Female,45,Pune,Maharashtra,2024-05-10
CUST08433,Neha Nair,Other,32,Jaipur,Rajasthan,2023-03-25
CUST08434,Vikram Shah,Female,36,Jaipur,Rajasthan,2024-03-21
CUST08435,Riya Mehta,Female,38,Bangalore,Karnataka,2024-09-15
CUST08436,Yash Jain,Male,51,Delhi,Delhi,2025-09-19
CUST08437,Sneha Shah,Female,59,Chennai,Tamil Nadu,2023-05-13
CUST08438,Priya Gupta,Female,62,Pune,Maharashtra,2025-04-13
CUST08439,Sneha Khan,Male,64,Lucknow,Uttar Pradesh,2023-03-14
CUST08440,Aditi Gupta,Other,63,Chennai,Tamil Nadu,2024-03-09
CUST08441,Simran Sharma,Female,58,Pune,Maharashtra,2025-05-04
CUST08442,Priya Mishra,Female,18,Chennai,Tamil Nadu,2023-08-02
CUST08443,Aman Desai,Male,54,Delhi,Delhi,2025-06-15
CUST08444,Aman Kulkarni,Male,49,Ahmedabad,Gujarat,2024-03-07
CUST08445,Aarav Singh,Female,44,Jaipur,Rajasthan,2023-08-25
CUST08446,Simran Jain,Male,19,Jaipur,Rajasthan,2023-07-30
CUST08447,Sneha Mishra,Female,56,Jaipur,Rajasthan,2024-08-25
CUST08448,Ananya Khan,Female,21,Bangalore,Karnataka,2023-07-16
CUST08449,Ananya Desai,Female,44,Pune,Maharashtra,2024-10-28
CUST08450,Vikram Mehta,Male,25,Chennai,Tamil Nadu,2025-06-18
CUST08451,Rahul Mishra,Female,24,Chennai,Tamil Nadu,2024-03-24
CUST08452,Rahul Verma,Female,43,Kolkata,West Bengal,2025-10-22
CUST08453,Priya Rao,Female,65,Bangalore,Karnataka,2024-12-27
CUST08454,Aman Gupta,Female,20,Ahmedabad,Gujarat,2024-07-27
CUST08455,Simran Sharma,Other,46,Lucknow,Uttar Pradesh,2025-11-01
CUST08456,Ananya Verma,Male,39,Hyderabad,Telangana,2024-03-27
CUST08457,Riya Patel,Female,29,Kolkata,West Bengal,2023-03-17
CUST08458,Vikram Mishra,Female,46,Delhi,Delhi,2024-06-26
CUST08459,Arjun Jain,Male,34,Kolkata,West Bengal,2024-11-12
CUST08460,Karan Rao,Male,45,Delhi,Delhi,2025-01-27
CUST08461,Karan Gupta,Other,58,Chennai,Tamil Nadu,2025-10-21
CUST08462,Rahul Singh,Other,41,Kolkata,West Bengal,2024-08-08
CUST08463,Karan Patel,Male,64,Lucknow,Uttar Pradesh,2023-08-23
CUST08464,Kabir Kulkarni,Other,50,Mumbai,Maharashtra,2024-06-04
CUST08465,Riya Mishra,Male,56,Kolkata,West Bengal,2023-10-04
CUST08466,Rohan Rao,Female,33,Jaipur,Rajasthan,2024-01-29
CUST08467,Shreya Desai,Female,29,Chennai,Tamil Nadu,2023-12-04
CUST08468,Riya Khan,Other,49,Kolkata,West Bengal,2023-01-05
CUST08469,Isha Khan,Female,34,Delhi,Delhi,2024-09-28
CUST08470,Karan Sharma,Other,25,Bangalore,Karnataka,2025-06-10
CUST08471,Rohan Joshi,Male,38,Hyderabad,Telangana,2024-08-01
CUST08472,Neha Joshi,Other,30,Kolkata,West Bengal,2023-06-26
CUST08473,Rahul Mishra,Male,31,Kolkata,West Bengal,2023-11-09
CUST08474,Simran Gupta,Female,22,Delhi,Delhi,2025-01-07
CUST08475,Aarav Singh,Male,58,Chennai,Tamil Nadu,2024-07-13
CUST08476,Neha Rao,Female,18,Bangalore,Karnataka,2025-09-12
CUST08477,Neha Desai,Other,21,Jaipur,Rajasthan,2025-10-27
CUST08478,Yash Jain,Male,62,Pune,Maharashtra,2025-12-12
CUST08479,Aarav Verma,Male,27,Bangalore,Karnataka,2025-08-22
CUST08480,Vikram Shah,Male,62,Hyderabad,Telangana,2024-09-20
CUST08481,Priya Khan,Female,51,Lucknow,Uttar Pradesh,2024-03-09
CUST08482,Ananya Nair,Female,48,Hyderabad,Telangana,2023-11-07
CUST08483,Priya Verma,Male,44,Hyderabad,Telangana,2024-05-14
CUST08484,Rahul Verma,Female,36,Ahmedabad,Gujarat,2025-05-29
CUST08485,Pooja Jain,Other,50,Lucknow,Uttar Pradesh,2024-11-18
CUST08486,Ananya Singh,Other,46,Pune,Maharashtra,2025-02-27
CUST08487,Kabir Rao,Other,36,Pune,Maharashtra,2023-11-06
CUST08488,Karan Singh,Male,30,Lucknow,Uttar Pradesh,2024-02-02
CUST08489,Pooja Verma,Male,64,Chennai,Tamil Nadu,2025-10-10
CUST08490,Vikram Desai,Other,56,Jaipur,Rajasthan,2024-06-17
CUST08491,Aarav Jain,Female,59,Chennai,Tamil Nadu,2024-04-15
CUST08492,Pooja Jain,Male,29,Ahmedabad,Gujarat,2025-10-23
CUST08493,Aditi Shah,Male,63,Delhi,Delhi,2025-03-23
CUST08494,Rohan Mishra,Female,56,Delhi,Delhi,2025-09-17
CUST08495,Aarav Joshi,Male,31,Hyderabad,Telangana,2024-09-11
CUST08496,Simran Khan,Male,30,Jaipur,Rajasthan,2024-03-29
CUST08497,Ananya Khan,Other,19,Chennai,Tamil Nadu,2023-07-16
CUST08498,Ananya Desai,Other,18,Kolkata,West Bengal,2024-07-26
CUST08499,Priya Shah,Other,21,Kolkata,West Bengal,2023-10-04
CUST08500,Ananya Mishra,Other,51,Lucknow,Uttar Pradesh,2024-03-30
CUST08501,Shreya Khan,Male,25,Chennai,Tamil Nadu,2024-02-02
CUST08502,Neha Gupta,Other,24,Hyderabad,Telangana,2025-09-18
CUST08503,Neha Verma,Male,38,Hyderabad,Telangana,2024-06-16
CUST08504,Aman Rao,Other,42,Delhi,Delhi,2023-02-14
CUST08505,Pooja Sharma,Male,33,Jaipur,Rajasthan,2025-05-10
CUST08506,Vikram Joshi,Female,20,Mumbai,Maharashtra,2024-08-16
CUST08507,Rahul Desai,Female,49,Bangalore,Karnataka,2023-10-21
CUST08508,Simran Khan,Male,39,Lucknow,Uttar Pradesh,2023-09-27
CUST08509,Ananya Khan,Female,59,Jaipur,Rajasthan,2023-10-27
CUST08510,Ananya Rao,Male,44,Hyderabad,Telangana,2024-11-21
CUST08511,Rahul Patel,Female,20,Mumbai,Maharashtra,2025-12-20
CUST08512,Arjun Joshi,Other,19,Ahmedabad,Gujarat,2025-10-13
CUST08513,Vikram Mehta,Male,20,Lucknow,Uttar Pradesh,2025-12-08
CUST08514,Aman Singh,Male,45,Ahmedabad,Gujarat,2024-12-25
CUST08515,Yash Desai,Male,52,Kolkata,West Bengal,2025-02-05
CUST08516,Rohan Desai,Female,53,Jaipur,Rajasthan,2023-07-10
CUST08517,Priya Patel,Female,32,Pune,Maharashtra,2023-03-27
CUST08518,Riya Shah,Other,47,Mumbai,Maharashtra,2025-12-12
CUST08519,Arjun Jain,Other,19,Pune,Maharashtra,2024-02-09
CUST08520,Rohan Singh,Male,21,Mumbai,Maharashtra,2023-11-14
CUST08521,Aditya Mishra,Female,20,Kolkata,West Bengal,2023-12-29
CUST08522,Riya Sharma,Female,36,Bangalore,Karnataka,2024-08-05
CUST08523,Yash Mishra,Other,51,Chennai,Tamil Nadu,2025-07-08
CUST08524,Simran Mishra,Male,32,Jaipur,Rajasthan,2023-12-18
CUST08525,Priya Verma,Male,39,Hyderabad,Telangana,2025-12-27
CUST08526,Priya Mehta,Male,26,Lucknow,Uttar Pradesh,2024-02-29
CUST08527,Aman Verma,Female,20,Bangalore,Karnataka,2024-11-02
CUST08528,Ananya Gupta,Other,61,Lucknow,Uttar Pradesh,2024-05-24
CUST08529,Isha Verma,Male,59,Chennai,Tamil Nadu,2024-08-20
CUST08530,Arjun Kulkarni,Female,41,Jaipur,Rajasthan,2025-04-02
CUST08531,Shreya Gupta,Male,48,Ahmedabad,Gujarat,2023-04-17
CUST08532,Aman Mehta,Male,43,Pune,Maharashtra,2025-05-27
CUST08533,Pooja Singh,Female,40,Jaipur,Rajasthan,2024-05-10
CUST08534,Neha Khan,Female,39,Chennai,Tamil Nadu,2023-02-04
CUST08535,Simran Shah,Female,20,Jaipur,Rajasthan,2025-10-06
CUST08536,Aarav Mishra,Male,57,Ahmedabad,Gujarat,2025-08-09
CUST08537,Aman Sharma,Female,27,Hyderabad,Telangana,2023-08-25
CUST08538,Ananya Khan,Female,55,Delhi,Delhi,2024-04-09
CUST08539,Yash Sharma,Male,33,Pune,Maharashtra,2024-01-31
CUST08540,Ananya Rao,Other,44,Chennai,Tamil Nadu,2025-05-11
CUST08541,Karan Sharma,Male,37,Delhi,Delhi,2023-04-10
CUST08542,Vikram Sharma,Male,38,Delhi,Delhi,2024-02-14
CUST08543,Priya Sharma,Male,42,Kolkata,West Bengal,2023-12-07
CUST08544,Aditi Khan,Male,42,Lucknow,Uttar Pradesh,2024-02-29
CUST08545,Karan Mehta,Male,32,Kolkata,West Bengal,2025-03-27
CUST08546,Ananya Desai,Male,53,Delhi,Delhi,2024-08-22
CUST08547,Rahul Shah,Male,48,Delhi,Delhi,2023-01-16
CUST08548,Arjun Nair,Other,55,Ahmedabad,Gujarat,2023-09-05
CUST08549,Isha Joshi,Male,39,Ahmedabad,Gujarat,2024-05-27
CUST08550,Ananya Singh,Male,53,Lucknow,Uttar Pradesh,2025-01-11
CUST08551,Arjun Singh,Female,44,Mumbai,Maharashtra,2023-01-12
CUST08552,Kabir Rao,Male,44,Hyderabad,Telangana,2025-01-03
CUST08553,Sneha Joshi,Male,48,Lucknow,Uttar Pradesh,2025-01-25
CUST08554,Pooja Shah,Female,25,Chennai,Tamil Nadu,2024-01-08
CUST08555,Sneha Khan,Other,29,Mumbai,Maharashtra,2023-11-04
CUST08556,Yash Rao,Male,21,Kolkata,West Bengal,2025-09-07
CUST08557,Vikram Desai,Male,28,Chennai,Tamil Nadu,2025-05-17
CUST08558,Isha Singh,Female,46,Bangalore,Karnataka,2024-01-31
CUST08559,Kabir Verma,Other,37,Pune,Maharashtra,2023-06-16
CUST08560,Aman Sharma,Male,49,Chennai,Tamil Nadu,2025-08-22
CUST08561,Aditya Shah,Other,49,Bangalore,Karnataka,2023-09-21
CUST08562,Shreya Jain,Other,61,Lucknow,Uttar Pradesh,2025-10-07
CUST08563,Neha Mehta,Female,51,Kolkata,West Bengal,2023-09-07
CUST08564,Kabir Jain,Other,63,Jaipur,Rajasthan,2025-12-09
CUST08565,Ananya Desai,Male,48,Jaipur,Rajasthan,2024-05-25
CUST08566,Ananya Joshi,Male,34,Delhi,Delhi,2023-07-11
CUST08567,Priya Nair,Male,36,Pune,Maharashtra,2023-08-26
CUST08568,Yash Gupta,Female,46,Chennai,Tamil Nadu,2024-09-17
CUST08569,Rohan Patel,Male,65,Hyderabad,Telangana,2025-06-27
CUST08570,Riya Jain,Other,18,Pune,Maharashtra,2023-07-09
CUST08571,Pooja Desai,Female,38,Lucknow,Uttar Pradesh,2024-10-19
CUST08572,Aditi Kulkarni,Other,18,Chennai,Tamil Nadu,2025-09-01
CUST08573,Rohan Gupta,Other,23,Mumbai,Maharashtra,2023-09-08
CUST08574,Riya Desai,Male,42,Delhi,Delhi,2025-08-03
CUST08575,Ananya Shah,Male,61,Mumbai,Maharashtra,2023-08-21
CUST08576,Rahul Verma,Male,23,Hyderabad,Telangana,2025-12-26
CUST08577,Yash Khan,Male,19,Delhi,Delhi,2025-07-20
CUST08578,Sneha Joshi,Female,45,Ahmedabad,Gujarat,2025-02-18
CUST08579,Karan Sharma,Other,22,Mumbai,Maharashtra,2023-05-11
CUST08580,Aditya Gupta,Other,21,Bangalore,Karnataka,2025-03-27
CUST08581,Kabir Kulkarni,Male,25,Bangalore,Karnataka,2024-08-18
CUST08582,Pooja Mishra,Female,62,Pune,Maharashtra,2024-02-26
CUST08583,Priya Gupta,Female,48,Delhi,Delhi,2023-09-08
CUST08584,Aditya Jain,Female,27,Pune,Maharashtra,2025-03-21
CUST08585,Karan Jain,Male,32,Jaipur,Rajasthan,2023-10-26
CUST08586,Aditi Khan,Male,65,Kolkata,West Bengal,2024-08-24
CUST08587,Arjun Rao,Other,34,Delhi,Delhi,2025-05-15
CUST08588,Vikram Sharma,Other,40,Hyderabad,Telangana,2025-11-27
CUST08589,Ananya Khan,Male,35,Chennai,Tamil Nadu,2023-11-01
CUST08590,Pooja Desai,Male,49,Chennai,Tamil Nadu,2023-10-28
CUST08591,Isha Desai,Male,32,Pune,Maharashtra,2024-10-27
CUST08592,Ananya Desai,Male,45,Pune,Maharashtra,2024-10-06
CUST08593,Aditi Rao,Male,24,Chennai,Tamil Nadu,2024-08-12
CUST08594,Rohan Verma,Other,61,Delhi,Delhi,2024-04-03
CUST08595,Isha Khan,Other,24,Kolkata,West Bengal,2024-05-10
CUST08596,Aarav Verma,Other,48,Jaipur,Rajasthan,2023-04-04
CUST08597,Simran Desai,Female,65,Lucknow,Uttar Pradesh,2024-10-19
CUST08598,Vikram Sharma,Male,18,Delhi,Delhi,2025-12-15
CUST08599,Karan Patel,Other,36,Chennai,Tamil Nadu,2024-07-23
CUST08600,Riya Gupta,Male,35,Ahmedabad,Gujarat,2024-05-07
CUST08601,Sneha Joshi,Male,45,Lucknow,Uttar Pradesh,2025-08-18
CUST08602,Shreya Verma,Other,45,Mumbai,Maharashtra,2023-07-12
CUST08603,Yash Rao,Female,33,Chennai,Tamil Nadu,2023-11-16
CUST08604,Arjun Khan,Male,34,Ahmedabad,Gujarat,2024-10-16
CUST08605,Aarav Rao,Female,19,Lucknow,Uttar Pradesh,2024-03-14
CUST08606,Arjun Jain,Female,57,Delhi,Delhi,2025-11-27
CUST08607,Vikram Kulkarni,Female,59,Lucknow,Uttar Pradesh,2025-07-05
CUST08608,Aarav Nair,Male,54,Lucknow,Uttar Pradesh,2025-01-04
CUST08609,Aarav Joshi,Other,40,Chennai,Tamil Nadu,2023-03-08
CUST08610,Riya Jain,Other,22,Lucknow,Uttar Pradesh,2023-11-10
CUST08611,Yash Gupta,Female,43,Ahmedabad,Gujarat,2023-11-10
CUST08612,Yash Sharma,Other,56,Kolkata,West Bengal,2024-02-25
CUST08613,Shreya Khan,Male,45,Bangalore,Karnataka,2024-08-12
CUST08614,Ananya Patel,Female,20,Lucknow,Uttar Pradesh,2024-12-10
CUST08615,Vikram Mehta,Other,57,Ahmedabad,Gujarat,2025-11-16
CUST08616,Aarav Kulkarni,Female,50,Jaipur,Rajasthan,2023-04-21
CUST08617,Rohan Patel,Other,25,Delhi,Delhi,2023-11-04
CUST08618,Kabir Jain,Other,26,Lucknow,Uttar Pradesh,2024-11-11
CUST08619,Simran Mehta,Male,23,Bangalore,Karnataka,2024-03-05
CUST08620,Priya Joshi,Female,26,Kolkata,West Bengal,2025-09-22
CUST08621,Neha Sharma,Female,45,Hyderabad,Telangana,2025-11-29
CUST08622,Ananya Desai,Other,25,Bangalore,Karnataka,2025-08-01
CUST08623,Karan Patel,Male,49,Hyderabad,Telangana,2024-07-25
CUST08624,Riya Shah,Female,59,Bangalore,Karnataka,2024-02-17
CUST08625,Riya Shah,Male,24,Ahmedabad,Gujarat,2024-06-04
CUST08626,Isha Nair,Other,34,Bangalore,Karnataka,2023-01-25
CUST08627,Priya Sharma,Female,34,Ahmedabad,Gujarat,2024-05-03
CUST08628,Ananya Joshi,Male,57,Jaipur,Rajasthan,2025-07-21
CUST08629,Shreya Gupta,Male,60,Bangalore,Karnataka,2024-12-02
CUST08630,Aditya Singh,Male,59,Bangalore,Karnataka,2024-11-06
CUST08631,Aarav Mishra,Female,62,Lucknow,Uttar Pradesh,2025-01-15
CUST08632,Simran Verma,Female,36,Ahmedabad,Gujarat,2024-04-03
CUST08633,Priya Verma,Other,40,Hyderabad,Telangana,2025-07-31
CUST08634,Kabir Mehta,Other,58,Hyderabad,Telangana,2025-12-02
CUST08635,Ananya Desai,Other,27,Delhi,Delhi,2023-09-19
CUST08636,Arjun Shah,Male,60,Chennai,Tamil Nadu,2023-08-01
CUST08637,Arjun Shah,Male,19,Hyderabad,Telangana,2023-04-14
CUST08638,Riya Joshi,Other,20,Hyderabad,Telangana,2025-02-02
CUST08639,Priya Mishra,Other,35,Pune,Maharashtra,2025-04-09
CUST08640,Yash Mishra,Male,31,Pune,Maharashtra,2023-08-01
CUST08641,Rahul Mishra,Male,28,Bangalore,Karnataka,2024-01-07
CUST08642,Aditi Kulkarni,Other,38,Ahmedabad,Gujarat,2024-05-25
CUST08643,Riya Sharma,Male,55,Lucknow,Uttar Pradesh,2024-09-15
CUST08644,Ananya Shah,Other,40,Ahmedabad,Gujarat,2023-01-25
CUST08645,Simran Jain,Male,48,Ahmedabad,Gujarat,2025-11-29
CUST08646,Shreya Mehta,Male,45,Delhi,Delhi,2024-04-06
CUST08647,Simran Mehta,Other,21,Bangalore,Karnataka,2025-02-08
CUST08648,Yash Sharma,Female,22,Lucknow,Uttar Pradesh,2024-03-04
CUST08649,Neha Patel,Male,46,Lucknow,Uttar Pradesh,2024-04-19
CUST08650,Simran Gupta,Other,18,Pune,Maharashtra,2024-05-19
CUST08651,Rohan Verma,Other,32,Pune,Maharashtra,2025-06-15
CUST08652,Simran Patel,Male,46,Delhi,Delhi,2024-04-02
CUST08653,Aditi Khan,Female,28,Pune,Maharashtra,2024-06-29
CUST08654,Isha Mishra,Female,19,Chennai,Tamil Nadu,2024-10-03
CUST08655,Kabir Mishra,Male,38,Ahmedabad,Gujarat,2023-02-01
CUST08656,Sneha Jain,Other,50,Chennai,Tamil Nadu,2024-10-21
CUST08657,Yash Mehta,Other,64,Hyderabad,Telangana,2024-06-24
CUST08658,Ananya Khan,Male,60,Delhi,Delhi,2025-11-12
CUST08659,Simran Rao,Other,38,Bangalore,Karnataka,2024-04-20
CUST08660,Aditi Rao,Female,49,Bangalore,Karnataka,2025-12-31
CUST08661,Riya Singh,Female,50,Jaipur,Rajasthan,2023-12-06
CUST08662,Riya Nair,Female,22,Chennai,Tamil Nadu,2024-03-24
CUST08663,Neha Desai,Female,33,Pune,Maharashtra,2023-07-25
CUST08664,Rohan Nair,Male,42,Mumbai,Maharashtra,2025-07-02
CUST08665,Pooja Desai,Other,60,Ahmedabad,Gujarat,2023-05-05
CUST08666,Vikram Shah,Male,54,Hyderabad,Telangana,2023-07-05
CUST08667,Arjun Nair,Male,55,Kolkata,West Bengal,2023-07-11
CUST08668,Aditya Joshi,Other,33,Hyderabad,Telangana,2023-02-22
CUST08669,Riya Shah,Female,61,Delhi,Delhi,2024-01-25
CUST08670,Aditi Shah,Other,22,Ahmedabad,Gujarat,2025-10-06
CUST08671,Kabir Sharma,Other,58,Hyderabad,Telangana,2025-09-21
CUST08672,Rohan Sharma,Other,55,Kolkata,West Bengal,2023-07-19
CUST08673,Rahul Jain,Female,41,Mumbai,Maharashtra,2023-01-30
CUST08674,Yash Mehta,Male,24,Mumbai,Maharashtra,2025-09-03
CUST08675,Vikram Mehta,Other,37,Pune,Maharashtra,2025-07-08
CUST08676,Rahul Gupta,Female,33,Kolkata,West Bengal,2024-07-06
CUST08677,Rahul Joshi,Female,39,Chennai,Tamil Nadu,2023-05-05
CUST08678,Rahul Singh,Female,63,Lucknow,Uttar Pradesh,2023-02-19
CUST08679,Sneha Desai,Male,19,Ahmedabad,Gujarat,2023-09-03
CUST08680,Kabir Mehta,Female,53,Mumbai,Maharashtra,2024-12-08
CUST08681,Shreya Sharma,Other,62,Hyderabad,Telangana,2024-10-04
CUST08682,Aditya Sharma,Other,56,Jaipur,Rajasthan,2023-07-22
CUST08683,Pooja Kulkarni,Female,45,Pune,Maharashtra,2024-07-22
CUST08684,Aditya Nair,Other,46,Ahmedabad,Gujarat,2023-06-12
CUST08685,Karan Gupta,Female,34,Bangalore,Karnataka,2023-03-10
CUST08686,Aditi Jain,Female,62,Chennai,Tamil Nadu,2023-06-23
CUST08687,Aditya Desai,Male,54,Ahmedabad,Gujarat,2024-07-28
CUST08688,Priya Sharma,Other,49,Delhi,Delhi,2025-03-17
CUST08689,Aditya Singh,Male,19,Lucknow,Uttar Pradesh,2024-05-12
CUST08690,Arjun Shah,Female,20,Pune,Maharashtra,2023-06-10
CUST08691,Neha Nair,Female,58,Jaipur,Rajasthan,2023-04-17
CUST08692,Riya Sharma,Female,35,Lucknow,Uttar Pradesh,2023-05-28
CUST08693,Pooja Joshi,Female,18,Pune,Maharashtra,2025-11-29
CUST08694,Aditi Sharma,Male,19,Mumbai,Maharashtra,2024-08-24
CUST08695,Isha Nair,Female,34,Kolkata,West Bengal,2024-06-05
CUST08696,Shreya Verma,Male,36,Kolkata,West Bengal,2025-12-18
CUST08697,Simran Rao,Male,41,Ahmedabad,Gujarat,2024-12-19
CUST08698,Pooja Sharma,Female,43,Pune,Maharashtra,2023-10-18
CUST08699,Pooja Mehta,Female,21,Chennai,Tamil Nadu,2025-06-27
CUST08700,Arjun Shah,Other,48,Jaipur,Rajasthan,2023-03-22
CUST08701,Shreya Joshi,Other,25,Delhi,Delhi,2023-07-02
CUST08702,Priya Khan,Female,29,Delhi,Delhi,2025-02-25
CUST08703,Neha Sharma,Female,54,Jaipur,Rajasthan,2023-08-29
CUST08704,Aditya Singh,Male,24,Mumbai,Maharashtra,2024-09-23
CUST08705,Aditya Sharma,Female,34,Ahmedabad,Gujarat,2023-05-25
CUST08706,Arjun Khan,Female,48,Kolkata,West Bengal,2024-07-16
CUST08707,Vikram Jain,Other,20,Hyderabad,Telangana,2023-07-27
CUST08708,Sneha Rao,Male,55,Bangalore,Karnataka,2024-05-21
CUST08709,Kabir Desai,Male,41,Ahmedabad,Gujarat,2023-04-29
CUST08710,Isha Desai,Other,34,Delhi,Delhi,2025-04-26
CUST08711,Isha Gupta,Female,41,Kolkata,West Bengal,2025-05-08
CUST08712,Yash Singh,Other,37,Bangalore,Karnataka,2024-05-29
CUST08713,Arjun Khan,Male,50,Jaipur,Rajasthan,2024-04-11
CUST08714,Arjun Mishra,Female,58,Delhi,Delhi,2024-05-10
CUST08715,Rahul Gupta,Other,56,Pune,Maharashtra,2025-10-06
CUST08716,Priya Rao,Other,63,Lucknow,Uttar Pradesh,2025-07-26
CUST08717,Aditya Singh,Female,51,Delhi,Delhi,2024-06-29
CUST08718,Aman Gupta,Other,60,Mumbai,Maharashtra,2023-01-11
CUST08719,Isha Desai,Female,33,Chennai,Tamil Nadu,2024-06-06
CUST08720,Aman Mehta,Female,53,Pune,Maharashtra,2025-10-27
CUST08721,Aarav Khan,Female,43,Ahmedabad,Gujarat,2024-05-14
CUST08722,Riya Desai,Male,46,Pune,Maharashtra,2025-08-20
CUST08723,Yash Sharma,Female,27,Chennai,Tamil Nadu,2024-05-23
CUST08724,Neha Patel,Other,47,Lucknow,Uttar Pradesh,2023-07-24
CUST08725,Ananya Desai,Female,46,Bangalore,Karnataka,2025-07-03
CUST08726,Pooja Rao,Female,62,Ahmedabad,Gujarat,2025-06-04
CUST08727,Vikram Rao,Other,25,Mumbai,Maharashtra,2023-06-17
CUST08728,Shreya Shah,Female,34,Chennai,Tamil Nadu,2023-12-02
CUST08729,Rahul Joshi,Male,46,Lucknow,Uttar Pradesh,2024-03-07
CUST08730,Pooja Mishra,Male,51,Lucknow,Uttar Pradesh,2025-10-13
CUST08731,Neha Desai,Other,25,Ahmedabad,Gujarat,2024-10-14
CUST08732,Aarav Khan,Other,31,Chennai,Tamil Nadu,2025-06-12
CUST08733,Aman Khan,Male,60,Kolkata,West Bengal,2025-09-20
CUST08734,Isha Mishra,Female,48,Pune,Maharashtra,2025-07-01
CUST08735,Ananya Gupta,Female,47,Mumbai,Maharashtra,2024-12-28
CUST08736,Aditi Mehta,Other,23,Chennai,Tamil Nadu,2023-02-07
CUST08737,Neha Joshi,Other,36,Pune,Maharashtra,2024-06-08
CUST08738,Aditi Khan,Female,38,Lucknow,Uttar Pradesh,2024-10-18
CUST08739,Rahul Joshi,Female,34,Kolkata,West Bengal,2024-03-19
CUST08740,Karan Jain,Female,39,Jaipur,Rajasthan,2024-07-05
CUST08741,Aditya Nair,Other,44,Ahmedabad,Gujarat,2025-03-10
CUST08742,Rohan Shah,Male,18,Chennai,Tamil Nadu,2024-07-10
CUST08743,Aditya Sharma,Male,18,Lucknow,Uttar Pradesh,2024-11-30
CUST08744,Kabir Mehta,Male,51,Ahmedabad,Gujarat,2025-08-20
CUST08745,Rahul Verma,Other,50,Kolkata,West Bengal,2024-10-31
CUST08746,Simran Verma,Male,65,Mumbai,Maharashtra,2024-07-12
CUST08747,Pooja Mishra,Male,44,Kolkata,West Bengal,2023-02-16
CUST08748,Pooja Rao,Other,29,Lucknow,Uttar Pradesh,2023-03-05
CUST08749,Kabir Desai,Other,29,Pune,Maharashtra,2024-06-25
CUST08750,Shreya Mishra,Other,41,Pune,Maharashtra,2024-02-07
CUST08751,Aditi Sharma,Male,45,Ahmedabad,Gujarat,2025-03-26
CUST08752,Neha Shah,Female,61,Ahmedabad,Gujarat,2025-10-12
CUST08753,Yash Gupta,Female,24,Bangalore,Karnataka,2024-07-23
CUST08754,Pooja Gupta,Other,25,Lucknow,Uttar Pradesh,2023-05-13
CUST08755,Vikram Shah,Male,61,Kolkata,West Bengal,2024-11-14
CUST08756,Riya Rao,Other,29,Bangalore,Karnataka,2024-12-03
CUST08757,Neha Sharma,Other,22,Delhi,Delhi,2025-03-06
CUST08758,Neha Desai,Other,21,Lucknow,Uttar Pradesh,2025-09-02
CUST08759,Riya Singh,Male,21,Jaipur,Rajasthan,2023-10-18
CUST08760,Riya Khan,Other,22,Mumbai,Maharashtra,2023-02-13
CUST08761,Rohan Shah,Male,31,Pune,Maharashtra,2023-02-07
CUST08762,Riya Gupta,Female,54,Hyderabad,Telangana,2023-12-31
CUST08763,Priya Rao,Male,53,Pune,Maharashtra,2024-07-30
CUST08764,Aarav Patel,Other,57,Kolkata,West Bengal,2024-12-22
CUST08765,Ananya Patel,Female,34,Bangalore,Karnataka,2024-09-07
CUST08766,Aditi Shah,Other,27,Delhi,Delhi,2023-08-08
CUST08767,Simran Verma,Female,45,Lucknow,Uttar Pradesh,2023-07-13
CUST08768,Neha Singh,Male,59,Chennai,Tamil Nadu,2023-07-16
CUST08769,Rahul Sharma,Other,65,Hyderabad,Telangana,2024-04-17
CUST08770,Aditi Joshi,Female,61,Lucknow,Uttar Pradesh,2025-02-27
CUST08771,Pooja Khan,Male,31,Lucknow,Uttar Pradesh,2024-06-03
CUST08772,Aman Jain,Other,61,Pune,Maharashtra,2024-01-22
CUST08773,Rohan Nair,Other,65,Ahmedabad,Gujarat,2025-01-01
CUST08774,Isha Jain,Other,37,Bangalore,Karnataka,2025-12-21
CUST08775,Vikram Shah,Male,37,Ahmedabad,Gujarat,2025-09-08
CUST08776,Simran Khan,Other,33,Chennai,Tamil Nadu,2023-04-20
CUST08777,Aarav Mishra,Female,26,Bangalore,Karnataka,2025-07-07
CUST08778,Arjun Verma,Male,43,Lucknow,Uttar Pradesh,2024-02-23
CUST08779,Priya Joshi,Female,30,Mumbai,Maharashtra,2024-11-06
CUST08780,Priya Desai,Female,59,Ahmedabad,Gujarat,2023-10-26
CUST08781,Isha Khan,Other,47,Jaipur,Rajasthan,2024-05-18
CUST08782,Rahul Desai,Other,49,Jaipur,Rajasthan,2025-08-02
CUST08783,Aman Jain,Other,51,Hyderabad,Telangana,2025-11-10
CUST08784,Aman Mishra,Male,51,Pune,Maharashtra,2023-06-12
CUST08785,Pooja Verma,Female,48,Bangalore,Karnataka,2025-11-03
CUST08786,Karan Verma,Other,23,Jaipur,Rajasthan,2025-02-24
CUST08787,Aditi Gupta,Female,63,Mumbai,Maharashtra,2025-06-26
CUST08788,Priya Singh,Female,29,Kolkata,West Bengal,2025-02-19
CUST08789,Isha Patel,Male,22,Chennai,Tamil Nadu,2025-09-22
CUST08790,Yash Sharma,Female,19,Bangalore,Karnataka,2023-02-07
CUST08791,Karan Patel,Male,54,Mumbai,Maharashtra,2025-07-31
CUST08792,Arjun Mehta,Male,62,Lucknow,Uttar Pradesh,2024-07-27
CUST08793,Sneha Verma,Female,41,Mumbai,Maharashtra,2024-01-04
CUST08794,Kabir Kulkarni,Other,43,Delhi,Delhi,2024-08-19
CUST08795,Sneha Rao,Male,23,Chennai,Tamil Nadu,2024-10-12
CUST08796,Aman Shah,Male,60,Chennai,Tamil Nadu,2024-03-04
CUST08797,Arjun Sharma,Other,37,Delhi,Delhi,2024-10-24
CUST08798,Neha Desai,Male,32,Ahmedabad,Gujarat,2024-04-06
CUST08799,Riya Sharma,Other,62,Mumbai,Maharashtra,2023-05-15
CUST08800,Kabir Gupta,Male,46,Lucknow,Uttar Pradesh,2024-01-26
CUST08801,Neha Desai,Male,18,Mumbai,Maharashtra,2025-10-20
CUST08802,Priya Patel,Female,31,Ahmedabad,Gujarat,2024-03-12
CUST08803,Sneha Mishra,Other,60,Lucknow,Uttar Pradesh,2025-09-12
CUST08804,Aditi Patel,Other,36,Mumbai,Maharashtra,2023-07-20
CUST08805,Aman Mehta,Male,53,Kolkata,West Bengal,2023-11-17
CUST08806,Shreya Mishra,Other,61,Bangalore,Karnataka,2023-11-23
CUST08807,Karan Sharma,Male,31,Mumbai,Maharashtra,2025-05-01
CUST08808,Yash Desai,Other,55,Chennai,Tamil Nadu,2024-07-06
CUST08809,Pooja Jain,Male,59,Kolkata,West Bengal,2023-04-19
CUST08810,Aditya Mishra,Male,39,Delhi,Delhi,2024-07-08
CUST08811,Simran Nair,Female,23,Mumbai,Maharashtra,2024-07-20
CUST08812,Arjun Mishra,Male,37,Jaipur,Rajasthan,2023-03-05
CUST08813,Aditya Sharma,Other,33,Delhi,Delhi,2024-10-08
CUST08814,Arjun Nair,Other,58,Delhi,Delhi,2024-11-02
CUST08815,Pooja Sharma,Female,56,Bangalore,Karnataka,2025-09-13
CUST08816,Rohan Rao,Female,56,Pune,Maharashtra,2025-10-09
CUST08817,Pooja Desai,Female,50,Mumbai,Maharashtra,2024-11-01
CUST08818,Aditya Desai,Female,40,Bangalore,Karnataka,2024-10-10
CUST08819,Aarav Mishra,Male,37,Pune,Maharashtra,2023-12-13
CUST08820,Vikram Mishra,Female,55,Pune,Maharashtra,2023-04-27
CUST08821,Karan Khan,Male,64,Jaipur,Rajasthan,2025-04-29
CUST08822,Riya Joshi,Other,51,Pune,Maharashtra,2023-08-05
CUST08823,Priya Verma,Male,37,Ahmedabad,Gujarat,2023-08-12
CUST08824,Simran Kulkarni,Male,41,Delhi,Delhi,2025-02-22
CUST08825,Simran Sharma,Other,39,Delhi,Delhi,2025-10-19
CUST08826,Neha Jain,Other,28,Ahmedabad,Gujarat,2023-03-28
CUST08827,Vikram Verma,Female,20,Jaipur,Rajasthan,2025-02-20
CUST08828,Karan Gupta,Female,35,Pune,Maharashtra,2023-07-07
CUST08829,Rahul Singh,Other,43,Pune,Maharashtra,2023-10-24
CUST08830,Riya Rao,Other,21,Mumbai,Maharashtra,2025-12-21
CUST08831,Neha Mishra,Female,25,Mumbai,Maharashtra,2023-05-13
CUST08832,Sneha Verma,Male,44,Jaipur,Rajasthan,2025-04-30
CUST08833,Yash Gupta,Male,36,Lucknow,Uttar Pradesh,2025-06-28
CUST08834,Rahul Gupta,Other,54,Delhi,Delhi,2025-04-21
CUST08835,Yash Patel,Male,46,Pune,Maharashtra,2023-11-03
CUST08836,Vikram Khan,Female,59,Jaipur,Rajasthan,2023-06-10
CUST08837,Aarav Sharma,Male,34,Kolkata,West Bengal,2025-12-31
CUST08838,Sneha Desai,Male,60,Chennai,Tamil Nadu,2025-08-25
CUST08839,Sneha Singh,Female,65,Ahmedabad,Gujarat,2025-03-12
CUST08840,Ananya Khan,Female,25,Mumbai,Maharashtra,2024-10-02
CUST08841,Kabir Rao,Male,19,Delhi,Delhi,2024-10-22
CUST08842,Riya Desai,Other,47,Mumbai,Maharashtra,2023-06-14
CUST08843,Neha Rao,Male,46,Delhi,Delhi,2023-01-13
CUST08844,Riya Kulkarni,Other,36,Pune,Maharashtra,2024-01-02
CUST08845,Neha Joshi,Male,51,Ahmedabad,Gujarat,2025-06-13
CUST08846,Pooja Jain,Male,45,Ahmedabad,Gujarat,2025-09-14
CUST08847,Pooja Verma,Other,64,Bangalore,Karnataka,2023-07-09
CUST08848,Priya Rao,Female,55,Bangalore,Karnataka,2024-04-21
CUST08849,Ananya Gupta,Other,55,Hyderabad,Telangana,2023-01-22
CUST08850,Rahul Patel,Female,29,Chennai,Tamil Nadu,2023-11-21
CUST08851,Neha Singh,Male,30,Ahmedabad,Gujarat,2025-12-31
CUST08852,Pooja Mishra,Other,21,Ahmedabad,Gujarat,2024-07-28
CUST08853,Yash Khan,Male,61,Lucknow,Uttar Pradesh,2023-07-29
CUST08854,Aditi Joshi,Female,62,Lucknow,Uttar Pradesh,2024-07-02
CUST08855,Kabir Khan,Other,19,Kolkata,West Bengal,2025-12-28
CUST08856,Arjun Mehta,Female,26,Bangalore,Karnataka,2024-12-01
CUST08857,Aditi Kulkarni,Male,65,Hyderabad,Telangana,2025-04-29
CUST08858,Aarav Mishra,Male,40,Jaipur,Rajasthan,2023-03-20
CUST08859,Riya Mishra,Female,59,Mumbai,Maharashtra,2023-05-24
CUST08860,Priya Nair,Other,33,Mumbai,Maharashtra,2025-03-26
CUST08861,Kabir Sharma,Female,57,Hyderabad,Telangana,2025-01-31
CUST08862,Neha Jain,Female,25,Lucknow,Uttar Pradesh,2023-08-05
CUST08863,Vikram Verma,Female,63,Kolkata,West Bengal,2023-06-07
CUST08864,Pooja Mehta,Female,52,Lucknow,Uttar Pradesh,2025-04-11
CUST08865,Vikram Jain,Male,26,Hyderabad,Telangana,2025-03-01
CUST08866,Neha Shah,Female,30,Kolkata,West Bengal,2025-11-17
CUST08867,Rahul Rao,Male,38,Mumbai,Maharashtra,2023-10-31
CUST08868,Karan Joshi,Female,57,Mumbai,Maharashtra,2023-02-10
CUST08869,Karan Sharma,Other,47,Lucknow,Uttar Pradesh,2025-06-18
CUST08870,Rohan Mishra,Male,52,Jaipur,Rajasthan,2025-10-16
CUST08871,Rohan Khan,Male,21,Pune,Maharashtra,2023-08-29
CUST08872,Aarav Desai,Other,36,Kolkata,West Bengal,2024-10-22
CUST08873,Yash Gupta,Male,18,Hyderabad,Telangana,2024-04-18
CUST08874,Karan Desai,Other,38,Mumbai,Maharashtra,2024-04-06
CUST08875,Pooja Sharma,Male,42,Jaipur,Rajasthan,2025-10-13
CUST08876,Karan Singh,Female,57,Hyderabad,Telangana,2025-08-21
CUST08877,Aarav Gupta,Other,21,Pune,Maharashtra,2025-08-15
CUST08878,Aditya Nair,Male,34,Jaipur,Rajasthan,2024-05-11
CUST08879,Riya Sharma,Other,51,Bangalore,Karnataka,2025-09-27
CUST08880,Aman Sharma,Female,34,Bangalore,Karnataka,2025-07-21
CUST08881,Neha Patel,Other,21,Hyderabad,Telangana,2023-01-09
CUST08882,Aditya Jain,Other,52,Mumbai,Maharashtra,2023-08-31
CUST08883,Aditya Jain,Female,48,Ahmedabad,Gujarat,2024-11-03
CUST08884,Rohan Jain,Male,52,Jaipur,Rajasthan,2025-11-06
CUST08885,Isha Mehta,Male,42,Ahmedabad,Gujarat,2024-09-21
CUST08886,Priya Kulkarni,Female,18,Bangalore,Karnataka,2025-10-23
CUST08887,Kabir Mehta,Male,29,Chennai,Tamil Nadu,2024-10-06
CUST08888,Aarav Joshi,Male,38,Bangalore,Karnataka,2025-01-08
CUST08889,Neha Jain,Male,39,Mumbai,Maharashtra,2023-08-28
CUST08890,Priya Gupta,Male,46,Ahmedabad,Gujarat,2023-06-15
CUST08891,Simran Kulkarni,Male,64,Ahmedabad,Gujarat,2024-12-08
CUST08892,Neha Patel,Other,58,Hyderabad,Telangana,2023-09-04
CUST08893,Karan Patel,Female,65,Jaipur,Rajasthan,2023-02-20
CUST08894,Arjun Mishra,Male,19,Pune,Maharashtra,2023-07-28
CUST08895,Aarav Verma,Female,65,Pune,Maharashtra,2023-03-27
CUST08896,Neha Patel,Other,56,Chennai,Tamil Nadu,2025-05-26
CUST08897,Rohan Shah,Female,62,Bangalore,Karnataka,2025-08-26
CUST08898,Shreya Mehta,Female,32,Kolkata,West Bengal,2024-06-27
CUST08899,Yash Verma,Male,54,Lucknow,Uttar Pradesh,2024-02-20
CUST08900,Rahul Khan,Male,56,Chennai,Tamil Nadu,2023-12-31
CUST08901,Aditi Desai,Female,30,Mumbai,Maharashtra,2025-01-21
CUST08902,Pooja Rao,Male,27,Mumbai,Maharashtra,2025-06-17
CUST08903,Isha Mishra,Female,31,Delhi,Delhi,2024-02-21
CUST08904,Shreya Mishra,Male,59,Pune,Maharashtra,2023-06-27
CUST08905,Aditya Kulkarni,Female,42,Delhi,Delhi,2024-03-30
CUST08906,Aman Gupta,Female,31,Hyderabad,Telangana,2025-06-01
CUST08907,Pooja Joshi,Other,37,Hyderabad,Telangana,2023-06-22
CUST08908,Aditya Nair,Female,44,Lucknow,Uttar Pradesh,2024-07-27
CUST08909,Simran Rao,Male,52,Delhi,Delhi,2025-01-23
CUST08910,Aman Joshi,Female,62,Delhi,Delhi,2024-08-24
CUST08911,Sneha Rao,Female,57,Delhi,Delhi,2025-12-29
CUST08912,Simran Singh,Male,33,Ahmedabad,Gujarat,2025-04-21
CUST08913,Aditi Mehta,Female,27,Hyderabad,Telangana,2023-01-17
CUST08914,Rohan Shah,Other,58,Hyderabad,Telangana,2025-11-27
CUST08915,Sneha Patel,Male,27,Lucknow,Uttar Pradesh,2025-03-02
CUST08916,Aditya Sharma,Female,19,Lucknow,Uttar Pradesh,2023-11-11
CUST08917,Karan Sharma,Male,52,Mumbai,Maharashtra,2024-09-27
CUST08918,Pooja Jain,Other,37,Kolkata,West Bengal,2025-05-28
CUST08919,Kabir Sharma,Female,20,Ahmedabad,Gujarat,2023-11-09
CUST08920,Priya Verma,Other,50,Chennai,Tamil Nadu,2025-09-03
CUST08921,Shreya Desai,Female,50,Kolkata,West Bengal,2024-02-19
CUST08922,Aarav Joshi,Male,51,Hyderabad,Telangana,2025-09-21
CUST08923,Aditi Mishra,Male,30,Jaipur,Rajasthan,2025-12-12
CUST08924,Rohan Jain,Male,23,Mumbai,Maharashtra,2025-07-31
CUST08925,Shreya Rao,Female,47,Lucknow,Uttar Pradesh,2023-12-14
CUST08926,Riya Sharma,Male,51,Ahmedabad,Gujarat,2025-01-11
CUST08927,Vikram Mehta,Other,50,Delhi,Delhi,2023-01-07
CUST08928,Pooja Mishra,Female,51,Hyderabad,Telangana,2025-04-06
CUST08929,Priya Kulkarni,Other,54,Delhi,Delhi,2025-05-17
CUST08930,Vikram Sharma,Female,50,Mumbai,Maharashtra,2025-02-13
CUST08931,Yash Patel,Other,21,Bangalore,Karnataka,2025-09-23
CUST08932,Isha Nair,Male,52,Bangalore,Karnataka,2025-01-26
CUST08933,Karan Desai,Male,45,Chennai,Tamil Nadu,2025-10-28
CUST08934,Simran Rao,Other,26,Delhi,Delhi,2025-07-09
CUST08935,Priya Khan,Other,57,Pune,Maharashtra,2023-07-26
CUST08936,Shreya Rao,Male,31,Ahmedabad,Gujarat,2025-06-25
CUST08937,Ananya Sharma,Other,31,Jaipur,Rajasthan,2023-05-08
CUST08938,Karan Kulkarni,Other,34,Mumbai,Maharashtra,2024-12-09
CUST08939,Karan Jain,Other,54,Jaipur,Rajasthan,2025-07-22
CUST08940,Aditi Mishra,Male,30,Pune,Maharashtra,2025-12-29
CUST08941,Karan Desai,Other,47,Chennai,Tamil Nadu,2025-02-11
CUST08942,Rahul Desai,Male,31,Mumbai,Maharashtra,2024-01-10
CUST08943,Arjun Khan,Female,63,Jaipur,Rajasthan,2023-03-02
CUST08944,Pooja Nair,Male,38,Kolkata,West Bengal,2024-09-01
CUST08945,Shreya Jain,Other,61,Lucknow,Uttar Pradesh,2025-09-02
CUST08946,Isha Shah,Female,64,Mumbai,Maharashtra,2025-12-23
CUST08947,Simran Sharma,Other,29,Hyderabad,Telangana,2025-06-30
CUST08948,Aditya Nair,Male,26,Hyderabad,Telangana,2025-06-17
CUST08949,Pooja Nair,Female,19,Jaipur,Rajasthan,2025-12-16
CUST08950,Isha Jain,Female,49,Delhi,Delhi,2024-11-14
CUST08951,Simran Khan,Other,64,Delhi,Delhi,2024-04-26
CUST08952,Kabir Shah,Male,25,Delhi,Delhi,2024-08-04
CUST08953,Riya Khan,Male,35,Chennai,Tamil Nadu,2025-03-05
CUST08954,Riya Singh,Other,34,Lucknow,Uttar Pradesh,2024-07-18
CUST08955,Sneha Shah,Other,28,Delhi,Delhi,2025-10-14
CUST08956,Kabir Shah,Other,57,Mumbai,Maharashtra,2024-12-21
CUST08957,Riya Desai,Male,51,Kolkata,West Bengal,2023-10-04
CUST08958,Isha Mishra,Other,35,Mumbai,Maharashtra,2025-06-21
CUST08959,Vikram Gupta,Female,46,Mumbai,Maharashtra,2023-08-24
CUST08960,Kabir Gupta,Male,25,Kolkata,West Bengal,2025-03-01
CUST08961,Shreya Singh,Other,38,Ahmedabad,Gujarat,2025-11-12
CUST08962,Pooja Joshi,Female,60,Bangalore,Karnataka,2024-10-09
CUST08963,Isha Mehta,Other,45,Pune,Maharashtra,2024-11-15
CUST08964,Vikram Verma,Other,56,Bangalore,Karnataka,2024-01-01
CUST08965,Aditi Verma,Other,44,Bangalore,Karnataka,2023-10-05
CUST08966,Riya Singh,Female,60,Pune,Maharashtra,2023-03-31
CUST08967,Aarav Patel,Male,32,Chennai,Tamil Nadu,2024-06-16
CUST08968,Yash Mehta,Other,44,Ahmedabad,Gujarat,2024-04-22
CUST08969,Simran Kulkarni,Other,26,Hyderabad,Telangana,2024-04-29
CUST08970,Rohan Mishra,Female,26,Jaipur,Rajasthan,2025-12-10
CUST08971,Rahul Joshi,Other,50,Pune,Maharashtra,2025-05-16
CUST08972,Pooja Mehta,Female,23,Lucknow,Uttar Pradesh,2025-04-24
CUST08973,Aditi Shah,Female,49,Chennai,Tamil Nadu,2025-04-02
CUST08974,Karan Khan,Other,37,Jaipur,Rajasthan,2023-04-17
CUST08975,Rohan Verma,Other,28,Delhi,Delhi,2024-09-17
CUST08976,Pooja Mehta,Other,41,Ahmedabad,Gujarat,2024-04-19
CUST08977,Aarav Khan,Male,64,Kolkata,West Bengal,2023-03-06
CUST08978,Arjun Mehta,Female,42,Kolkata,West Bengal,2025-04-24
CUST08979,Aditi Singh,Female,56,Kolkata,West Bengal,2023-06-04
CUST08980,Aditi Singh,Male,56,Delhi,Delhi,2023-01-14
CUST08981,Ananya Desai,Other,55,Kolkata,West Bengal,2024-12-29
CUST08982,Aditya Gupta,Other,33,Chennai,Tamil Nadu,2024-09-28
CUST08983,Aditi Sharma,Other,35,Delhi,Delhi,2025-08-29
CUST08984,Vikram Mehta,Other,62,Ahmedabad,Gujarat,2024-09-02
CUST08985,Priya Rao,Male,63,Mumbai,Maharashtra,2024-10-06
CUST08986,Rahul Joshi,Female,61,Jaipur,Rajasthan,2025-11-03
CUST08987,Rohan Sharma,Male,24,Ahmedabad,Gujarat,2024-02-11
CUST08988,Pooja Desai,Other,24,Chennai,Tamil Nadu,2025-03-29
CUST08989,Aditi Nair,Other,52,Ahmedabad,Gujarat,2023-05-02
CUST08990,Vikram Rao,Female,23,Delhi,Delhi,2023-08-30
CUST08991,Rohan Khan,Other,27,Pune,Maharashtra,2023-01-02
CUST08992,Neha Sharma,Female,29,Mumbai,Maharashtra,2025-04-13
CUST08993,Rahul Verma,Male,37,Kolkata,West Bengal,2024-06-10
CUST08994,Aman Khan,Female,26,Pune,Maharashtra,2025-04-27
CUST08995,Pooja Khan,Female,30,Chennai,Tamil Nadu,2023-05-05
CUST08996,Isha Verma,Male,23,Ahmedabad,Gujarat,2024-06-23
CUST08997,Pooja Sharma,Female,62,Bangalore,Karnataka,2025-11-07
CUST08998,Aman Jain,Other,53,Chennai,Tamil Nadu,2024-01-29
CUST08999,Simran Nair,Female,56,Ahmedabad,Gujarat,2024-12-04
CUST09000,Simran Verma,Male,34,Chennai,Tamil Nadu,2024-01-19
CUST09001,Arjun Khan,Male,51,Chennai,Tamil Nadu,2024-10-23
CUST09002,Priya Rao,Male,43,Hyderabad,Telangana,2023-04-12
CUST09003,Karan Nair,Other,33,Hyderabad,Telangana,2023-02-11
CUST09004,Rahul Singh,Other,35,Ahmedabad,Gujarat,2025-07-26
CUST09005,Isha Khan,Male,63,Pune,Maharashtra,2024-04-10
CUST09006,Rahul Singh,Other,47,Pune,Maharashtra,2024-12-07
CUST09007,Yash Desai,Other,21,Ahmedabad,Gujarat,2024-08-01
CUST09008,Isha Mishra,Male,34,Ahmedabad,Gujarat,2025-07-19
CUST09009,Vikram Nair,Male,65,Pune,Maharashtra,2025-09-11
CUST09010,Yash Shah,Other,18,Pune,Maharashtra,2023-07-30
CUST09011,Pooja Verma,Male,56,Delhi,Delhi,2023-02-14
CUST09012,Aman Verma,Female,29,Jaipur,Rajasthan,2024-08-20
CUST09013,Shreya Kulkarni,Male,42,Bangalore,Karnataka,2024-05-22
CUST09014,Karan Mehta,Other,26,Delhi,Delhi,2023-09-21
CUST09015,Pooja Joshi,Other,48,Jaipur,Rajasthan,2024-12-15
CUST09016,Aditi Jain,Other,55,Bangalore,Karnataka,2024-08-05
CUST09017,Arjun Sharma,Female,54,Chennai,Tamil Nadu,2025-01-14
CUST09018,Aman Singh,Other,65,Delhi,Delhi,2025-01-10
CUST09019,Karan Shah,Female,40,Pune,Maharashtra,2024-12-19
CUST09020,Ananya Khan,Female,31,Bangalore,Karnataka,2024-04-01
CUST09021,Karan Gupta,Other,19,Mumbai,Maharashtra,2025-08-15
CUST09022,Yash Rao,Other,31,Mumbai,Maharashtra,2025-04-28
CUST09023,Arjun Nair,Other,59,Hyderabad,Telangana,2024-11-04
CUST09024,Isha Shah,Other,65,Chennai,Tamil Nadu,2025-07-10
CUST09025,Karan Mishra,Other,48,Chennai,Tamil Nadu,2023-02-12
CUST09026,Rohan Nair,Other,28,Delhi,Delhi,2023-11-16
CUST09027,Arjun Khan,Male,43,Delhi,Delhi,2023-05-27
CUST09028,Isha Khan,Other,50,Bangalore,Karnataka,2023-07-13
CUST09029,Arjun Joshi,Female,53,Pune,Maharashtra,2024-06-21
CUST09030,Yash Singh,Other,47,Hyderabad,Telangana,2025-08-09
CUST09031,Aditi Verma,Male,46,Mumbai,Maharashtra,2025-01-27
CUST09032,Aarav Singh,Other,43,Chennai,Tamil Nadu,2023-02-10
CUST09033,Rahul Desai,Female,43,Hyderabad,Telangana,2024-01-15
CUST09034,Priya Jain,Male,45,Pune,Maharashtra,2024-02-19
CUST09035,Aditya Verma,Female,56,Bangalore,Karnataka,2023-01-07
CUST09036,Yash Sharma,Male,48,Pune,Maharashtra,2025-10-02
CUST09037,Yash Singh,Other,51,Hyderabad,Telangana,2025-06-22
CUST09038,Riya Verma,Other,59,Chennai,Tamil Nadu,2023-11-30
CUST09039,Rohan Singh,Male,42,Lucknow,Uttar Pradesh,2025-06-09
CUST09040,Aman Rao,Female,41,Delhi,Delhi,2025-11-29
CUST09041,Karan Gupta,Other,41,Delhi,Delhi,2024-04-04
CUST09042,Kabir Nair,Other,28,Lucknow,Uttar Pradesh,2023-11-11
CUST09043,Vikram Rao,Male,44,Bangalore,Karnataka,2023-02-06
CUST09044,Neha Patel,Male,48,Chennai,Tamil Nadu,2024-10-04
CUST09045,Isha Verma,Male,41,Jaipur,Rajasthan,2025-10-08
CUST09046,Aditya Nair,Male,22,Hyderabad,Telangana,2024-01-31
CUST09047,Kabir Singh,Other,31,Hyderabad,Telangana,2023-05-26
CUST09048,Isha Mishra,Female,22,Ahmedabad,Gujarat,2024-11-05
CUST09049,Shreya Mishra,Female,42,Kolkata,West Bengal,2023-07-14
CUST09050,Neha Khan,Male,19,Mumbai,Maharashtra,2023-10-19
CUST09051,Aarav Rao,Female,51,Mumbai,Maharashtra,2023-12-18
CUST09052,Pooja Gupta,Other,60,Lucknow,Uttar Pradesh,2024-12-31
CUST09053,Kabir Sharma,Male,58,Mumbai,Maharashtra,2024-12-19
CUST09054,Rahul Joshi,Other,21,Hyderabad,Telangana,2025-11-16
CUST09055,Pooja Shah,Female,31,Delhi,Delhi,2023-01-06
CUST09056,Riya Mishra,Male,64,Kolkata,West Bengal,2024-03-02
CUST09057,Simran Verma,Other,49,Lucknow,Uttar Pradesh,2023-12-10
CUST09058,Isha Khan,Male,43,Kolkata,West Bengal,2024-01-19
CUST09059,Yash Khan,Female,30,Lucknow,Uttar Pradesh,2025-09-01
CUST09060,Arjun Patel,Other,34,Chennai,Tamil Nadu,2023-12-01
CUST09061,Rohan Kulkarni,Other,19,Ahmedabad,Gujarat,2023-10-02
CUST09062,Kabir Joshi,Other,24,Ahmedabad,Gujarat,2024-01-30
CUST09063,Isha Mishra,Other,56,Pune,Maharashtra,2024-05-29
CUST09064,Karan Rao,Other,35,Delhi,Delhi,2025-02-08
CUST09065,Aditya Khan,Male,58,Lucknow,Uttar Pradesh,2025-02-26
CUST09066,Karan Khan,Male,54,Hyderabad,Telangana,2024-07-23
CUST09067,Rahul Rao,Other,22,Ahmedabad,Gujarat,2025-07-03
CUST09068,Neha Verma,Other,39,Hyderabad,Telangana,2025-04-27
CUST09069,Aarav Khan,Female,61,Ahmedabad,Gujarat,2023-05-01
CUST09070,Ananya Jain,Female,23,Jaipur,Rajasthan,2023-11-16
CUST09071,Ananya Rao,Male,59,Mumbai,Maharashtra,2024-01-28
CUST09072,Simran Desai,Male,48,Ahmedabad,Gujarat,2023-09-25
CUST09073,Neha Singh,Female,65,Delhi,Delhi,2024-07-14
CUST09074,Neha Desai,Other,44,Kolkata,West Bengal,2023-06-08
CUST09075,Vikram Nair,Male,23,Ahmedabad,Gujarat,2025-02-09
CUST09076,Aditya Sharma,Female,18,Pune,Maharashtra,2024-04-25
CUST09077,Arjun Sharma,Other,41,Bangalore,Karnataka,2025-03-14
CUST09078,Aditya Verma,Female,41,Kolkata,West Bengal,2024-09-14
CUST09079,Pooja Mishra,Other,47,Kolkata,West Bengal,2025-01-12
CUST09080,Rohan Nair,Female,37,Bangalore,Karnataka,2025-09-03
CUST09081,Arjun Rao,Male,45,Mumbai,Maharashtra,2024-11-22
CUST09082,Yash Joshi,Other,27,Lucknow,Uttar Pradesh,2023-02-13
CUST09083,Sneha Shah,Female,62,Mumbai,Maharashtra,2024-08-31
CUST09084,Priya Patel,Other,19,Pune,Maharashtra,2025-09-20
CUST09085,Pooja Mishra,Female,32,Delhi,Delhi,2025-02-07
CUST09086,Kabir Shah,Male,36,Mumbai,Maharashtra,2024-10-21
CUST09087,Priya Kulkarni,Female,63,Lucknow,Uttar Pradesh,2023-01-01
CUST09088,Yash Patel,Other,30,Kolkata,West Bengal,2023-11-02
CUST09089,Aditi Jain,Male,40,Lucknow,Uttar Pradesh,2025-02-12
CUST09090,Aditi Verma,Female,43,Delhi,Delhi,2023-04-14
CUST09091,Ananya Desai,Male,45,Lucknow,Uttar Pradesh,2023-04-22
CUST09092,Kabir Sharma,Female,25,Chennai,Tamil Nadu,2023-05-01
CUST09093,Ananya Verma,Female,56,Lucknow,Uttar Pradesh,2025-08-19
CUST09094,Pooja Khan,Other,54,Hyderabad,Telangana,2023-08-01
CUST09095,Isha Desai,Other,57,Ahmedabad,Gujarat,2023-03-08
CUST09096,Vikram Khan,Female,57,Mumbai,Maharashtra,2025-08-02
CUST09097,Pooja Mishra,Male,56,Delhi,Delhi,2023-11-01
CUST09098,Yash Shah,Other,49,Mumbai,Maharashtra,2025-11-16
CUST09099,Simran Kulkarni,Female,54,Pune,Maharashtra,2025-08-18
CUST09100,Simran Kulkarni,Female,31,Jaipur,Rajasthan,2023-11-10
CUST09101,Kabir Joshi,Other,65,Lucknow,Uttar Pradesh,2025-04-05
CUST09102,Vikram Kulkarni,Female,34,Kolkata,West Bengal,2023-12-29
CUST09103,Yash Mehta,Male,54,Hyderabad,Telangana,2023-01-26
CUST09104,Kabir Patel,Female,39,Chennai,Tamil Nadu,2024-06-11
CUST09105,Aman Joshi,Male,31,Mumbai,Maharashtra,2023-08-25
CUST09106,Vikram Verma,Male,38,Bangalore,Karnataka,2023-06-29
CUST09107,Vikram Verma,Female,19,Jaipur,Rajasthan,2023-05-16
CUST09108,Simran Mehta,Female,43,Jaipur,Rajasthan,2024-01-09
CUST09109,Isha Singh,Female,23,Delhi,Delhi,2024-05-06
CUST09110,Pooja Rao,Other,35,Chennai,Tamil Nadu,2023-04-25
CUST09111,Priya Khan,Female,54,Hyderabad,Telangana,2023-08-05
CUST09112,Pooja Khan,Other,23,Hyderabad,Telangana,2025-08-18
CUST09113,Sneha Patel,Female,24,Lucknow,Uttar Pradesh,2023-05-09
CUST09114,Yash Nair,Female,55,Delhi,Delhi,2024-05-09
CUST09115,Aarav Sharma,Other,21,Pune,Maharashtra,2025-06-20
CUST09116,Isha Desai,Other,34,Pune,Maharashtra,2024-07-30
CUST09117,Aditi Rao,Female,24,Chennai,Tamil Nadu,2023-05-13
CUST09118,Shreya Rao,Male,49,Hyderabad,Telangana,2024-06-06
CUST09119,Simran Singh,Other,61,Delhi,Delhi,2023-05-29
CUST09120,Priya Desai,Male,57,Jaipur,Rajasthan,2023-04-22
CUST09121,Yash Mishra,Other,45,Kolkata,West Bengal,2023-04-13
CUST09122,Yash Patel,Male,45,Pune,Maharashtra,2024-09-23
CUST09123,Pooja Mishra,Male,48,Kolkata,West Bengal,2023-07-16
CUST09124,Kabir Khan,Male,18,Bangalore,Karnataka,2024-07-23
CUST09125,Pooja Jain,Other,19,Ahmedabad,Gujarat,2023-04-13
CUST09126,Aditya Nair,Other,27,Jaipur,Rajasthan,2024-12-06
CUST09127,Karan Khan,Other,59,Mumbai,Maharashtra,2024-06-06
CUST09128,Riya Verma,Other,48,Lucknow,Uttar Pradesh,2024-10-22
CUST09129,Priya Gupta,Male,21,Mumbai,Maharashtra,2023-03-10
CUST09130,Rohan Patel,Other,51,Chennai,Tamil Nadu,2023-05-13
CUST09131,Pooja Patel,Other,53,Ahmedabad,Gujarat,2024-12-12
CUST09132,Shreya Desai,Other,37,Bangalore,Karnataka,2023-11-08
CUST09133,Shreya Gupta,Female,59,Ahmedabad,Gujarat,2025-05-08
CUST09134,Ananya Singh,Other,31,Pune,Maharashtra,2024-12-10
CUST09135,Priya Joshi,Male,18,Delhi,Delhi,2023-03-19
CUST09136,Rahul Mishra,Male,34,Kolkata,West Bengal,2024-04-20
CUST09137,Shreya Mishra,Female,49,Bangalore,Karnataka,2023-10-24
CUST09138,Riya Sharma,Other,37,Jaipur,Rajasthan,2024-11-01
CUST09139,Priya Desai,Male,57,Jaipur,Rajasthan,2023-12-19
CUST09140,Neha Nair,Male,62,Chennai,Tamil Nadu,2024-06-24
CUST09141,Karan Gupta,Male,33,Jaipur,Rajasthan,2024-01-08
CUST09142,Yash Khan,Male,38,Mumbai,Maharashtra,2023-08-29
CUST09143,Aditya Verma,Male,61,Kolkata,West Bengal,2024-07-20
CUST09144,Neha Mishra,Other,52,Delhi,Delhi,2024-03-07
CUST09145,Neha Joshi,Male,48,Hyderabad,Telangana,2023-11-18
CUST09146,Neha Sharma,Other,49,Jaipur,Rajasthan,2024-03-17
CUST09147,Sneha Patel,Male,38,Ahmedabad,Gujarat,2024-10-16
CUST09148,Rahul Khan,Female,33,Hyderabad,Telangana,2023-10-29
CUST09149,Karan Nair,Other,31,Bangalore,Karnataka,2023-07-16
CUST09150,Aman Joshi,Female,45,Ahmedabad,Gujarat,2025-06-04
CUST09151,Priya Kulkarni,Male,32,Mumbai,Maharashtra,2025-10-02
CUST09152,Neha Sharma,Other,34,Mumbai,Maharashtra,2025-05-10
CUST09153,Aditya Rao,Male,37,Chennai,Tamil Nadu,2025-12-07
CUST09154,Yash Mehta,Male,48,Lucknow,Uttar Pradesh,2024-08-22
CUST09155,Simran Mehta,Male,41,Jaipur,Rajasthan,2025-02-15
CUST09156,Neha Kulkarni,Other,30,Ahmedabad,Gujarat,2024-01-04
CUST09157,Kabir Sharma,Other,58,Kolkata,West Bengal,2023-11-19
CUST09158,Neha Mishra,Other,31,Jaipur,Rajasthan,2025-08-06
CUST09159,Vikram Sharma,Female,40,Jaipur,Rajasthan,2023-05-04
CUST09160,Simran Mehta,Male,30,Bangalore,Karnataka,2025-05-06
CUST09161,Arjun Desai,Male,22,Ahmedabad,Gujarat,2025-02-03
CUST09162,Arjun Joshi,Other,46,Hyderabad,Telangana,2023-10-05
CUST09163,Aarav Rao,Male,36,Hyderabad,Telangana,2024-09-07
CUST09164,Kabir Verma,Other,52,Chennai,Tamil Nadu,2025-02-16
CUST09165,Yash Nair,Other,49,Kolkata,West Bengal,2024-03-09
CUST09166,Arjun Shah,Male,51,Ahmedabad,Gujarat,2025-08-25
CUST09167,Aarav Mishra,Other,29,Chennai,Tamil Nadu,2024-05-23
CUST09168,Simran Jain,Male,63,Lucknow,Uttar Pradesh,2023-06-04
CUST09169,Rahul Khan,Female,46,Hyderabad,Telangana,2025-03-10
CUST09170,Neha Mishra,Female,35,Hyderabad,Telangana,2025-09-23
CUST09171,Isha Joshi,Other,38,Delhi,Delhi,2023-11-21
CUST09172,Vikram Mehta,Male,52,Bangalore,Karnataka,2023-11-10
CUST09173,Rohan Rao,Female,61,Pune,Maharashtra,2025-04-15
CUST09174,Karan Rao,Male,31,Bangalore,Karnataka,2025-03-02
CUST09175,Yash Sharma,Other,61,Ahmedabad,Gujarat,2023-06-03
CUST09176,Vikram Sharma,Other,56,Kolkata,West Bengal,2024-02-19
CUST09177,Karan Joshi,Female,60,Delhi,Delhi,2023-03-17
CUST09178,Yash Shah,Other,27,Jaipur,Rajasthan,2023-11-08
CUST09179,Arjun Desai,Other,42,Bangalore,Karnataka,2025-11-23
CUST09180,Aarav Gupta,Other,41,Bangalore,Karnataka,2025-09-19
CUST09181,Riya Rao,Male,44,Delhi,Delhi,2023-04-28
CUST09182,Rohan Khan,Female,56,Mumbai,Maharashtra,2025-01-07
CUST09183,Aditya Khan,Female,58,Kolkata,West Bengal,2023-12-27
CUST09184,Aditi Khan,Other,37,Lucknow,Uttar Pradesh,2025-02-24
CUST09185,Arjun Mehta,Male,53,Hyderabad,Telangana,2024-10-15
CUST09186,Yash Kulkarni,Other,53,Lucknow,Uttar Pradesh,2023-01-04
CUST09187,Yash Rao,Male,51,Jaipur,Rajasthan,2025-02-24
CUST09188,Arjun Patel,Male,36,Mumbai,Maharashtra,2025-07-31
CUST09189,Shreya Nair,Other,43,Bangalore,Karnataka,2024-02-23
CUST09190,Aarav Shah,Male,50,Kolkata,West Bengal,2025-11-13
CUST09191,Aditya Kulkarni,Female,35,Jaipur,Rajasthan,2024-08-09
CUST09192,Rohan Rao,Male,30,Ahmedabad,Gujarat,2023-10-03
CUST09193,Priya Desai,Female,31,Ahmedabad,Gujarat,2025-10-12
CUST09194,Simran Rao,Other,55,Hyderabad,Telangana,2023-05-29
CUST09195,Arjun Khan,Female,32,Jaipur,Rajasthan,2023-04-23
CUST09196,Yash Jain,Male,55,Pune,Maharashtra,2024-05-07
CUST09197,Riya Singh,Female,50,Ahmedabad,Gujarat,2024-11-05
CUST09198,Karan Mehta,Other,20,Delhi,Delhi,2023-09-06
CUST09199,Arjun Rao,Female,47,Jaipur,Rajasthan,2025-08-25
CUST09200,Priya Singh,Male,25,Delhi,Delhi,2024-04-12
CUST09201,Priya Desai,Female,42,Chennai,Tamil Nadu,2025-06-21
CUST09202,Aarav Shah,Other,31,Mumbai,Maharashtra,2023-09-26
CUST09203,Ananya Mehta,Other,25,Delhi,Delhi,2025-09-29
CUST09204,Kabir Rao,Male,63,Mumbai,Maharashtra,2024-09-23
CUST09205,Sneha Mishra,Female,51,Bangalore,Karnataka,2025-10-08
CUST09206,Simran Kulkarni,Other,38,Delhi,Delhi,2023-06-12
CUST09207,Shreya Rao,Female,31,Bangalore,Karnataka,2023-02-19
CUST09208,Aarav Mishra,Female,40,Pune,Maharashtra,2023-08-27
CUST09209,Rahul Mishra,Female,23,Ahmedabad,Gujarat,2023-12-09
CUST09210,Simran Jain,Male,54,Lucknow,Uttar Pradesh,2023-07-30
CUST09211,Neha Shah,Male,22,Delhi,Delhi,2023-03-29
CUST09212,Kabir Singh,Male,32,Bangalore,Karnataka,2024-10-25
CUST09213,Vikram Mishra,Male,52,Bangalore,Karnataka,2023-11-16
CUST09214,Aarav Patel,Male,29,Hyderabad,Telangana,2025-07-08
CUST09215,Aarav Mishra,Other,37,Lucknow,Uttar Pradesh,2023-07-06
CUST09216,Aarav Patel,Other,42,Pune,Maharashtra,2025-03-05
CUST09217,Arjun Mishra,Male,47,Hyderabad,Telangana,2025-04-05
CUST09218,Riya Mehta,Male,58,Ahmedabad,Gujarat,2023-11-17
CUST09219,Isha Joshi,Female,65,Mumbai,Maharashtra,2023-01-15
CUST09220,Rohan Nair,Male,31,Chennai,Tamil Nadu,2024-04-13
CUST09221,Neha Sharma,Other,29,Delhi,Delhi,2025-04-03
CUST09222,Pooja Mehta,Male,37,Chennai,Tamil Nadu,2023-05-20
CUST09223,Aman Gupta,Female,33,Kolkata,West Bengal,2023-09-02
CUST09224,Aditi Jain,Other,39,Chennai,Tamil Nadu,2023-06-02
CUST09225,Ananya Shah,Male,55,Hyderabad,Telangana,2023-09-15
CUST09226,Vikram Verma,Other,27,Hyderabad,Telangana,2023-04-23
CUST09227,Isha Sharma,Male,58,Ahmedabad,Gujarat,2024-09-25
CUST09228,Rohan Joshi,Female,39,Lucknow,Uttar Pradesh,2025-05-09
CUST09229,Sneha Shah,Male,42,Lucknow,Uttar Pradesh,2023-04-13
CUST09230,Sneha Khan,Female,35,Jaipur,Rajasthan,2025-01-11
CUST09231,Rohan Shah,Other,38,Lucknow,Uttar Pradesh,2023-07-27
CUST09232,Yash Sharma,Other,37,Mumbai,Maharashtra,2023-02-26
CUST09233,Ananya Desai,Female,41,Bangalore,Karnataka,2025-02-11
CUST09234,Aditi Patel,Other,33,Pune,Maharashtra,2025-05-31
CUST09235,Ananya Gupta,Male,19,Kolkata,West Bengal,2025-01-12
CUST09236,Sneha Singh,Female,50,Pune,Maharashtra,2025-01-28
CUST09237,Isha Desai,Male,24,Pune,Maharashtra,2023-11-27
CUST09238,Yash Patel,Male,31,Lucknow,Uttar Pradesh,2023-02-13
CUST09239,Priya Sharma,Female,24,Delhi,Delhi,2025-02-07
CUST09240,Shreya Kulkarni,Female,65,Jaipur,Rajasthan,2023-01-15
CUST09241,Aarav Mishra,Female,40,Lucknow,Uttar Pradesh,2023-08-18
CUST09242,Aditi Verma,Other,55,Chennai,Tamil Nadu,2023-09-03
CUST09243,Priya Desai,Other,40,Ahmedabad,Gujarat,2025-08-27
CUST09244,Aarav Gupta,Female,59,Kolkata,West Bengal,2023-07-12
CUST09245,Priya Khan,Other,36,Bangalore,Karnataka,2025-11-21
CUST09246,Rohan Nair,Female,45,Lucknow,Uttar Pradesh,2025-06-02
CUST09247,Simran Jain,Male,18,Jaipur,Rajasthan,2025-10-19
CUST09248,Rahul Jain,Other,49,Mumbai,Maharashtra,2024-06-10
CUST09249,Arjun Jain,Female,61,Mumbai,Maharashtra,2024-04-10
CUST09250,Aditya Shah,Female,36,Pune,Maharashtra,2025-09-26
CUST09251,Arjun Gupta,Other,63,Pune,Maharashtra,2023-10-20
CUST09252,Riya Patel,Female,39,Lucknow,Uttar Pradesh,2025-06-15
CUST09253,Rohan Patel,Other,41,Pune,Maharashtra,2025-01-14
CUST09254,Neha Sharma,Male,27,Jaipur,Rajasthan,2023-04-15
CUST09255,Shreya Jain,Other,55,Mumbai,Maharashtra,2025-05-23
CUST09256,Neha Gupta,Female,45,Ahmedabad,Gujarat,2024-02-05
CUST09257,Karan Mehta,Other,34,Ahmedabad,Gujarat,2023-10-12
CUST09258,Rohan Desai,Other,19,Delhi,Delhi,2023-03-19
CUST09259,Aman Kulkarni,Female,21,Bangalore,Karnataka,2024-06-18
CUST09260,Yash Patel,Other,37,Pune,Maharashtra,2025-05-31
CUST09261,Kabir Sharma,Female,18,Bangalore,Karnataka,2024-02-10
CUST09262,Kabir Gupta,Male,45,Delhi,Delhi,2025-10-04
CUST09263,Aarav Mehta,Male,39,Bangalore,Karnataka,2025-01-13
CUST09264,Aditya Jain,Male,34,Hyderabad,Telangana,2023-06-14
CUST09265,Arjun Verma,Male,52,Kolkata,West Bengal,2024-01-17
CUST09266,Aarav Jain,Female,22,Lucknow,Uttar Pradesh,2024-12-10
CUST09267,Riya Joshi,Male,42,Pune,Maharashtra,2023-03-06
CUST09268,Sneha Verma,Female,53,Lucknow,Uttar Pradesh,2023-03-16
CUST09269,Karan Kulkarni,Female,30,Bangalore,Karnataka,2023-08-21
CUST09270,Shreya Shah,Other,58,Hyderabad,Telangana,2025-04-11
CUST09271,Ananya Sharma,Other,45,Jaipur,Rajasthan,2023-12-02
CUST09272,Neha Desai,Male,42,Delhi,Delhi,2023-10-07
CUST09273,Isha Desai,Female,42,Pune,Maharashtra,2025-04-17
CUST09274,Karan Verma,Female,28,Jaipur,Rajasthan,2024-12-29
CUST09275,Aditya Jain,Female,21,Mumbai,Maharashtra,2024-06-19
CUST09276,Arjun Khan,Other,55,Pune,Maharashtra,2024-05-22
CUST09277,Aman Mehta,Male,55,Chennai,Tamil Nadu,2025-08-17
CUST09278,Aman Jain,Female,25,Bangalore,Karnataka,2025-11-19
CUST09279,Aarav Mehta,Other,39,Jaipur,Rajasthan,2024-12-06
CUST09280,Ananya Gupta,Other,27,Hyderabad,Telangana,2025-12-18
CUST09281,Aditya Khan,Male,33,Chennai,Tamil Nadu,2023-10-16
CUST09282,Priya Jain,Female,54,Jaipur,Rajasthan,2025-04-18
CUST09283,Ananya Kulkarni,Male,40,Delhi,Delhi,2025-12-19
CUST09284,Priya Kulkarni,Female,30,Hyderabad,Telangana,2023-03-29
CUST09285,Aarav Desai,Male,64,Ahmedabad,Gujarat,2024-03-25
CUST09286,Simran Shah,Other,51,Mumbai,Maharashtra,2024-04-09
CUST09287,Isha Sharma,Other,48,Delhi,Delhi,2025-06-01
CUST09288,Kabir Rao,Other,62,Kolkata,West Bengal,2023-10-19
CUST09289,Arjun Singh,Female,18,Delhi,Delhi,2023-02-05
CUST09290,Riya Jain,Male,56,Delhi,Delhi,2025-07-27
CUST09291,Neha Verma,Female,63,Pune,Maharashtra,2024-09-19
CUST09292,Karan Sharma,Female,33,Kolkata,West Bengal,2023-08-27
CUST09293,Yash Verma,Male,53,Kolkata,West Bengal,2025-08-22
CUST09294,Isha Shah,Other,41,Delhi,Delhi,2024-10-12
CUST09295,Pooja Verma,Other,47,Kolkata,West Bengal,2024-10-06
CUST09296,Shreya Mehta,Male,65,Lucknow,Uttar Pradesh,2025-02-11
CUST09297,Pooja Shah,Male,28,Bangalore,Karnataka,2025-09-01
CUST09298,Karan Shah,Male,61,Ahmedabad,Gujarat,2023-03-29
CUST09299,Shreya Patel,Female,44,Lucknow,Uttar Pradesh,2023-03-24
CUST09300,Vikram Rao,Female,22,Chennai,Tamil Nadu,2023-08-12
CUST09301,Sneha Gupta,Female,43,Hyderabad,Telangana,2023-02-13
CUST09302,Yash Khan,Other,50,Hyderabad,Telangana,2023-11-04
CUST09303,Kabir Desai,Other,58,Jaipur,Rajasthan,2023-06-25
CUST09304,Pooja Sharma,Other,24,Chennai,Tamil Nadu,2023-06-27
CUST09305,Riya Rao,Other,35,Mumbai,Maharashtra,2023-11-24
CUST09306,Priya Mishra,Other,33,Hyderabad,Telangana,2025-05-26
CUST09307,Kabir Gupta,Male,52,Hyderabad,Telangana,2025-08-05
CUST09308,Aditi Patel,Other,34,Hyderabad,Telangana,2023-06-04
CUST09309,Rohan Gupta,Female,61,Delhi,Delhi,2024-01-21
CUST09310,Riya Nair,Other,53,Delhi,Delhi,2025-06-14
CUST09311,Rahul Desai,Male,65,Delhi,Delhi,2023-05-14
CUST09312,Isha Verma,Male,46,Kolkata,West Bengal,2023-12-16
CUST09313,Rohan Gupta,Male,64,Ahmedabad,Gujarat,2025-09-13
CUST09314,Neha Gupta,Female,40,Delhi,Delhi,2024-07-28
CUST09315,Pooja Mishra,Male,22,Pune,Maharashtra,2025-07-14
CUST09316,Ananya Rao,Other,38,Kolkata,West Bengal,2025-11-14
CUST09317,Aman Mehta,Male,48,Kolkata,West Bengal,2025-04-04
CUST09318,Aarav Sharma,Other,35,Jaipur,Rajasthan,2025-12-06
CUST09319,Sneha Kulkarni,Male,37,Hyderabad,Telangana,2023-04-03
CUST09320,Simran Khan,Other,65,Chennai,Tamil Nadu,2025-08-28
CUST09321,Ananya Desai,Male,51,Chennai,Tamil Nadu,2025-06-06
CUST09322,Yash Sharma,Other,61,Pune,Maharashtra,2023-05-21
CUST09323,Shreya Sharma,Female,43,Bangalore,Karnataka,2024-07-30
CUST09324,Priya Kulkarni,Female,22,Jaipur,Rajasthan,2023-12-16
CUST09325,Kabir Shah,Male,52,Pune,Maharashtra,2025-02-12
CUST09326,Kabir Shah,Male,34,Kolkata,West Bengal,2024-02-17
CUST09327,Aman Shah,Male,30,Delhi,Delhi,2025-11-23
CUST09328,Kabir Jain,Other,65,Bangalore,Karnataka,2023-11-07
CUST09329,Rohan Kulkarni,Female,18,Mumbai,Maharashtra,2024-09-17
CUST09330,Sneha Sharma,Female,54,Jaipur,Rajasthan,2024-04-15
CUST09331,Ananya Khan,Female,49,Delhi,Delhi,2025-04-02
CUST09332,Pooja Gupta,Other,48,Lucknow,Uttar Pradesh,2024-01-14
CUST09333,Rohan Kulkarni,Male,32,Kolkata,West Bengal,2023-07-16
CUST09334,Riya Khan,Other,49,Bangalore,Karnataka,2023-11-27
CUST09335,Simran Patel,Female,40,Jaipur,Rajasthan,2023-06-03
CUST09336,Rohan Khan,Female,62,Lucknow,Uttar Pradesh,2024-01-15
CUST09337,Yash Kulkarni,Male,23,Hyderabad,Telangana,2023-03-11
CUST09338,Rohan Desai,Female,21,Ahmedabad,Gujarat,2023-05-10
CUST09339,Sneha Shah,Male,64,Jaipur,Rajasthan,2024-09-28
CUST09340,Riya Rao,Female,18,Jaipur,Rajasthan,2025-07-20
CUST09341,Rahul Kulkarni,Other,18,Ahmedabad,Gujarat,2024-09-26
CUST09342,Riya Mehta,Other,50,Kolkata,West Bengal,2024-05-28
CUST09343,Arjun Sharma,Male,55,Chennai,Tamil Nadu,2023-03-04
CUST09344,Arjun Desai,Male,51,Ahmedabad,Gujarat,2023-06-02
CUST09345,Yash Khan,Other,58,Hyderabad,Telangana,2025-06-28
CUST09346,Sneha Singh,Other,54,Jaipur,Rajasthan,2024-11-04
CUST09347,Sneha Rao,Male,46,Mumbai,Maharashtra,2023-11-14
CUST09348,Yash Patel,Other,40,Pune,Maharashtra,2025-05-21
CUST09349,Sneha Singh,Female,55,Chennai,Tamil Nadu,2024-05-16
CUST09350,Yash Nair,Male,20,Bangalore,Karnataka,2024-05-12
CUST09351,Kabir Mehta,Female,24,Pune,Maharashtra,2025-11-13
CUST09352,Arjun Joshi,Male,21,Kolkata,West Bengal,2023-11-23
CUST09353,Vikram Verma,Male,61,Jaipur,Rajasthan,2023-03-02
CUST09354,Aman Gupta,Male,23,Kolkata,West Bengal,2025-10-03
CUST09355,Karan Nair,Other,18,Delhi,Delhi,2023-11-05
CUST09356,Karan Gupta,Male,20,Ahmedabad,Gujarat,2023-08-04
CUST09357,Simran Shah,Female,53,Kolkata,West Bengal,2023-09-20
CUST09358,Kabir Gupta,Female,29,Jaipur,Rajasthan,2024-11-06
CUST09359,Rohan Mishra,Other,22,Ahmedabad,Gujarat,2025-05-21
CUST09360,Riya Jain,Female,47,Hyderabad,Telangana,2023-09-24
CUST09361,Pooja Sharma,Other,59,Kolkata,West Bengal,2024-01-21
CUST09362,Aditya Khan,Female,53,Delhi,Delhi,2024-05-06
CUST09363,Aman Mishra,Female,41,Lucknow,Uttar Pradesh,2023-04-11
CUST09364,Riya Gupta,Other,53,Delhi,Delhi,2025-04-25
CUST09365,Karan Khan,Female,63,Hyderabad,Telangana,2025-04-30
CUST09366,Sneha Khan,Other,41,Hyderabad,Telangana,2025-09-01
CUST09367,Pooja Rao,Female,40,Delhi,Delhi,2025-11-04
CUST09368,Sneha Joshi,Female,63,Ahmedabad,Gujarat,2025-07-16
CUST09369,Riya Jain,Other,26,Jaipur,Rajasthan,2025-01-11
CUST09370,Shreya Gupta,Male,44,Chennai,Tamil Nadu,2025-10-31
CUST09371,Arjun Kulkarni,Female,36,Jaipur,Rajasthan,2024-01-28
CUST09372,Isha Kulkarni,Male,57,Lucknow,Uttar Pradesh,2023-12-07
CUST09373,Vikram Sharma,Female,35,Pune,Maharashtra,2023-09-25
CUST09374,Aditya Sharma,Female,49,Bangalore,Karnataka,2024-12-20
CUST09375,Aditi Mehta,Other,29,Delhi,Delhi,2025-09-08
CUST09376,Shreya Joshi,Female,24,Lucknow,Uttar Pradesh,2023-05-27
CUST09377,Aarav Shah,Male,28,Ahmedabad,Gujarat,2025-04-21
CUST09378,Aman Gupta,Other,64,Mumbai,Maharashtra,2024-04-01
CUST09379,Aarav Gupta,Female,23,Hyderabad,Telangana,2025-10-02
CUST09380,Priya Desai,Other,64,Lucknow,Uttar Pradesh,2023-01-20
CUST09381,Vikram Joshi,Male,51,Chennai,Tamil Nadu,2023-09-04
CUST09382,Pooja Rao,Male,49,Delhi,Delhi,2025-08-05
CUST09383,Yash Shah,Other,23,Lucknow,Uttar Pradesh,2024-02-28
CUST09384,Sneha Mehta,Male,28,Lucknow,Uttar Pradesh,2024-09-14
CUST09385,Riya Rao,Male,40,Chennai,Tamil Nadu,2024-08-18
CUST09386,Aditi Patel,Female,41,Kolkata,West Bengal,2025-02-03
CUST09387,Neha Joshi,Other,42,Ahmedabad,Gujarat,2024-09-09
CUST09388,Rohan Khan,Male,61,Bangalore,Karnataka,2023-05-26
CUST09389,Riya Khan,Female,21,Mumbai,Maharashtra,2024-11-29
CUST09390,Aditya Joshi,Other,63,Ahmedabad,Gujarat,2024-03-06
CUST09391,Isha Patel,Male,19,Mumbai,Maharashtra,2025-04-08
CUST09392,Pooja Jain,Female,61,Kolkata,West Bengal,2023-08-27
CUST09393,Arjun Khan,Male,46,Chennai,Tamil Nadu,2024-02-01
CUST09394,Vikram Desai,Female,36,Mumbai,Maharashtra,2023-12-03
CUST09395,Neha Desai,Other,55,Lucknow,Uttar Pradesh,2025-08-06
CUST09396,Arjun Kulkarni,Male,32,Delhi,Delhi,2024-08-23
CUST09397,Vikram Mishra,Female,47,Lucknow,Uttar Pradesh,2025-07-13
CUST09398,Aditya Mishra,Female,19,Chennai,Tamil Nadu,2024-06-22
CUST09399,Vikram Kulkarni,Male,44,Hyderabad,Telangana,2024-07-03
CUST09400,Aarav Joshi,Other,52,Hyderabad,Telangana,2024-04-27
CUST09401,Priya Mishra,Other,43,Pune,Maharashtra,2025-06-10
CUST09402,Vikram Nair,Other,47,Mumbai,Maharashtra,2023-08-25
CUST09403,Aditya Kulkarni,Female,24,Jaipur,Rajasthan,2023-03-16
CUST09404,Isha Khan,Female,32,Mumbai,Maharashtra,2024-01-31
CUST09405,Isha Kulkarni,Female,24,Ahmedabad,Gujarat,2024-06-16
CUST09406,Rahul Rao,Other,33,Kolkata,West Bengal,2023-09-05
CUST09407,Kabir Singh,Male,59,Mumbai,Maharashtra,2023-12-04
CUST09408,Shreya Shah,Female,31,Mumbai,Maharashtra,2024-08-19
CUST09409,Arjun Khan,Male,35,Bangalore,Karnataka,2023-06-23
CUST09410,Aditya Joshi,Male,48,Ahmedabad,Gujarat,2023-03-04
CUST09411,Priya Joshi,Other,49,Kolkata,West Bengal,2025-03-04
CUST09412,Rahul Shah,Other,31,Mumbai,Maharashtra,2025-02-20
CUST09413,Pooja Joshi,Male,46,Ahmedabad,Gujarat,2025-12-15
CUST09414,Arjun Khan,Male,36,Chennai,Tamil Nadu,2023-08-12
CUST09415,Ananya Shah,Female,48,Kolkata,West Bengal,2025-09-21
CUST09416,Vikram Verma,Other,60,Lucknow,Uttar Pradesh,2025-01-09
CUST09417,Rohan Nair,Female,56,Bangalore,Karnataka,2023-09-29
CUST09418,Vikram Verma,Male,55,Hyderabad,Telangana,2025-08-16
CUST09419,Pooja Verma,Female,55,Chennai,Tamil Nadu,2024-11-03
CUST09420,Ananya Rao,Other,37,Bangalore,Karnataka,2023-03-03
CUST09421,Aditya Gupta,Other,63,Mumbai,Maharashtra,2023-12-01
CUST09422,Shreya Jain,Male,53,Pune,Maharashtra,2024-09-02
CUST09423,Yash Mehta,Female,54,Kolkata,West Bengal,2025-07-04
CUST09424,Karan Patel,Female,49,Hyderabad,Telangana,2025-03-06
CUST09425,Karan Rao,Female,50,Jaipur,Rajasthan,2025-12-02
CUST09426,Shreya Singh,Other,48,Kolkata,West Bengal,2023-01-17
CUST09427,Yash Desai,Female,25,Hyderabad,Telangana,2023-06-11
CUST09428,Simran Nair,Other,20,Hyderabad,Telangana,2024-10-24
CUST09429,Shreya Gupta,Other,36,Lucknow,Uttar Pradesh,2023-04-19
CUST09430,Isha Gupta,Male,47,Ahmedabad,Gujarat,2024-07-25
CUST09431,Aditi Verma,Female,35,Bangalore,Karnataka,2025-01-11
CUST09432,Aditya Nair,Other,44,Bangalore,Karnataka,2025-09-10
CUST09433,Arjun Sharma,Female,47,Lucknow,Uttar Pradesh,2024-11-15
CUST09434,Priya Kulkarni,Male,47,Ahmedabad,Gujarat,2024-07-21
CUST09435,Aditya Patel,Other,25,Lucknow,Uttar Pradesh,2024-05-18
CUST09436,Karan Desai,Female,52,Mumbai,Maharashtra,2024-05-04
CUST09437,Priya Kulkarni,Female,44,Mumbai,Maharashtra,2024-04-12
CUST09438,Yash Singh,Other,19,Lucknow,Uttar Pradesh,2023-08-24
CUST09439,Simran Khan,Female,48,Chennai,Tamil Nadu,2025-12-31
CUST09440,Kabir Sharma,Male,24,Ahmedabad,Gujarat,2025-01-03
CUST09441,Rohan Singh,Other,58,Lucknow,Uttar Pradesh,2024-03-17
CUST09442,Priya Joshi,Other,48,Kolkata,West Bengal,2025-07-14
CUST09443,Isha Rao,Male,48,Kolkata,West Bengal,2024-05-16
CUST09444,Riya Patel,Male,44,Jaipur,Rajasthan,2025-04-05
CUST09445,Pooja Nair,Female,22,Ahmedabad,Gujarat,2025-12-16
CUST09446,Vikram Jain,Other,43,Hyderabad,Telangana,2024-04-08
CUST09447,Rohan Rao,Male,18,Jaipur,Rajasthan,2023-09-02
CUST09448,Rohan Mehta,Female,61,Kolkata,West Bengal,2023-09-23
CUST09449,Shreya Kulkarni,Male,57,Kolkata,West Bengal,2024-09-12
CUST09450,Karan Desai,Female,54,Kolkata,West Bengal,2025-01-20
CUST09451,Riya Verma,Male,43,Mumbai,Maharashtra,2024-10-02
CUST09452,Isha Gupta,Other,59,Hyderabad,Telangana,2024-06-09
CUST09453,Aditya Gupta,Male,59,Delhi,Delhi,2023-09-28
CUST09454,Kabir Desai,Other,59,Bangalore,Karnataka,2023-04-10
CUST09455,Aditi Mishra,Other,57,Delhi,Delhi,2023-12-28
CUST09456,Sneha Jain,Male,52,Pune,Maharashtra,2025-11-05
CUST09457,Aarav Jain,Male,40,Mumbai,Maharashtra,2023-11-30
CUST09458,Sneha Mishra,Male,36,Kolkata,West Bengal,2024-10-20
CUST09459,Neha Desai,Other,44,Jaipur,Rajasthan,2025-05-23
CUST09460,Shreya Sharma,Other,28,Mumbai,Maharashtra,2023-06-13
CUST09461,Rohan Shah,Male,37,Delhi,Delhi,2024-10-09
CUST09462,Aarav Gupta,Other,47,Delhi,Delhi,2024-10-03
CUST09463,Aditya Kulkarni,Female,45,Pune,Maharashtra,2023-10-25
CUST09464,Yash Desai,Female,46,Delhi,Delhi,2023-12-24
CUST09465,Aman Nair,Male,33,Hyderabad,Telangana,2024-05-09
CUST09466,Aditya Desai,Male,19,Lucknow,Uttar Pradesh,2024-09-28
CUST09467,Arjun Kulkarni,Female,46,Pune,Maharashtra,2024-06-09
CUST09468,Vikram Desai,Other,60,Delhi,Delhi,2025-04-28
CUST09469,Priya Jain,Male,64,Lucknow,Uttar Pradesh,2025-01-15
CUST09470,Pooja Gupta,Male,22,Delhi,Delhi,2023-01-29
CUST09471,Simran Gupta,Male,60,Delhi,Delhi,2025-09-24
CUST09472,Priya Khan,Male,31,Kolkata,West Bengal,2025-01-24
CUST09473,Karan Khan,Other,41,Kolkata,West Bengal,2025-01-26
CUST09474,Isha Desai,Other,21,Delhi,Delhi,2023-09-19
CUST09475,Sneha Rao,Other,44,Jaipur,Rajasthan,2024-07-28
CUST09476,Kabir Khan,Female,37,Bangalore,Karnataka,2025-06-11
CUST09477,Aditi Patel,Other,29,Lucknow,Uttar Pradesh,2025-11-16
CUST09478,Yash Jain,Female,61,Lucknow,Uttar Pradesh,2023-08-23
CUST09479,Rohan Mishra,Female,58,Chennai,Tamil Nadu,2024-03-10
CUST09480,Karan Mishra,Other,63,Bangalore,Karnataka,2024-12-03
CUST09481,Pooja Mehta,Other,59,Jaipur,Rajasthan,2025-05-15
CUST09482,Aarav Verma,Male,50,Jaipur,Rajasthan,2023-06-23
CUST09483,Isha Nair,Male,33,Ahmedabad,Gujarat,2024-11-13
CUST09484,Karan Rao,Other,35,Mumbai,Maharashtra,2025-08-06
CUST09485,Shreya Patel,Male,41,Jaipur,Rajasthan,2024-10-11
CUST09486,Simran Jain,Male,40,Bangalore,Karnataka,2024-06-17
CUST09487,Aditya Rao,Other,40,Pune,Maharashtra,2025-05-05
CUST09488,Arjun Mehta,Other,19,Mumbai,Maharashtra,2025-04-02
CUST09489,Pooja Patel,Other,47,Delhi,Delhi,2024-12-15
CUST09490,Rohan Khan,Female,33,Ahmedabad,Gujarat,2023-11-15
CUST09491,Aarav Shah,Other,35,Delhi,Delhi,2024-10-08
CUST09492,Vikram Gupta,Female,26,Hyderabad,Telangana,2024-05-27
CUST09493,Simran Sharma,Other,19,Chennai,Tamil Nadu,2024-06-04
CUST09494,Aditi Singh,Male,54,Bangalore,Karnataka,2024-03-07
CUST09495,Neha Jain,Other,49,Mumbai,Maharashtra,2025-08-25
CUST09496,Sneha Sharma,Other,19,Chennai,Tamil Nadu,2024-01-22
CUST09497,Aditi Shah,Male,65,Pune,Maharashtra,2024-03-04
CUST09498,Shreya Mehta,Male,39,Kolkata,West Bengal,2023-10-19
CUST09499,Neha Rao,Other,42,Chennai,Tamil Nadu,2024-12-10
CUST09500,Rahul Jain,Other,49,Jaipur,Rajasthan,2024-09-09
CUST09501,Neha Desai,Other,62,Chennai,Tamil Nadu,2025-06-25
CUST09502,Sneha Mishra,Other,55,Hyderabad,Telangana,2024-05-12
CUST09503,Isha Shah,Other,61,Delhi,Delhi,2023-03-02
CUST09504,Neha Patel,Other,40,Jaipur,Rajasthan,2025-10-30
CUST09505,Kabir Kulkarni,Male,51,Ahmedabad,Gujarat,2025-12-22
CUST09506,Aarav Khan,Female,29,Lucknow,Uttar Pradesh,2024-11-27
CUST09507,Yash Shah,Other,30,Lucknow,Uttar Pradesh,2025-07-01
CUST09508,Aarav Khan,Female,58,Delhi,Delhi,2025-06-04
CUST09509,Aman Mishra,Female,58,Jaipur,Rajasthan,2024-08-21
CUST09510,Aarav Mishra,Female,44,Ahmedabad,Gujarat,2024-08-21
CUST09511,Priya Khan,Other,47,Chennai,Tamil Nadu,2025-02-11
CUST09512,Aarav Jain,Female,24,Hyderabad,Telangana,2023-11-17
CUST09513,Simran Rao,Female,51,Jaipur,Rajasthan,2025-07-04
CUST09514,Kabir Mishra,Other,53,Chennai,Tamil Nadu,2023-04-20
CUST09515,Aditi Khan,Female,39,Bangalore,Karnataka,2023-03-12
CUST09516,Rahul Sharma,Other,21,Pune,Maharashtra,2025-03-30
CUST09517,Kabir Gupta,Other,43,Hyderabad,Telangana,2023-02-12
CUST09518,Karan Jain,Female,49,Jaipur,Rajasthan,2024-05-29
CUST09519,Rohan Singh,Male,37,Bangalore,Karnataka,2023-03-26
CUST09520,Karan Mishra,Other,48,Pune,Maharashtra,2023-01-27
CUST09521,Sneha Khan,Male,52,Delhi,Delhi,2025-09-17
CUST09522,Shreya Nair,Male,29,Mumbai,Maharashtra,2023-09-05
CUST09523,Aditi Rao,Female,29,Hyderabad,Telangana,2025-03-25
CUST09524,Shreya Khan,Other,58,Delhi,Delhi,2025-03-19
CUST09525,Karan Jain,Male,58,Bangalore,Karnataka,2025-06-06
CUST09526,Vikram Desai,Female,22,Kolkata,West Bengal,2024-07-16
CUST09527,Aarav Verma,Female,29,Lucknow,Uttar Pradesh,2024-03-26
CUST09528,Kabir Joshi,Male,62,Kolkata,West Bengal,2025-01-20
CUST09529,Aarav Kulkarni,Other,30,Hyderabad,Telangana,2023-08-06
CUST09530,Aarav Khan,Other,42,Mumbai,Maharashtra,2023-06-04
CUST09531,Arjun Khan,Male,23,Jaipur,Rajasthan,2024-03-29
CUST09532,Aditya Mehta,Male,49,Lucknow,Uttar Pradesh,2023-04-06
CUST09533,Isha Patel,Other,62,Kolkata,West Bengal,2025-02-12
CUST09534,Karan Shah,Male,36,Mumbai,Maharashtra,2025-02-12
CUST09535,Rahul Kulkarni,Female,49,Hyderabad,Telangana,2023-07-17
CUST09536,Rahul Shah,Female,65,Bangalore,Karnataka,2024-09-07
CUST09537,Karan Gupta,Male,42,Ahmedabad,Gujarat,2023-08-25
CUST09538,Aditi Rao,Female,47,Kolkata,West Bengal,2023-05-06
CUST09539,Sneha Verma,Other,57,Ahmedabad,Gujarat,2025-12-18
CUST09540,Priya Patel,Other,25,Pune,Maharashtra,2023-09-08
CUST09541,Aditi Sharma,Other,19,Ahmedabad,Gujarat,2023-11-26
CUST09542,Yash Khan,Other,52,Pune,Maharashtra,2025-08-22
CUST09543,Aditi Nair,Female,21,Delhi,Delhi,2023-07-14
CUST09544,Neha Rao,Female,58,Kolkata,West Bengal,2024-07-09
CUST09545,Pooja Nair,Female,41,Chennai,Tamil Nadu,2025-01-28
CUST09546,Kabir Singh,Other,32,Mumbai,Maharashtra,2024-04-06
CUST09547,Vikram Khan,Other,55,Ahmedabad,Gujarat,2024-10-17
CUST09548,Karan Rao,Male,55,Ahmedabad,Gujarat,2023-06-20
CUST09549,Shreya Nair,Other,48,Lucknow,Uttar Pradesh,2024-03-21
CUST09550,Yash Gupta,Female,28,Jaipur,Rajasthan,2025-04-03
CUST09551,Rohan Rao,Female,38,Mumbai,Maharashtra,2023-01-10
CUST09552,Rohan Shah,Male,34,Pune,Maharashtra,2024-03-10
CUST09553,Shreya Mishra,Male,47,Jaipur,Rajasthan,2023-12-23
CUST09554,Aditi Sharma,Female,47,Mumbai,Maharashtra,2023-11-12
CUST09555,Neha Joshi,Female,30,Pune,Maharashtra,2025-07-03
CUST09556,Shreya Desai,Female,31,Pune,Maharashtra,2023-07-03
CUST09557,Yash Mehta,Male,48,Chennai,Tamil Nadu,2023-06-15
CUST09558,Rahul Mishra,Male,40,Hyderabad,Telangana,2023-04-18
CUST09559,Yash Mehta,Male,42,Delhi,Delhi,2025-08-30
CUST09560,Sneha Khan,Other,21,Hyderabad,Telangana,2023-03-01
CUST09561,Karan Kulkarni,Other,45,Mumbai,Maharashtra,2025-11-21
CUST09562,Arjun Patel,Other,19,Bangalore,Karnataka,2025-01-22
CUST09563,Isha Gupta,Female,38,Hyderabad,Telangana,2023-05-04
CUST09564,Kabir Jain,Male,24,Ahmedabad,Gujarat,2023-09-17
CUST09565,Rahul Verma,Other,24,Delhi,Delhi,2025-04-08
CUST09566,Aarav Singh,Other,47,Jaipur,Rajasthan,2023-07-14
CUST09567,Pooja Jain,Female,26,Kolkata,West Bengal,2024-04-22
CUST09568,Arjun Joshi,Female,30,Bangalore,Karnataka,2025-05-06
CUST09569,Kabir Patel,Female,18,Delhi,Delhi,2023-01-26
CUST09570,Vikram Kulkarni,Other,45,Kolkata,West Bengal,2025-12-13
CUST09571,Karan Desai,Female,48,Pune,Maharashtra,2023-07-26
CUST09572,Sneha Joshi,Female,53,Lucknow,Uttar Pradesh,2024-09-28
CUST09573,Aman Joshi,Female,29,Hyderabad,Telangana,2025-08-13
CUST09574,Aditya Mehta,Female,42,Chennai,Tamil Nadu,2025-07-29
CUST09575,Simran Singh,Other,48,Lucknow,Uttar Pradesh,2025-10-03
CUST09576,Sneha Khan,Male,42,Lucknow,Uttar Pradesh,2025-02-04
CUST09577,Vikram Sharma,Other,59,Hyderabad,Telangana,2023-11-26
CUST09578,Sneha Khan,Male,34,Ahmedabad,Gujarat,2023-03-03
CUST09579,Aarav Jain,Other,59,Lucknow,Uttar Pradesh,2024-12-23
CUST09580,Aditi Khan,Female,59,Ahmedabad,Gujarat,2023-06-07
CUST09581,Ananya Singh,Other,60,Lucknow,Uttar Pradesh,2025-02-17
CUST09582,Sneha Mehta,Other,37,Hyderabad,Telangana,2023-04-29
CUST09583,Riya Jain,Female,63,Ahmedabad,Gujarat,2023-11-06
CUST09584,Aman Desai,Female,58,Delhi,Delhi,2023-07-07
CUST09585,Shreya Nair,Male,50,Chennai,Tamil Nadu,2024-04-15
CUST09586,Isha Patel,Other,55,Kolkata,West Bengal,2023-09-15
CUST09587,Aarav Desai,Male,38,Bangalore,Karnataka,2025-11-08
CUST09588,Pooja Desai,Male,54,Mumbai,Maharashtra,2024-01-31
CUST09589,Simran Sharma,Other,51,Chennai,Tamil Nadu,2023-06-21
CUST09590,Rohan Gupta,Other,31,Hyderabad,Telangana,2024-07-15
CUST09591,Pooja Shah,Other,21,Chennai,Tamil Nadu,2025-06-10
CUST09592,Yash Verma,Female,49,Ahmedabad,Gujarat,2024-05-24
CUST09593,Rahul Gupta,Other,45,Pune,Maharashtra,2023-07-12
CUST09594,Kabir Desai,Other,49,Bangalore,Karnataka,2023-07-13
CUST09595,Isha Shah,Female,49,Mumbai,Maharashtra,2025-04-13
CUST09596,Isha Mehta,Male,43,Lucknow,Uttar Pradesh,2024-02-16
CUST09597,Yash Shah,Female,19,Pune,Maharashtra,2025-12-06
CUST09598,Shreya Nair,Male,44,Bangalore,Karnataka,2024-11-18
CUST09599,Priya Kulkarni,Other,37,Lucknow,Uttar Pradesh,2023-03-24
CUST09600,Neha Gupta,Female,26,Jaipur,Rajasthan,2023-11-13
CUST09601,Kabir Verma,Male,29,Hyderabad,Telangana,2024-04-02
CUST09602,Aditya Kulkarni,Other,53,Delhi,Delhi,2023-09-25
CUST09603,Kabir Desai,Female,18,Kolkata,West Bengal,2024-04-01
CUST09604,Karan Rao,Other,34,Delhi,Delhi,2025-06-24
CUST09605,Karan Jain,Female,63,Ahmedabad,Gujarat,2025-05-21
CUST09606,Priya Mishra,Female,57,Bangalore,Karnataka,2024-09-13
CUST09607,Vikram Kulkarni,Female,55,Chennai,Tamil Nadu,2023-08-24
CUST09608,Priya Patel,Male,47,Ahmedabad,Gujarat,2025-01-29
CUST09609,Ananya Shah,Other,53,Chennai,Tamil Nadu,2023-10-22
CUST09610,Isha Joshi,Male,63,Pune,Maharashtra,2025-07-19
CUST09611,Aditya Sharma,Female,34,Mumbai,Maharashtra,2024-12-26
CUST09612,Aditya Nair,Female,44,Jaipur,Rajasthan,2023-03-31
CUST09613,Pooja Gupta,Other,37,Jaipur,Rajasthan,2025-07-30
CUST09614,Ananya Shah,Male,29,Jaipur,Rajasthan,2024-05-26
CUST09615,Kabir Desai,Other,33,Mumbai,Maharashtra,2025-10-11
CUST09616,Rohan Joshi,Other,29,Lucknow,Uttar Pradesh,2024-08-09
CUST09617,Rahul Jain,Male,36,Pune,Maharashtra,2025-01-12
CUST09618,Simran Kulkarni,Male,60,Delhi,Delhi,2025-03-03
CUST09619,Rohan Jain,Female,24,Chennai,Tamil Nadu,2024-05-23
CUST09620,Riya Desai,Female,24,Chennai,Tamil Nadu,2024-09-29
CUST09621,Karan Patel,Male,59,Delhi,Delhi,2023-08-12
CUST09622,Ananya Gupta,Other,59,Ahmedabad,Gujarat,2024-03-31
CUST09623,Arjun Khan,Other,33,Bangalore,Karnataka,2025-11-03
CUST09624,Aditya Kulkarni,Other,63,Pune,Maharashtra,2024-07-30
CUST09625,Aarav Khan,Female,48,Delhi,Delhi,2023-10-03
CUST09626,Arjun Mehta,Other,24,Ahmedabad,Gujarat,2025-09-30
CUST09627,Aditya Desai,Male,56,Jaipur,Rajasthan,2024-11-23
CUST09628,Aarav Mishra,Other,46,Lucknow,Uttar Pradesh,2023-07-16
CUST09629,Isha Gupta,Male,51,Ahmedabad,Gujarat,2024-05-31
CUST09630,Aarav Khan,Other,56,Hyderabad,Telangana,2023-02-28
CUST09631,Priya Mehta,Female,34,Lucknow,Uttar Pradesh,2023-04-02
CUST09632,Ananya Singh,Female,53,Lucknow,Uttar Pradesh,2025-03-07
CUST09633,Isha Sharma,Female,44,Bangalore,Karnataka,2024-05-16
CUST09634,Karan Joshi,Other,38,Bangalore,Karnataka,2025-05-01
CUST09635,Simran Verma,Male,28,Bangalore,Karnataka,2025-12-10
CUST09636,Sneha Kulkarni,Female,29,Kolkata,West Bengal,2024-10-17
CUST09637,Pooja Sharma,Female,55,Mumbai,Maharashtra,2023-01-17
CUST09638,Simran Sharma,Other,50,Delhi,Delhi,2025-12-12
CUST09639,Aarav Sharma,Male,39,Hyderabad,Telangana,2023-01-01
CUST09640,Rohan Verma,Other,43,Jaipur,Rajasthan,2023-11-11
CUST09641,Yash Nair,Other,59,Ahmedabad,Gujarat,2023-11-25
CUST09642,Rahul Sharma,Female,22,Hyderabad,Telangana,2023-01-21
CUST09643,Aditi Mishra,Female,54,Jaipur,Rajasthan,2023-05-09
CUST09644,Priya Mehta,Female,59,Hyderabad,Telangana,2025-08-15
CUST09645,Vikram Mehta,Female,22,Delhi,Delhi,2025-01-20
CUST09646,Neha Mishra,Female,18,Delhi,Delhi,2023-05-02
CUST09647,Rahul Verma,Other,56,Bangalore,Karnataka,2023-12-08
CUST09648,Isha Mishra,Male,39,Bangalore,Karnataka,2025-04-17
CUST09649,Simran Rao,Other,28,Hyderabad,Telangana,2024-09-19
CUST09650,Vikram Shah,Other,59,Jaipur,Rajasthan,2025-09-25
CUST09651,Karan Singh,Other,23,Chennai,Tamil Nadu,2024-12-20
CUST09652,Aditi Singh,Male,41,Bangalore,Karnataka,2024-04-15
CUST09653,Neha Mishra,Female,47,Jaipur,Rajasthan,2025-10-29
CUST09654,Rahul Jain,Female,43,Jaipur,Rajasthan,2024-03-28
CUST09655,Rohan Khan,Female,23,Jaipur,Rajasthan,2023-07-19
CUST09656,Shreya Sharma,Other,49,Chennai,Tamil Nadu,2024-10-19
CUST09657,Neha Shah,Other,44,Mumbai,Maharashtra,2023-11-03
CUST09658,Arjun Gupta,Other,57,Lucknow,Uttar Pradesh,2023-04-27
CUST09659,Isha Patel,Other,38,Kolkata,West Bengal,2025-08-16
CUST09660,Priya Khan,Female,56,Mumbai,Maharashtra,2024-01-19
CUST09661,Yash Singh,Female,34,Delhi,Delhi,2024-07-16
CUST09662,Simran Patel,Female,58,Delhi,Delhi,2023-09-05
CUST09663,Priya Kulkarni,Other,37,Pune,Maharashtra,2024-11-21
CUST09664,Simran Nair,Other,34,Ahmedabad,Gujarat,2024-07-07
CUST09665,Aditi Mishra,Female,29,Mumbai,Maharashtra,2023-12-23
CUST09666,Simran Jain,Female,65,Jaipur,Rajasthan,2025-03-25
CUST09667,Simran Mishra,Other,29,Mumbai,Maharashtra,2025-10-07
CUST09668,Aarav Mishra,Female,47,Mumbai,Maharashtra,2023-02-16
CUST09669,Aarav Patel,Female,31,Lucknow,Uttar Pradesh,2025-10-16
CUST09670,Aditya Verma,Other,57,Chennai,Tamil Nadu,2023-10-28
CUST09671,Rahul Joshi,Other,44,Chennai,Tamil Nadu,2025-02-04
CUST09672,Yash Sharma,Female,56,Jaipur,Rajasthan,2024-07-03
CUST09673,Aarav Sharma,Other,59,Delhi,Delhi,2024-11-26
CUST09674,Simran Patel,Female,27,Bangalore,Karnataka,2024-03-08
CUST09675,Karan Nair,Other,59,Bangalore,Karnataka,2024-08-23
CUST09676,Isha Rao,Male,26,Ahmedabad,Gujarat,2023-03-18
CUST09677,Neha Patel,Female,59,Lucknow,Uttar Pradesh,2023-03-23
CUST09678,Kabir Jain,Other,35,Bangalore,Karnataka,2024-09-23
CUST09679,Pooja Sharma,Female,62,Lucknow,Uttar Pradesh,2025-01-06
CUST09680,Riya Jain,Other,48,Bangalore,Karnataka,2024-08-11
CUST09681,Riya Gupta,Male,21,Ahmedabad,Gujarat,2025-03-02
CUST09682,Simran Shah,Male,60,Chennai,Tamil Nadu,2025-06-19
CUST09683,Simran Singh,Other,21,Mumbai,Maharashtra,2023-07-13
CUST09684,Aditi Nair,Female,59,Kolkata,West Bengal,2024-05-26
CUST09685,Kabir Gupta,Male,34,Delhi,Delhi,2025-10-31
CUST09686,Rahul Sharma,Male,18,Bangalore,Karnataka,2023-11-18
CUST09687,Aditya Rao,Female,47,Lucknow,Uttar Pradesh,2025-09-03
CUST09688,Sneha Shah,Other,48,Kolkata,West Bengal,2024-01-19
CUST09689,Vikram Joshi,Other,40,Ahmedabad,Gujarat,2025-01-07
CUST09690,Neha Mehta,Female,53,Chennai,Tamil Nadu,2025-11-08
CUST09691,Aditya Desai,Male,64,Jaipur,Rajasthan,2025-01-07
CUST09692,Pooja Rao,Other,48,Kolkata,West Bengal,2024-07-01
CUST09693,Yash Mehta,Other,48,Kolkata,West Bengal,2024-09-26
CUST09694,Ananya Shah,Male,29,Mumbai,Maharashtra,2023-04-16
CUST09695,Aditya Joshi,Other,34,Pune,Maharashtra,2025-04-09
CUST09696,Aditya Mishra,Female,46,Hyderabad,Telangana,2024-05-03
CUST09697,Shreya Kulkarni,Other,34,Chennai,Tamil Nadu,2023-10-07
CUST09698,Yash Gupta,Male,36,Pune,Maharashtra,2025-07-21
CUST09699,Ananya Nair,Male,39,Pune,Maharashtra,2025-01-31
CUST09700,Vikram Shah,Male,45,Hyderabad,Telangana,2025-09-14
CUST09701,Shreya Jain,Male,51,Chennai,Tamil Nadu,2023-08-05
CUST09702,Ananya Singh,Male,52,Kolkata,West Bengal,2023-09-05
CUST09703,Kabir Mishra,Female,54,Chennai,Tamil Nadu,2024-12-14
CUST09704,Karan Mehta,Male,60,Bangalore,Karnataka,2025-12-10
CUST09705,Rohan Shah,Male,57,Bangalore,Karnataka,2024-08-14
CUST09706,Shreya Verma,Male,51,Ahmedabad,Gujarat,2023-06-28
CUST09707,Aarav Mishra,Female,62,Delhi,Delhi,2025-02-11
CUST09708,Kabir Gupta,Male,34,Hyderabad,Telangana,2025-02-15
CUST09709,Simran Singh,Female,56,Mumbai,Maharashtra,2025-11-30
CUST09710,Rahul Verma,Male,61,Delhi,Delhi,2024-06-12
CUST09711,Pooja Singh,Female,56,Pune,Maharashtra,2025-08-21
CUST09712,Rohan Khan,Female,62,Pune,Maharashtra,2025-09-09
CUST09713,Yash Kulkarni,Other,50,Lucknow,Uttar Pradesh,2024-03-10
CUST09714,Pooja Patel,Other,51,Kolkata,West Bengal,2023-07-05
CUST09715,Riya Rao,Female,64,Ahmedabad,Gujarat,2025-02-23
CUST09716,Aditya Kulkarni,Male,23,Mumbai,Maharashtra,2024-08-22
CUST09717,Shreya Desai,Other,22,Chennai,Tamil Nadu,2023-11-29
CUST09718,Kabir Mishra,Other,19,Lucknow,Uttar Pradesh,2023-03-16
CUST09719,Aditya Shah,Female,19,Delhi,Delhi,2023-10-02
CUST09720,Neha Joshi,Male,26,Ahmedabad,Gujarat,2024-09-04
CUST09721,Simran Rao,Other,41,Pune,Maharashtra,2024-11-19
CUST09722,Simran Rao,Other,38,Ahmedabad,Gujarat,2025-05-17
CUST09723,Neha Singh,Female,51,Delhi,Delhi,2023-12-16
CUST09724,Arjun Shah,Other,33,Mumbai,Maharashtra,2025-10-12
CUST09725,Kabir Mishra,Other,62,Hyderabad,Telangana,2023-08-12
CUST09726,Sneha Joshi,Male,28,Lucknow,Uttar Pradesh,2024-09-20
CUST09727,Sneha Rao,Other,63,Pune,Maharashtra,2024-11-02
CUST09728,Priya Shah,Other,51,Bangalore,Karnataka,2025-01-27
CUST09729,Aditi Nair,Female,38,Bangalore,Karnataka,2024-08-14
CUST09730,Riya Patel,Male,62,Delhi,Delhi,2025-02-23
CUST09731,Kabir Gupta,Male,36,Hyderabad,Telangana,2024-11-12
CUST09732,Shreya Mehta,Male,26,Jaipur,Rajasthan,2025-04-23
CUST09733,Riya Nair,Male,24,Mumbai,Maharashtra,2023-11-12
CUST09734,Kabir Gupta,Other,65,Mumbai,Maharashtra,2023-09-23
CUST09735,Arjun Sharma,Other,49,Kolkata,West Bengal,2023-01-06
CUST09736,Vikram Shah,Male,31,Pune,Maharashtra,2024-07-14
CUST09737,Karan Khan,Male,59,Kolkata,West Bengal,2023-01-05
CUST09738,Vikram Shah,Female,35,Hyderabad,Telangana,2025-01-20
CUST09739,Arjun Nair,Other,53,Kolkata,West Bengal,2024-01-03
CUST09740,Riya Sharma,Male,24,Bangalore,Karnataka,2024-11-08
CUST09741,Neha Nair,Other,58,Delhi,Delhi,2024-07-04
CUST09742,Sneha Joshi,Male,59,Delhi,Delhi,2025-08-30
CUST09743,Rohan Khan,Female,20,Kolkata,West Bengal,2025-11-05
CUST09744,Karan Nair,Male,42,Pune,Maharashtra,2025-01-14
CUST09745,Aditi Khan,Female,36,Bangalore,Karnataka,2024-05-18
CUST09746,Riya Mehta,Male,38,Bangalore,Karnataka,2024-06-09
CUST09747,Neha Rao,Female,22,Hyderabad,Telangana,2023-04-04
CUST09748,Ananya Shah,Male,35,Lucknow,Uttar Pradesh,2023-02-04
CUST09749,Neha Khan,Female,41,Jaipur,Rajasthan,2023-10-04
CUST09750,Priya Shah,Other,49,Pune,Maharashtra,2023-04-16
CUST09751,Aditi Rao,Other,60,Chennai,Tamil Nadu,2025-05-07
CUST09752,Sneha Shah,Female,43,Chennai,Tamil Nadu,2025-01-19
CUST09753,Sneha Kulkarni,Other,27,Chennai,Tamil Nadu,2023-05-10
CUST09754,Simran Gupta,Female,51,Hyderabad,Telangana,2025-06-17
CUST09755,Vikram Singh,Male,40,Jaipur,Rajasthan,2023-03-28
CUST09756,Neha Verma,Other,18,Hyderabad,Telangana,2024-02-19
CUST09757,Kabir Singh,Other,42,Bangalore,Karnataka,2025-04-11
CUST09758,Aarav Singh,Female,34,Pune,Maharashtra,2023-01-21
CUST09759,Kabir Jain,Male,47,Chennai,Tamil Nadu,2023-02-23
CUST09760,Aditya Sharma,Other,43,Chennai,Tamil Nadu,2025-04-24
CUST09761,Neha Rao,Other,57,Chennai,Tamil Nadu,2025-11-22
CUST09762,Aditi Khan,Other,43,Kolkata,West Bengal,2024-10-23
CUST09763,Aman Verma,Male,28,Bangalore,Karnataka,2023-12-02
CUST09764,Isha Mehta,Male,19,Mumbai,Maharashtra,2024-05-31
CUST09765,Aditi Desai,Other,24,Hyderabad,Telangana,2023-05-12
CUST09766,Aditi Mishra,Male,65,Kolkata,West Bengal,2025-08-19
CUST09767,Sneha Desai,Other,23,Hyderabad,Telangana,2024-11-27
CUST09768,Arjun Mishra,Male,27,Pune,Maharashtra,2023-10-29
CUST09769,Simran Desai,Male,31,Delhi,Delhi,2023-10-01
CUST09770,Priya Kulkarni,Female,18,Kolkata,West Bengal,2023-09-05
CUST09771,Rahul Khan,Female,26,Pune,Maharashtra,2024-11-06
CUST09772,Rahul Gupta,Male,36,Lucknow,Uttar Pradesh,2023-11-16
CUST09773,Sneha Sharma,Other,26,Bangalore,Karnataka,2024-04-18
CUST09774,Aditi Sharma,Male,26,Mumbai,Maharashtra,2023-07-17
CUST09775,Kabir Kulkarni,Other,60,Lucknow,Uttar Pradesh,2023-12-17
CUST09776,Priya Gupta,Male,59,Hyderabad,Telangana,2024-11-12
CUST09777,Aman Mishra,Other,32,Ahmedabad,Gujarat,2023-07-16
CUST09778,Aditya Shah,Female,25,Bangalore,Karnataka,2024-10-22
CUST09779,Riya Desai,Other,62,Bangalore,Karnataka,2024-07-28
CUST09780,Yash Gupta,Female,36,Kolkata,West Bengal,2025-09-26
CUST09781,Aditi Jain,Female,55,Jaipur,Rajasthan,2025-07-19
CUST09782,Neha Shah,Female,18,Kolkata,West Bengal,2023-05-22
CUST09783,Simran Shah,Male,56,Mumbai,Maharashtra,2025-08-10
CUST09784,Aditi Desai,Female,21,Hyderabad,Telangana,2024-05-01
CUST09785,Rahul Verma,Other,39,Hyderabad,Telangana,2023-09-07
CUST09786,Pooja Verma,Male,49,Bangalore,Karnataka,2025-05-13
CUST09787,Rohan Desai,Female,38,Bangalore,Karnataka,2023-10-26
CUST09788,Shreya Khan,Other,46,Jaipur,Rajasthan,2025-08-21
CUST09789,Kabir Shah,Other,37,Jaipur,Rajasthan,2024-01-09
CUST09790,Rohan Kulkarni,Female,45,Bangalore,Karnataka,2023-05-12
CUST09791,Priya Singh,Male,28,Bangalore,Karnataka,2023-12-06
CUST09792,Yash Mishra,Other,64,Hyderabad,Telangana,2024-02-08
CUST09793,Arjun Shah,Male,64,Jaipur,Rajasthan,2024-10-28
CUST09794,Priya Shah,Female,27,Chennai,Tamil Nadu,2023-02-27
CUST09795,Riya Khan,Male,64,Mumbai,Maharashtra,2024-08-19
CUST09796,Ananya Gupta,Male,37,Pune,Maharashtra,2023-06-02
CUST09797,Aditya Jain,Other,27,Bangalore,Karnataka,2024-01-15
CUST09798,Karan Rao,Female,61,Chennai,Tamil Nadu,2025-03-05
CUST09799,Aarav Kulkarni,Other,63,Lucknow,Uttar Pradesh,2024-03-27
CUST09800,Sneha Jain,Female,44,Chennai,Tamil Nadu,2023-03-12
CUST09801,Priya Nair,Male,59,Lucknow,Uttar Pradesh,2024-01-23
CUST09802,Kabir Gupta,Male,39,Delhi,Delhi,2024-12-22
CUST09803,Simran Mishra,Other,51,Hyderabad,Telangana,2024-02-29
CUST09804,Kabir Kulkarni,Other,23,Lucknow,Uttar Pradesh,2025-01-17
CUST09805,Shreya Sharma,Male,55,Chennai,Tamil Nadu,2024-05-11
CUST09806,Karan Joshi,Female,54,Jaipur,Rajasthan,2025-09-14
CUST09807,Neha Sharma,Female,48,Jaipur,Rajasthan,2024-01-15
CUST09808,Rahul Shah,Male,18,Bangalore,Karnataka,2024-01-27
CUST09809,Riya Sharma,Male,53,Jaipur,Rajasthan,2025-05-12
CUST09810,Pooja Singh,Female,43,Pune,Maharashtra,2025-10-27
CUST09811,Kabir Gupta,Male,65,Ahmedabad,Gujarat,2024-12-17
CUST09812,Shreya Patel,Other,41,Pune,Maharashtra,2024-05-26
CUST09813,Vikram Mishra,Other,58,Chennai,Tamil Nadu,2023-03-26
CUST09814,Vikram Singh,Female,60,Bangalore,Karnataka,2023-10-13
CUST09815,Aarav Nair,Male,61,Bangalore,Karnataka,2024-11-12
CUST09816,Neha Rao,Male,65,Pune,Maharashtra,2023-07-31
CUST09817,Aditi Jain,Other,44,Chennai,Tamil Nadu,2024-12-28
CUST09818,Priya Khan,Male,45,Pune,Maharashtra,2023-05-27
CUST09819,Pooja Verma,Male,59,Kolkata,West Bengal,2025-11-05
CUST09820,Aman Mishra,Other,38,Pune,Maharashtra,2023-04-12
CUST09821,Aman Desai,Male,33,Pune,Maharashtra,2025-09-17
CUST09822,Rohan Desai,Female,38,Pune,Maharashtra,2023-12-16
CUST09823,Rohan Nair,Female,38,Bangalore,Karnataka,2023-02-18
CUST09824,Karan Mishra,Female,58,Hyderabad,Telangana,2023-10-15
CUST09825,Arjun Gupta,Male,62,Hyderabad,Telangana,2024-09-03
CUST09826,Rohan Verma,Male,63,Delhi,Delhi,2024-12-08
CUST09827,Karan Shah,Other,22,Delhi,Delhi,2023-03-30
CUST09828,Aditya Khan,Male,59,Kolkata,West Bengal,2025-12-28
CUST09829,Aarav Singh,Other,22,Chennai,Tamil Nadu,2024-05-08
CUST09830,Priya Mehta,Other,43,Chennai,Tamil Nadu,2023-12-01
CUST09831,Karan Singh,Female,53,Ahmedabad,Gujarat,2024-07-30
CUST09832,Kabir Sharma,Other,58,Kolkata,West Bengal,2025-06-16
CUST09833,Vikram Gupta,Other,44,Pune,Maharashtra,2023-12-01
CUST09834,Sneha Sharma,Female,51,Ahmedabad,Gujarat,2023-03-03
CUST09835,Arjun Nair,Other,20,Mumbai,Maharashtra,2023-05-22
CUST09836,Ananya Mehta,Other,18,Pune,Maharashtra,2024-08-16
CUST09837,Neha Desai,Male,24,Lucknow,Uttar Pradesh,2024-08-31
CUST09838,Ananya Nair,Female,63,Jaipur,Rajasthan,2025-09-14
CUST09839,Aman Khan,Female,34,Mumbai,Maharashtra,2023-02-22
CUST09840,Aman Patel,Female,28,Mumbai,Maharashtra,2023-05-07
CUST09841,Rohan Nair,Other,29,Delhi,Delhi,2024-08-23
CUST09842,Aarav Gupta,Male,63,Lucknow,Uttar Pradesh,2024-03-01
CUST09843,Pooja Gupta,Male,26,Mumbai,Maharashtra,2024-06-26
CUST09844,Arjun Sharma,Other,35,Ahmedabad,Gujarat,2023-03-24
CUST09845,Rohan Patel,Female,18,Mumbai,Maharashtra,2024-12-13
CUST09846,Rohan Patel,Other,47,Chennai,Tamil Nadu,2025-12-05
CUST09847,Simran Joshi,Female,18,Mumbai,Maharashtra,2025-03-03
CUST09848,Pooja Verma,Female,25,Chennai,Tamil Nadu,2023-08-26
CUST09849,Karan Kulkarni,Male,39,Hyderabad,Telangana,2024-12-08
CUST09850,Vikram Sharma,Male,35,Lucknow,Uttar Pradesh,2024-12-20
CUST09851,Rahul Jain,Male,61,Ahmedabad,Gujarat,2025-08-29
CUST09852,Rahul Patel,Other,42,Chennai,Tamil Nadu,2024-04-16
CUST09853,Ananya Patel,Male,23,Chennai,Tamil Nadu,2023-09-08
CUST09854,Pooja Mehta,Female,31,Ahmedabad,Gujarat,2023-07-17
CUST09855,Neha Singh,Male,20,Hyderabad,Telangana,2024-06-23
CUST09856,Vikram Patel,Male,58,Kolkata,West Bengal,2024-10-28
CUST09857,Karan Nair,Female,40,Ahmedabad,Gujarat,2024-01-18
CUST09858,Rohan Patel,Male,49,Mumbai,Maharashtra,2025-10-14
CUST09859,Arjun Mehta,Female,27,Bangalore,Karnataka,2023-01-15
CUST09860,Aditya Nair,Female,64,Mumbai,Maharashtra,2024-09-19
CUST09861,Priya Gupta,Female,64,Mumbai,Maharashtra,2025-11-25
CUST09862,Aditi Nair,Other,55,Lucknow,Uttar Pradesh,2025-05-27
CUST09863,Rahul Joshi,Female,20,Hyderabad,Telangana,2024-04-25
CUST09864,Ananya Khan,Male,55,Mumbai,Maharashtra,2024-05-01
CUST09865,Ananya Rao,Male,56,Pune,Maharashtra,2023-05-01
CUST09866,Shreya Khan,Male,64,Jaipur,Rajasthan,2023-08-23
CUST09867,Shreya Verma,Other,62,Delhi,Delhi,2023-10-05
CUST09868,Priya Kulkarni,Female,64,Jaipur,Rajasthan,2025-07-05
CUST09869,Arjun Joshi,Other,27,Lucknow,Uttar Pradesh,2024-06-10
CUST09870,Neha Gupta,Other,39,Hyderabad,Telangana,2024-09-02
CUST09871,Aditi Mehta,Female,59,Kolkata,West Bengal,2025-05-23
CUST09872,Priya Verma,Other,45,Hyderabad,Telangana,2025-12-26
CUST09873,Shreya Mishra,Female,53,Kolkata,West Bengal,2025-06-14
CUST09874,Arjun Jain,Female,22,Delhi,Delhi,2023-03-18
CUST09875,Priya Singh,Male,35,Bangalore,Karnataka,2025-08-17
CUST09876,Rohan Sharma,Female,49,Kolkata,West Bengal,2025-10-06
CUST09877,Shreya Kulkarni,Female,47,Hyderabad,Telangana,2025-02-28
CUST09878,Yash Patel,Male,50,Mumbai,Maharashtra,2025-10-07
CUST09879,Rahul Gupta,Other,32,Mumbai,Maharashtra,2025-10-27
CUST09880,Neha Patel,Other,24,Hyderabad,Telangana,2024-01-27
CUST09881,Neha Verma,Male,53,Lucknow,Uttar Pradesh,2024-01-01
CUST09882,Priya Khan,Female,23,Hyderabad,Telangana,2025-06-04
CUST09883,Vikram Khan,Male,46,Bangalore,Karnataka,2023-02-03
CUST09884,Rahul Singh,Other,26,Chennai,Tamil Nadu,2023-08-28
CUST09885,Vikram Khan,Other,53,Kolkata,West Bengal,2023-04-29
CUST09886,Pooja Singh,Male,19,Kolkata,West Bengal,2023-08-15
CUST09887,Simran Gupta,Other,19,Mumbai,Maharashtra,2024-05-05
CUST09888,Aman Mehta,Female,31,Ahmedabad,Gujarat,2025-03-11
CUST09889,Pooja Sharma,Male,31,Jaipur,Rajasthan,2025-05-04
CUST09890,Rohan Mishra,Male,43,Lucknow,Uttar Pradesh,2024-12-10
CUST09891,Vikram Nair,Female,18,Kolkata,West Bengal,2025-10-07
CUST09892,Aditya Joshi,Other,19,Mumbai,Maharashtra,2025-12-13
CUST09893,Aditi Joshi,Other,31,Mumbai,Maharashtra,2023-04-20
CUST09894,Aditi Desai,Female,21,Lucknow,Uttar Pradesh,2024-01-18
CUST09895,Aman Rao,Female,41,Jaipur,Rajasthan,2023-03-15
CUST09896,Pooja Jain,Male,55,Pune,Maharashtra,2024-09-30
CUST09897,Aman Nair,Male,34,Pune,Maharashtra,2023-05-19
CUST09898,Rohan Desai,Male,41,Delhi,Delhi,2025-03-14
CUST09899,Aarav Nair,Female,43,Bangalore,Karnataka,2023-03-28
CUST09900,Arjun Singh,Male,65,Delhi,Delhi,2025-10-30
CUST09901,Isha Singh,Female,49,Jaipur,Rajasthan,2024-03-07
CUST09902,Yash Gupta,Male,26,Lucknow,Uttar Pradesh,2023-01-30
CUST09903,Arjun Verma,Other,62,Ahmedabad,Gujarat,2024-07-25
CUST09904,Arjun Patel,Female,39,Ahmedabad,Gujarat,2025-06-10
CUST09905,Neha Sharma,Male,49,Mumbai,Maharashtra,2024-07-25
CUST09906,Aditya Khan,Female,46,Hyderabad,Telangana,2023-08-04
CUST09907,Neha Khan,Other,38,Bangalore,Karnataka,2023-12-30
CUST09908,Aditi Nair,Other,43,Jaipur,Rajasthan,2024-05-22
CUST09909,Aditi Jain,Male,45,Hyderabad,Telangana,2023-05-01
CUST09910,Riya Gupta,Female,41,Jaipur,Rajasthan,2025-05-29
CUST09911,Vikram Verma,Female,22,Chennai,Tamil Nadu,2024-02-21
CUST09912,Aditya Shah,Female,30,Pune,Maharashtra,2025-10-08
CUST09913,Shreya Jain,Male,51,Bangalore,Karnataka,2025-10-13
CUST09914,Ananya Mehta,Other,20,Mumbai,Maharashtra,2025-07-27
CUST09915,Aarav Shah,Male,25,Ahmedabad,Gujarat,2023-07-02
CUST09916,Aarav Shah,Other,27,Bangalore,Karnataka,2023-01-12
CUST09917,Sneha Gupta,Male,56,Delhi,Delhi,2025-04-09
CUST09918,Shreya Sharma,Female,49,Lucknow,Uttar Pradesh,2025-08-08
CUST09919,Yash Kulkarni,Female,43,Chennai,Tamil Nadu,2023-08-22
CUST09920,Arjun Singh,Female,34,Mumbai,Maharashtra,2025-10-18
CUST09921,Isha Gupta,Female,32,Lucknow,Uttar Pradesh,2023-04-09
CUST09922,Aman Gupta,Female,59,Kolkata,West Bengal,2023-06-03
CUST09923,Rahul Mehta,Other,46,Bangalore,Karnataka,2025-08-12
CUST09924,Rahul Desai,Female,35,Delhi,Delhi,2023-02-08
CUST09925,Aditi Mehta,Other,29,Kolkata,West Bengal,2023-02-09
CUST09926,Yash Khan,Female,64,Pune,Maharashtra,2025-04-24
CUST09927,Aditya Singh,Other,51,Bangalore,Karnataka,2023-07-06
CUST09928,Aman Joshi,Female,34,Kolkata,West Bengal,2025-11-04
CUST09929,Shreya Singh,Other,55,Hyderabad,Telangana,2024-01-29
CUST09930,Kabir Gupta,Other,22,Chennai,Tamil Nadu,2024-01-25
CUST09931,Simran Sharma,Other,36,Bangalore,Karnataka,2024-04-22
CUST09932,Simran Verma,Other,37,Kolkata,West Bengal,2023-06-22
CUST09933,Isha Gupta,Other,61,Hyderabad,Telangana,2024-04-04
CUST09934,Kabir Jain,Other,59,Hyderabad,Telangana,2025-02-12
CUST09935,Aditi Singh,Female,46,Mumbai,Maharashtra,2025-11-14
CUST09936,Aditya Shah,Female,43,Ahmedabad,Gujarat,2024-09-18
CUST09937,Rohan Patel,Other,34,Jaipur,Rajasthan,2024-03-22
CUST09938,Priya Nair,Male,28,Lucknow,Uttar Pradesh,2023-02-02
CUST09939,Isha Jain,Other,49,Lucknow,Uttar Pradesh,2023-12-06
CUST09940,Simran Jain,Male,36,Chennai,Tamil Nadu,2023-11-18
CUST09941,Vikram Nair,Male,28,Delhi,Delhi,2024-10-11
CUST09942,Ananya Rao,Female,65,Kolkata,West Bengal,2025-10-04
CUST09943,Aarav Mishra,Male,23,Jaipur,Rajasthan,2025-04-17
CUST09944,Aarav Desai,Other,57,Kolkata,West Bengal,2024-10-11
CUST09945,Kabir Kulkarni,Male,65,Bangalore,Karnataka,2024-09-27
CUST09946,Neha Mishra,Other,26,Kolkata,West Bengal,2025-01-08
CUST09947,Aman Shah,Female,62,Jaipur,Rajasthan,2024-11-06
CUST09948,Aditi Khan,Other,39,Pune,Maharashtra,2024-08-26
CUST09949,Aarav Nair,Male,51,Hyderabad,Telangana,2025-03-28
CUST09950,Rohan Nair,Female,56,Pune,Maharashtra,2025-02-11
CUST09951,Aarav Kulkarni,Female,56,Delhi,Delhi,2024-06-11
CUST09952,Yash Desai,Other,63,Mumbai,Maharashtra,2023-10-09
CUST09953,Vikram Rao,Male,61,Chennai,Tamil Nadu,2024-04-06
CUST09954,Simran Nair,Female,60,Hyderabad,Telangana,2023-06-07
CUST09955,Rohan Sharma,Female,56,Ahmedabad,Gujarat,2023-02-04
CUST09956,Ananya Singh,Other,51,Mumbai,Maharashtra,2024-08-19
CUST09957,Riya Kulkarni,Male,40,Kolkata,West Bengal,2023-02-16
CUST09958,Aditi Kulkarni,Female,38,Hyderabad,Telangana,2024-05-03
CUST09959,Arjun Mehta,Male,56,Lucknow,Uttar Pradesh,2025-12-16
CUST09960,Karan Joshi,Other,31,Pune,Maharashtra,2023-06-28
CUST09961,Rohan Rao,Male,37,Ahmedabad,Gujarat,2025-12-02
CUST09962,Riya Rao,Female,19,Pune,Maharashtra,2023-10-24
CUST09963,Kabir Rao,Other,26,Pune,Maharashtra,2024-03-31
CUST09964,Aditi Mishra,Other,21,Hyderabad,Telangana,2024-12-29
CUST09965,Aditi Verma,Female,46,Jaipur,Rajasthan,2025-05-26
CUST09966,Aditya Joshi,Female,30,Mumbai,Maharashtra,2023-03-12
CUST09967,Aditya Verma,Other,32,Kolkata,West Bengal,2023-05-03
CUST09968,Vikram Mishra,Male,42,Ahmedabad,Gujarat,2024-03-03
CUST09969,Arjun Gupta,Female,35,Bangalore,Karnataka,2024-06-02
CUST09970,Arjun Joshi,Other,32,Delhi,Delhi,2025-06-08
CUST09971,Rahul Singh,Female,63,Chennai,Tamil Nadu,2025-06-13
CUST09972,Arjun Khan,Other,28,Pune,Maharashtra,2025-11-07
CUST09973,Karan Khan,Female,52,Hyderabad,Telangana,2025-05-03
CUST09974,Aditya Patel,Male,62,Ahmedabad,Gujarat,2025-12-16
CUST09975,Kabir Khan,Female,30,Chennai,Tamil Nadu,2025-10-11
CUST09976,Aditi Rao,Female,43,Kolkata,West Bengal,2023-05-20
CUST09977,Aarav Patel,Male,56,Ahmedabad,Gujarat,2024-06-06
CUST09978,Vikram Gupta,Male,64,Mumbai,Maharashtra,2023-05-04
CUST09979,Aman Mehta,Other,50,Chennai,Tamil Nadu,2025-04-24
CUST09980,Rohan Jain,Male,46,Chennai,Tamil Nadu,2025-05-23
CUST09981,Yash Shah,Female,48,Jaipur,Rajasthan,2025-08-28
CUST09982,Vikram Joshi,Male,32,Pune,Maharashtra,2023-01-01
CUST09983,Isha Verma,Female,25,Delhi,Delhi,2024-08-02
CUST09984,Rohan Verma,Male,52,Pune,Maharashtra,2023-01-14
CUST09985,Priya Desai,Female,29,Chennai,Tamil Nadu,2025-06-02
CUST09986,Aman Shah,Female,42,Kolkata,West Bengal,2025-09-07
CUST09987,Priya Verma,Female,61,Chennai,Tamil Nadu,2024-05-30
CUST09988,Karan Sharma,Other,58,Hyderabad,Telangana,2024-09-16
CUST09989,Yash Rao,Other,46,Lucknow,Uttar Pradesh,2024-05-20
CUST09990,Neha Singh,Male,43,Chennai,Tamil Nadu,2024-11-05
CUST09991,Isha Khan,Other,21,Bangalore,Karnataka,2024-01-07
CUST09992,Aman Gupta,Female,34,Ahmedabad,Gujarat,2023-03-10
CUST09993,Karan Verma,Other,63,Kolkata,West Bengal,2025-01-03
CUST09994,Rohan Singh,Other,64,Mumbai,Maharashtra,2023-05-20
CUST09995,Kabir Desai,Female,21,Lucknow,Uttar Pradesh,2023-12-03
CUST09996,Karan Mishra,Other,39,Hyderabad,Telangana,2025-11-13
CUST09997,Rahul Mishra,Male,40,Jaipur,Rajasthan,2025-07-12
CUST09998,Yash Shah,Male,19,Pune,Maharashtra,2024-06-29
CUST09999,Rahul Mishra,Other,33,Lucknow,Uttar Pradesh,2025-08-12
CUST10000,Simran Joshi,Male,35,Pune,Maharashtra,2024-07-07
