return_id,order_id,return_date,return_reason
RET000001,ORD033554,2023-05-30,Poor Quality
RET000002,ORD009428,2023-06-25,Wrong Product
RET000003,ORD000200,2023-09-24,Late Delivery
RET000004,ORD012448,2024-11-01,Poor Quality
RET000005,ORD039490,2025-11-28,Wrong Product
RET000006,ORD042725,2025-10-02,Wrong Product
RET000007,ORD010823,2024-09-13,Late Delivery
RET000008,ORD049499,2023-06-30,Wrong Product
RET000009,ORD004145,2025-12-07,Poor Quality
RET000010,ORD036959,2024-10-04,Late Delivery
RET000011,ORD043107,2023-09-06,Size Issue
RET000012,ORD038696,2025-03-21,Wrong Product
RET000013,ORD006189,2023-08-25,Damaged Product
RET000014,ORD001415,2025-11-05,Changed Mind
RET000015,ORD018472,2023-04-01,Poor Quality
RET000016,ORD029283,2023-08-09,Late Delivery
RET000017,ORD015178,2023-08-15,Changed Mind
RET000018,ORD034305,2023-07-30,Poor Quality
RET000019,ORD012610,2023-06-13,Damaged Product
RET000020,ORD012145,2026-01-03,Changed Mind
RET000021,ORD006114,2023-06-01,Late Delivery
RET000022,ORD015909,2023-10-21,Changed Mind
RET000023,ORD000822,2023-12-12,Wrong Product
RET000024,ORD015119,2023-07-22,Damaged Product
RET000025,ORD013467,2023-01-19,Size Issue
RET000026,ORD026498,2024-06-30,Wrong Product
RET000027,ORD042112,2025-10-31,Changed Mind
RET000028,ORD030189,2025-03-04,Poor Quality
RET000029,ORD037238,2025-04-14,Wrong Product
RET000030,ORD033110,2024-06-02,Damaged Product
RET000031,ORD036481,2023-04-12,Poor Quality
RET000032,ORD024149,2023-02-15,Size Issue
RET000033,ORD005504,2023-08-26,Changed Mind
RET000034,ORD003919,2024-02-25,Size Issue
RET000035,ORD038479,2024-09-08,Poor Quality
RET000036,ORD021124,2024-02-12,Changed Mind
RET000037,ORD049718,2024-10-13,Damaged Product
RET000038,ORD042295,2023-05-06,Poor Quality
RET000039,ORD047610,2025-09-06,Damaged Product
RET000040,ORD011077,2023-07-14,Changed Mind
RET000041,ORD041515,2024-06-17,Damaged Product
RET000042,ORD022063,2023-07-08,Changed Mind
RET000043,ORD009414,2024-03-23,Poor Quality
RET000044,ORD038341,2024-03-19,Late Delivery
RET000045,ORD030264,2023-03-29,Damaged Product
RET000046,ORD041253,2023-02-12,Changed Mind
RET000047,ORD014645,2023-11-13,Wrong Product
RET000048,ORD026336,2025-02-06,Late Delivery
RET000049,ORD028103,2025-04-08,Late Delivery
RET000050,ORD017524,2025-07-18,Damaged Product
RET000051,ORD024713,2025-12-24,Changed Mind
RET000052,ORD040486,2023-12-27,Wrong Product
RET000053,ORD003851,2024-02-27,Wrong Product
RET000054,ORD040041,2025-11-11,Damaged Product
RET000055,ORD015268,2024-03-31,Late Delivery
RET000056,ORD049147,2024-10-16,Changed Mind
RET000057,ORD030002,2023-12-12,Poor Quality
RET000058,ORD045927,2024-12-09,Poor Quality
RET000059,ORD043825,2024-07-19,Late Delivery
RET000060,ORD017241,2023-09-04,Damaged Product
RET000061,ORD004893,2025-01-23,Poor Quality
RET000062,ORD000726,2025-07-03,Poor Quality
RET000063,ORD022950,2023-06-25,Changed Mind
RET000064,ORD034658,2024-09-26,Damaged Product
RET000065,ORD037214,2024-08-13,Changed Mind
RET000066,ORD020305,2024-02-19,Late Delivery
RET000067,ORD015270,2024-08-30,Damaged Product
RET000068,ORD022368,2024-05-11,Changed Mind
RET000069,ORD042685,2024-01-08,Size Issue
RET000070,ORD046735,2024-08-16,Damaged Product
RET000071,ORD011733,2025-03-28,Damaged Product
RET000072,ORD018620,2024-08-11,Wrong Product
RET000073,ORD048493,2023-07-19,Poor Quality
RET000074,ORD026804,2024-08-07,Late Delivery
RET000075,ORD044306,2024-12-08,Damaged Product
RET000076,ORD047523,2024-10-25,Size Issue
RET000077,ORD032208,2024-12-13,Size Issue
RET000078,ORD002531,2024-05-09,Poor Quality
RET000079,ORD017747,2023-05-31,Poor Quality
RET000080,ORD008271,2025-07-24,Late Delivery
RET000081,ORD015080,2025-10-14,Late Delivery
RET000082,ORD013625,2025-06-11,Poor Quality
RET000083,ORD030639,2025-09-06,Changed Mind
RET000084,ORD030441,2025-03-06,Late Delivery
RET000085,ORD036057,2024-05-14,Wrong Product
RET000086,ORD042652,2023-02-21,Poor Quality
RET000087,ORD036804,2023-11-12,Late Delivery
RET000088,ORD048225,2025-11-12,Changed Mind
RET000089,ORD029227,2024-11-14,Wrong Product
RET000090,ORD005634,2025-10-19,Wrong Product
RET000091,ORD005988,2023-10-22,Size Issue
RET000092,ORD048064,2024-08-24,Wrong Product
RET000093,ORD001813,2023-04-16,Wrong Product
RET000094,ORD027579,2024-12-13,Changed Mind
RET000095,ORD016824,2025-11-02,Size Issue
RET000096,ORD003929,2023-04-30,Changed Mind
RET000097,ORD037287,2024-07-15,Wrong Product
RET000098,ORD025046,2023-12-31,Size Issue
RET000099,ORD015728,2025-02-23,Late Delivery
RET000100,ORD029601,2024-08-10,Wrong Product
RET000101,ORD010431,2024-07-20,Poor Quality
RET000102,ORD025769,2024-08-30,Changed Mind
RET000103,ORD029104,2023-12-05,Damaged Product
RET000104,ORD036538,2023-11-07,Changed Mind
RET000105,ORD039329,2023-08-12,Size Issue
RET000106,ORD035540,2025-05-09,Poor Quality
RET000107,ORD028076,2025-12-11,Damaged Product
RET000108,ORD017841,2025-10-02,Damaged Product
RET000109,ORD027803,2023-12-03,Poor Quality
RET000110,ORD007683,2025-07-16,Late Delivery
RET000111,ORD024280,2025-12-20,Changed Mind
RET000112,ORD033071,2025-06-18,Damaged Product
RET000113,ORD035558,2024-12-17,Size Issue
RET000114,ORD037190,2023-09-05,Size Issue
RET000115,ORD047150,2024-05-16,Damaged Product
RET000116,ORD046916,2023-10-18,Size Issue
RET000117,ORD009802,2023-05-20,Changed Mind
RET000118,ORD038801,2025-07-04,Wrong Product
RET000119,ORD024670,2024-08-13,Damaged Product
RET000120,ORD044234,2024-05-20,Wrong Product
RET000121,ORD031920,2025-03-15,Damaged Product
RET000122,ORD007135,2024-12-23,Damaged Product
RET000123,ORD033705,2025-10-18,Wrong Product
RET000124,ORD029661,2024-12-30,Size Issue
RET000125,ORD017894,2023-12-09,Size Issue
RET000126,ORD022019,2025-05-02,Changed Mind
RET000127,ORD013539,2023-10-27,Late Delivery
RET000128,ORD043119,2023-03-25,Late Delivery
RET000129,ORD036421,2023-05-14,Damaged Product
RET000130,ORD009406,2023-01-30,Size Issue
RET000131,ORD013414,2024-02-13,Late Delivery
RET000132,ORD006721,2025-12-30,Poor Quality
RET000133,ORD015602,2023-02-15,Changed Mind
RET000134,ORD044744,2024-01-17,Poor Quality
RET000135,ORD031139,2025-01-10,Wrong Product
RET000136,ORD002730,2025-10-19,Changed Mind
RET000137,ORD038243,2024-04-05,Poor Quality
RET000138,ORD029626,2024-09-09,Poor Quality
RET000139,ORD047895,2024-06-16,Size Issue
RET000140,ORD042091,2023-03-27,Poor Quality
RET000141,ORD036400,2025-11-15,Poor Quality
RET000142,ORD006245,2025-04-19,Damaged Product
RET000143,ORD005546,2025-05-07,Poor Quality
RET000144,ORD004065,2025-11-19,Size Issue
RET000145,ORD012852,2025-11-19,Poor Quality
RET000146,ORD021803,2023-06-26,Size Issue
RET000147,ORD041164,2024-11-22,Size Issue
RET000148,ORD006233,2023-01-17,Size Issue
RET000149,ORD003863,2023-11-05,Damaged Product
RET000150,ORD035095,2024-12-29,Changed Mind
RET000151,ORD040196,2023-01-30,Poor Quality
RET000152,ORD039251,2025-10-23,Wrong Product
RET000153,ORD006218,2023-09-14,Size Issue
RET000154,ORD036776,2025-08-28,Poor Quality
RET000155,ORD042977,2024-11-12,Changed Mind
RET000156,ORD048468,2024-10-08,Wrong Product
RET000157,ORD014832,2025-02-11,Size Issue
RET000158,ORD030093,2024-05-29,Changed Mind
RET000159,ORD008894,2025-02-25,Wrong Product
RET000160,ORD006021,2024-11-04,Changed Mind
RET000161,ORD046089,2024-01-19,Changed Mind
RET000162,ORD015243,2023-11-21,Size Issue
RET000163,ORD045308,2025-06-02,Changed Mind
RET000164,ORD026551,2023-09-15,Wrong Product
RET000165,ORD006035,2025-06-12,Poor Quality
RET000166,ORD007906,2023-12-26,Size Issue
RET000167,ORD032226,2024-04-07,Late Delivery
RET000168,ORD006018,2024-04-17,Damaged Product
RET000169,ORD021880,2024-06-14,Late Delivery
RET000170,ORD002792,2024-10-03,Damaged Product
RET000171,ORD042606,2025-08-13,Size Issue
RET000172,ORD005824,2025-12-27,Wrong Product
RET000173,ORD015388,2025-07-29,Late Delivery
RET000174,ORD029562,2025-03-21,Size Issue
RET000175,ORD039476,2025-07-06,Changed Mind
RET000176,ORD000293,2023-10-10,Poor Quality
RET000177,ORD016958,2024-12-08,Changed Mind
RET000178,ORD030861,2025-05-15,Poor Quality
RET000179,ORD014074,2024-02-17,Damaged Product
RET000180,ORD021857,2023-03-07,Poor Quality
RET000181,ORD022080,2025-01-19,Wrong Product
RET000182,ORD017024,2025-06-13,Wrong Product
RET000183,ORD008740,2023-08-13,Size Issue
RET000184,ORD015826,2025-04-19,Wrong Product
RET000185,ORD002742,2025-07-30,Late Delivery
RET000186,ORD018049,2024-08-30,Late Delivery
RET000187,ORD049937,2024-03-05,Late Delivery
RET000188,ORD017373,2023-08-09,Changed Mind
RET000189,ORD022022,2025-01-01,Wrong Product
RET000190,ORD046365,2023-07-16,Changed Mind
RET000191,ORD023538,2023-12-14,Wrong Product
RET000192,ORD045500,2024-04-01,Late Delivery
RET000193,ORD040186,2024-11-17,Size Issue
RET000194,ORD009614,2023-07-19,Late Delivery
RET000195,ORD043282,2025-11-07,Poor Quality
RET000196,ORD037892,2023-05-21,Changed Mind
RET000197,ORD026179,2023-02-22,Late Delivery
RET000198,ORD045893,2023-05-15,Size Issue
RET000199,ORD020934,2023-02-05,Changed Mind
RET000200,ORD040972,2024-02-20,Damaged Product
RET000201,ORD022225,2023-05-18,Poor Quality
RET000202,ORD024382,2023-03-05,Late Delivery
RET000203,ORD034856,2024-09-07,Changed Mind
RET000204,ORD048578,2025-02-11,Late Delivery
RET000205,ORD038537,2023-09-19,Changed Mind
RET000206,ORD031756,2024-10-04,Size Issue
RET000207,ORD007754,2025-06-14,Wrong Product
RET000208,ORD046639,2025-04-21,Wrong Product
RET000209,ORD043835,2024-08-20,Wrong Product
RET000210,ORD026236,2025-05-16,Changed Mind
RET000211,ORD044230,2025-05-13,Wrong Product
RET000212,ORD049597,2023-12-07,Poor Quality
RET000213,ORD018553,2024-11-28,Late Delivery
RET000214,ORD043137,2024-06-01,Size Issue
RET000215,ORD036673,2024-06-28,Poor Quality
RET000216,ORD043650,2023-04-25,Late Delivery
RET000217,ORD003941,2025-05-06,Damaged Product
RET000218,ORD031497,2025-11-05,Wrong Product
RET000219,ORD026594,2023-02-05,Size Issue
RET000220,ORD023922,2024-09-21,Size Issue
RET000221,ORD026403,2024-07-14,Late Delivery
RET000222,ORD045943,2023-05-29,Wrong Product
RET000223,ORD048526,2023-09-28,Damaged Product
RET000224,ORD018316,2023-07-15,Poor Quality
RET000225,ORD036894,2024-03-14,Size Issue
RET000226,ORD026696,2024-09-20,Size Issue
RET000227,ORD042128,2023-12-18,Wrong Product
RET000228,ORD014171,2025-07-05,Late Delivery
RET000229,ORD003733,2026-01-10,Damaged Product
RET000230,ORD007882,2024-03-22,Late Delivery
RET000231,ORD006017,2025-12-04,Damaged Product
RET000232,ORD023030,2023-11-20,Size Issue
RET000233,ORD035474,2024-10-23,Poor Quality
RET000234,ORD049686,2023-03-30,Damaged Product
RET000235,ORD004818,2024-03-25,Changed Mind
RET000236,ORD041694,2024-12-31,Size Issue
RET000237,ORD012008,2024-07-19,Poor Quality
RET000238,ORD041328,2024-12-16,Wrong Product
RET000239,ORD009507,2024-03-21,Poor Quality
RET000240,ORD044799,2024-06-14,Poor Quality
RET000241,ORD034063,2025-10-28,Wrong Product
RET000242,ORD027475,2023-12-09,Changed Mind
RET000243,ORD031144,2025-07-16,Wrong Product
RET000244,ORD021236,2025-09-08,Wrong Product
RET000245,ORD001391,2025-01-28,Changed Mind
RET000246,ORD038250,2023-04-27,Size Issue
RET000247,ORD037625,2025-03-22,Poor Quality
RET000248,ORD042029,2024-04-08,Wrong Product
RET000249,ORD020835,2024-03-12,Damaged Product
RET000250,ORD014758,2024-06-29,Late Delivery
RET000251,ORD026397,2025-04-24,Poor Quality
RET000252,ORD006809,2023-03-24,Changed Mind
RET000253,ORD009226,2023-03-07,Wrong Product
RET000254,ORD048395,2024-03-16,Size Issue
RET000255,ORD005396,2025-04-08,Poor Quality
RET000256,ORD006944,2024-10-21,Changed Mind
RET000257,ORD023871,2023-05-10,Damaged Product
RET000258,ORD032493,2025-10-25,Damaged Product
RET000259,ORD036346,2025-06-30,Damaged Product
RET000260,ORD010756,2023-07-19,Damaged Product
RET000261,ORD012302,2024-11-19,Damaged Product
RET000262,ORD048387,2025-09-22,Wrong Product
RET000263,ORD042746,2023-11-29,Damaged Product
RET000264,ORD029090,2023-03-05,Changed Mind
RET000265,ORD044713,2024-10-02,Poor Quality
RET000266,ORD014344,2023-09-29,Changed Mind
RET000267,ORD038173,2024-08-01,Size Issue
RET000268,ORD005072,2025-03-14,Poor Quality
RET000269,ORD024122,2023-10-22,Late Delivery
RET000270,ORD048810,2025-06-17,Poor Quality
RET000271,ORD017821,2025-08-05,Wrong Product
RET000272,ORD001123,2023-07-25,Size Issue
RET000273,ORD011265,2023-08-09,Poor Quality
RET000274,ORD030580,2024-01-12,Wrong Product
RET000275,ORD045465,2023-03-26,Size Issue
RET000276,ORD048217,2025-06-27,Poor Quality
RET000277,ORD043045,2024-08-29,Poor Quality
RET000278,ORD015657,2024-05-22,Wrong Product
RET000279,ORD001901,2025-04-29,Poor Quality
RET000280,ORD000148,2023-06-24,Changed Mind
RET000281,ORD029643,2026-01-02,Damaged Product
RET000282,ORD003212,2024-09-21,Late Delivery
RET000283,ORD043851,2025-03-27,Size Issue
RET000284,ORD002355,2024-03-18,Changed Mind
RET000285,ORD031521,2024-12-07,Changed Mind
RET000286,ORD042584,2024-08-24,Size Issue
RET000287,ORD043338,2023-03-23,Poor Quality
RET000288,ORD045285,2023-08-30,Poor Quality
RET000289,ORD046957,2023-10-16,Changed Mind
RET000290,ORD048791,2023-06-20,Late Delivery
RET000291,ORD036586,2023-08-20,Wrong Product
RET000292,ORD010466,2024-07-16,Poor Quality
RET000293,ORD007822,2023-07-23,Changed Mind
RET000294,ORD007206,2023-01-20,Size Issue
RET000295,ORD006414,2024-07-28,Size Issue
RET000296,ORD034047,2023-10-03,Changed Mind
RET000297,ORD012729,2024-11-21,Changed Mind
RET000298,ORD006926,2024-02-11,Damaged Product
RET000299,ORD027996,2025-10-07,Late Delivery
RET000300,ORD037613,2024-10-19,Wrong Product
RET000301,ORD039484,2023-03-09,Late Delivery
RET000302,ORD003017,2024-03-14,Changed Mind
RET000303,ORD001641,2023-12-24,Late Delivery
RET000304,ORD008884,2023-08-04,Damaged Product
RET000305,ORD037602,2023-05-08,Poor Quality
RET000306,ORD012970,2023-06-12,Damaged Product
RET000307,ORD023464,2025-07-07,Size Issue
RET000308,ORD015758,2025-10-03,Late Delivery
RET000309,ORD044077,2025-03-30,Damaged Product
RET000310,ORD004087,2024-06-10,Changed Mind
RET000311,ORD000509,2025-07-26,Poor Quality
RET000312,ORD006355,2024-10-11,Changed Mind
RET000313,ORD029645,2024-05-31,Late Delivery
RET000314,ORD020816,2024-07-03,Size Issue
RET000315,ORD006235,2024-06-20,Damaged Product
RET000316,ORD031990,2025-10-13,Poor Quality
RET000317,ORD012996,2023-04-24,Changed Mind
RET000318,ORD042502,2023-12-05,Wrong Product
RET000319,ORD038921,2024-09-08,Late Delivery
RET000320,ORD000263,2023-01-27,Changed Mind
RET000321,ORD007892,2024-07-11,Poor Quality
RET000322,ORD010528,2023-07-13,Changed Mind
RET000323,ORD018601,2025-01-06,Damaged Product
RET000324,ORD024115,2023-09-29,Late Delivery
RET000325,ORD033499,2023-02-14,Wrong Product
RET000326,ORD013472,2023-03-11,Late Delivery
RET000327,ORD031726,2023-12-15,Poor Quality
RET000328,ORD023691,2024-04-27,Damaged Product
RET000329,ORD010558,2024-09-28,Wrong Product
RET000330,ORD006557,2025-05-06,Late Delivery
RET000331,ORD045578,2024-05-21,Changed Mind
RET000332,ORD041504,2023-07-28,Size Issue
RET000333,ORD027873,2025-11-18,Damaged Product
RET000334,ORD010811,2024-01-23,Size Issue
RET000335,ORD038215,2024-02-24,Poor Quality
RET000336,ORD011731,2025-06-28,Size Issue
RET000337,ORD027439,2023-09-12,Poor Quality
RET000338,ORD021780,2024-09-24,Changed Mind
RET000339,ORD034080,2025-01-20,Changed Mind
RET000340,ORD022916,2024-04-12,Size Issue
RET000341,ORD008086,2025-12-02,Size Issue
RET000342,ORD043468,2024-09-13,Wrong Product
RET000343,ORD014710,2025-02-04,Poor Quality
RET000344,ORD015467,2023-07-08,Wrong Product
RET000345,ORD037173,2024-07-22,Changed Mind
RET000346,ORD028749,2023-02-11,Poor Quality
RET000347,ORD003105,2023-04-23,Late Delivery
RET000348,ORD000709,2025-04-27,Changed Mind
RET000349,ORD038386,2023-02-27,Changed Mind
RET000350,ORD023445,2024-04-15,Wrong Product
RET000351,ORD026511,2025-06-07,Changed Mind
RET000352,ORD008467,2024-04-18,Changed Mind
RET000353,ORD006231,2023-08-29,Size Issue
RET000354,ORD046359,2023-05-22,Damaged Product
RET000355,ORD039358,2023-07-20,Wrong Product
RET000356,ORD016387,2024-03-26,Wrong Product
RET000357,ORD034166,2023-07-20,Changed Mind
RET000358,ORD004169,2023-10-13,Size Issue
RET000359,ORD005804,2023-11-20,Poor Quality
RET000360,ORD012754,2025-02-09,Late Delivery
RET000361,ORD002190,2023-03-22,Damaged Product
RET000362,ORD012188,2024-05-24,Damaged Product
RET000363,ORD031728,2023-06-12,Wrong Product
RET000364,ORD019246,2025-12-13,Size Issue
RET000365,ORD037867,2023-07-02,Damaged Product
RET000366,ORD043515,2025-06-20,Poor Quality
RET000367,ORD008719,2025-09-25,Damaged Product
RET000368,ORD028825,2025-02-26,Late Delivery
RET000369,ORD024469,2023-12-07,Late Delivery
RET000370,ORD048253,2024-08-04,Damaged Product
RET000371,ORD007202,2023-09-02,Damaged Product
RET000372,ORD009283,2023-11-20,Wrong Product
RET000373,ORD026821,2023-03-02,Damaged Product
RET000374,ORD027374,2025-05-05,Size Issue
RET000375,ORD022493,2025-11-27,Size Issue
RET000376,ORD045638,2023-10-13,Wrong Product
RET000377,ORD045880,2024-07-29,Changed Mind
RET000378,ORD029340,2024-06-09,Damaged Product
RET000379,ORD046548,2025-11-04,Wrong Product
RET000380,ORD010804,2024-08-11,Late Delivery
RET000381,ORD020965,2025-12-25,Poor Quality
RET000382,ORD030033,2023-10-31,Size Issue
RET000383,ORD005223,2023-01-31,Late Delivery
RET000384,ORD000660,2023-01-15,Damaged Product
RET000385,ORD033246,2023-08-13,Damaged Product
RET000386,ORD005866,2026-01-07,Late Delivery
RET000387,ORD048872,2024-04-22,Poor Quality
RET000388,ORD022986,2024-12-20,Late Delivery
RET000389,ORD028881,2023-03-08,Damaged Product
RET000390,ORD047088,2025-12-08,Poor Quality
RET000391,ORD026528,2024-09-04,Changed Mind
RET000392,ORD009648,2023-10-09,Damaged Product
RET000393,ORD049546,2023-05-07,Damaged Product
RET000394,ORD032375,2025-03-20,Wrong Product
RET000395,ORD026159,2025-08-07,Changed Mind
RET000396,ORD011712,2023-02-25,Wrong Product
RET000397,ORD027239,2025-05-08,Wrong Product
RET000398,ORD018354,2025-01-20,Changed Mind
RET000399,ORD049515,2023-12-26,Damaged Product
RET000400,ORD021725,2025-06-01,Wrong Product
RET000401,ORD025925,2024-06-09,Damaged Product
RET000402,ORD041390,2024-01-20,Late Delivery
RET000403,ORD004773,2024-09-20,Size Issue
RET000404,ORD035205,2026-01-12,Late Delivery
RET000405,ORD027879,2024-08-18,Changed Mind
RET000406,ORD005875,2025-04-10,Poor Quality
RET000407,ORD017805,2025-03-31,Changed Mind
RET000408,ORD034224,2025-05-22,Wrong Product
RET000409,ORD007842,2024-11-22,Size Issue
RET000410,ORD015923,2023-08-27,Wrong Product
RET000411,ORD028367,2024-01-26,Size Issue
RET000412,ORD012084,2024-08-30,Poor Quality
RET000413,ORD020034,2023-04-26,Late Delivery
RET000414,ORD014488,2025-02-28,Damaged Product
RET000415,ORD020819,2025-07-31,Poor Quality
RET000416,ORD037518,2024-12-03,Damaged Product
RET000417,ORD044236,2025-04-10,Changed Mind
RET000418,ORD048651,2025-12-31,Size Issue
RET000419,ORD036236,2025-11-18,Late Delivery
RET000420,ORD021070,2025-11-05,Size Issue
RET000421,ORD009524,2026-01-03,Wrong Product
RET000422,ORD032756,2024-05-21,Changed Mind
RET000423,ORD012054,2024-04-30,Wrong Product
RET000424,ORD023594,2023-02-10,Wrong Product
RET000425,ORD008038,2025-05-20,Size Issue
RET000426,ORD046977,2025-01-12,Late Delivery
RET000427,ORD016400,2024-06-12,Size Issue
RET000428,ORD045786,2024-11-16,Poor Quality
RET000429,ORD034616,2025-04-15,Changed Mind
RET000430,ORD007625,2024-05-21,Wrong Product
RET000431,ORD013662,2025-05-28,Poor Quality
RET000432,ORD037737,2025-07-14,Late Delivery
RET000433,ORD026542,2023-06-26,Damaged Product
RET000434,ORD013268,2023-09-05,Size Issue
RET000435,ORD018083,2024-06-29,Late Delivery
RET000436,ORD048086,2025-01-02,Size Issue
RET000437,ORD042768,2023-04-01,Size Issue
RET000438,ORD004071,2023-11-25,Size Issue
RET000439,ORD016287,2024-04-04,Poor Quality
RET000440,ORD001119,2023-02-27,Wrong Product
RET000441,ORD010075,2025-01-28,Wrong Product
RET000442,ORD011374,2025-06-08,Damaged Product
RET000443,ORD032685,2025-10-16,Damaged Product
RET000444,ORD046434,2024-02-26,Damaged Product
RET000445,ORD025350,2023-02-01,Damaged Product
RET000446,ORD006716,2023-07-20,Late Delivery
RET000447,ORD034568,2023-05-29,Late Delivery
RET000448,ORD001031,2024-01-23,Poor Quality
RET000449,ORD022754,2023-06-05,Poor Quality
RET000450,ORD011762,2024-08-06,Poor Quality
RET000451,ORD035897,2025-01-05,Poor Quality
RET000452,ORD014493,2024-11-02,Size Issue
RET000453,ORD025086,2025-03-24,Changed Mind
RET000454,ORD020396,2025-12-19,Wrong Product
RET000455,ORD004814,2025-09-16,Changed Mind
RET000456,ORD008995,2025-06-26,Late Delivery
RET000457,ORD049692,2025-09-03,Wrong Product
RET000458,ORD021375,2023-08-23,Damaged Product
RET000459,ORD030243,2023-03-21,Damaged Product
RET000460,ORD047579,2023-10-28,Poor Quality
RET000461,ORD001165,2023-11-27,Poor Quality
RET000462,ORD024811,2023-04-05,Changed Mind
RET000463,ORD021110,2023-06-11,Changed Mind
RET000464,ORD003698,2023-06-20,Wrong Product
RET000465,ORD011439,2023-06-30,Size Issue
RET000466,ORD004470,2023-07-06,Late Delivery
RET000467,ORD009808,2023-03-04,Damaged Product
RET000468,ORD047768,2023-12-20,Poor Quality
RET000469,ORD006749,2023-05-14,Damaged Product
RET000470,ORD049185,2024-02-03,Changed Mind
RET000471,ORD017379,2025-10-09,Changed Mind
RET000472,ORD036885,2023-03-13,Size Issue
RET000473,ORD013357,2023-08-22,Late Delivery
RET000474,ORD032405,2025-09-06,Changed Mind
RET000475,ORD042455,2024-05-10,Late Delivery
RET000476,ORD046066,2023-12-24,Damaged Product
RET000477,ORD011539,2025-11-11,Late Delivery
RET000478,ORD002009,2024-06-26,Damaged Product
RET000479,ORD003222,2024-01-10,Size Issue
RET000480,ORD044997,2024-06-29,Wrong Product
RET000481,ORD018763,2025-11-04,Damaged Product
RET000482,ORD014166,2025-07-15,Late Delivery
RET000483,ORD040684,2024-01-23,Size Issue
RET000484,ORD025081,2025-04-19,Poor Quality
RET000485,ORD001823,2025-07-23,Size Issue
RET000486,ORD044662,2025-04-24,Size Issue
RET000487,ORD006849,2024-12-14,Changed Mind
RET000488,ORD012636,2023-04-30,Changed Mind
RET000489,ORD037669,2024-04-09,Wrong Product
RET000490,ORD006096,2025-07-24,Changed Mind
RET000491,ORD039249,2024-04-14,Size Issue
RET000492,ORD010578,2025-02-28,Damaged Product
RET000493,ORD031075,2023-12-21,Late Delivery
RET000494,ORD029113,2023-01-25,Wrong Product
RET000495,ORD010193,2024-03-07,Damaged Product
RET000496,ORD000315,2025-05-10,Damaged Product
RET000497,ORD011450,2023-09-24,Damaged Product
RET000498,ORD030746,2024-03-13,Late Delivery
RET000499,ORD029703,2025-09-24,Damaged Product
RET000500,ORD027659,2025-03-29,Damaged Product
RET000501,ORD023686,2025-06-14,Wrong Product
RET000502,ORD028376,2024-09-24,Poor Quality
RET000503,ORD003086,2025-07-08,Late Delivery
RET000504,ORD049372,2025-12-16,Damaged Product
RET000505,ORD003752,2024-12-06,Late Delivery
RET000506,ORD005049,2025-05-05,Damaged Product
RET000507,ORD029187,2025-11-10,Changed Mind
RET000508,ORD030709,2024-12-15,Damaged Product
RET000509,ORD020147,2024-03-01,Size Issue
RET000510,ORD032250,2023-06-09,Wrong Product
RET000511,ORD004970,2025-09-06,Poor Quality
RET000512,ORD030526,2024-06-12,Poor Quality
RET000513,ORD018495,2024-08-19,Wrong Product
RET000514,ORD038065,2023-03-28,Poor Quality
RET000515,ORD041837,2025-07-03,Changed Mind
RET000516,ORD032753,2024-06-15,Late Delivery
RET000517,ORD020074,2024-03-04,Size Issue
RET000518,ORD026274,2025-12-29,Late Delivery
RET000519,ORD013650,2023-05-25,Poor Quality
RET000520,ORD025534,2025-09-04,Changed Mind
RET000521,ORD017522,2025-01-22,Poor Quality
RET000522,ORD025481,2023-03-02,Damaged Product
RET000523,ORD048235,2024-07-17,Wrong Product
RET000524,ORD048788,2024-08-31,Poor Quality
RET000525,ORD032390,2024-01-14,Wrong Product
RET000526,ORD005087,2024-06-14,Damaged Product
RET000527,ORD017253,2023-04-10,Poor Quality
RET000528,ORD004040,2024-03-31,Late Delivery
RET000529,ORD018387,2024-11-11,Size Issue
RET000530,ORD004247,2023-04-02,Changed Mind
RET000531,ORD018628,2023-05-30,Damaged Product
RET000532,ORD000880,2025-07-03,Size Issue
RET000533,ORD023299,2025-03-01,Wrong Product
RET000534,ORD029753,2024-09-10,Size Issue
RET000535,ORD030173,2023-09-20,Late Delivery
RET000536,ORD028560,2024-07-01,Damaged Product
RET000537,ORD018864,2023-05-30,Poor Quality
RET000538,ORD043344,2025-06-12,Wrong Product
RET000539,ORD034211,2025-06-30,Late Delivery
RET000540,ORD026084,2023-04-25,Poor Quality
RET000541,ORD001942,2024-10-06,Size Issue
RET000542,ORD022226,2025-03-05,Wrong Product
RET000543,ORD044692,2023-01-17,Size Issue
RET000544,ORD043240,2023-04-09,Wrong Product
RET000545,ORD023860,2025-09-22,Poor Quality
RET000546,ORD014159,2023-07-21,Changed Mind
RET000547,ORD033876,2023-03-17,Poor Quality
RET000548,ORD048105,2023-10-11,Late Delivery
RET000549,ORD023450,2025-01-18,Size Issue
RET000550,ORD006624,2024-05-03,Wrong Product
RET000551,ORD038265,2024-12-05,Size Issue
RET000552,ORD026242,2024-06-25,Wrong Product
RET000553,ORD047592,2024-10-20,Changed Mind
RET000554,ORD024156,2024-08-22,Size Issue
RET000555,ORD032059,2023-09-17,Damaged Product
RET000556,ORD009332,2025-02-28,Changed Mind
RET000557,ORD043565,2025-01-07,Wrong Product
RET000558,ORD003494,2024-03-26,Late Delivery
RET000559,ORD004879,2023-07-30,Late Delivery
RET000560,ORD047063,2023-04-12,Poor Quality
RET000561,ORD000999,2024-11-09,Poor Quality
RET000562,ORD037087,2023-09-22,Wrong Product
RET000563,ORD036438,2024-06-01,Late Delivery
RET000564,ORD034750,2025-09-13,Late Delivery
RET000565,ORD028617,2023-04-23,Poor Quality
RET000566,ORD037096,2023-05-09,Changed Mind
RET000567,ORD022811,2025-03-13,Late Delivery
RET000568,ORD007143,2024-09-24,Wrong Product
RET000569,ORD021559,2025-01-13,Late Delivery
RET000570,ORD009936,2024-03-03,Poor Quality
RET000571,ORD004789,2023-10-02,Changed Mind
RET000572,ORD030511,2023-03-22,Changed Mind
RET000573,ORD031190,2023-02-21,Poor Quality
RET000574,ORD020084,2025-07-21,Damaged Product
RET000575,ORD010824,2024-10-12,Late Delivery
RET000576,ORD000673,2023-01-25,Poor Quality
RET000577,ORD015595,2024-11-18,Damaged Product
RET000578,ORD043049,2025-07-30,Size Issue
RET000579,ORD021912,2023-02-12,Damaged Product
RET000580,ORD011869,2025-04-07,Wrong Product
RET000581,ORD034691,2024-11-17,Damaged Product
RET000582,ORD011322,2025-07-28,Size Issue
RET000583,ORD044212,2023-12-27,Damaged Product
RET000584,ORD024615,2023-02-16,Poor Quality
RET000585,ORD012006,2024-05-25,Late Delivery
RET000586,ORD003940,2024-02-18,Size Issue
RET000587,ORD004614,2025-07-21,Size Issue
RET000588,ORD036760,2023-05-28,Changed Mind
RET000589,ORD031459,2024-04-10,Wrong Product
RET000590,ORD044953,2024-11-20,Wrong Product
RET000591,ORD004348,2025-06-15,Wrong Product
RET000592,ORD039328,2024-08-22,Poor Quality
RET000593,ORD049923,2025-05-23,Size Issue
RET000594,ORD022394,2025-07-20,Poor Quality
RET000595,ORD003157,2024-05-26,Poor Quality
RET000596,ORD029918,2025-08-23,Damaged Product
RET000597,ORD037224,2026-01-15,Late Delivery
RET000598,ORD013479,2026-01-12,Late Delivery
RET000599,ORD013872,2023-03-06,Wrong Product
RET000600,ORD038556,2025-03-30,Changed Mind
RET000601,ORD025330,2023-07-12,Wrong Product
RET000602,ORD044685,2023-10-15,Wrong Product
RET000603,ORD000986,2025-07-18,Wrong Product
RET000604,ORD037140,2024-07-19,Size Issue
RET000605,ORD035034,2025-04-20,Late Delivery
RET000606,ORD023731,2025-10-24,Wrong Product
RET000607,ORD007531,2023-07-18,Size Issue
RET000608,ORD044395,2024-03-05,Poor Quality
RET000609,ORD032949,2024-02-07,Poor Quality
RET000610,ORD030878,2023-10-04,Size Issue
RET000611,ORD029931,2023-11-04,Changed Mind
RET000612,ORD023416,2023-07-13,Damaged Product
RET000613,ORD006060,2024-03-31,Changed Mind
RET000614,ORD023680,2023-05-28,Late Delivery
RET000615,ORD015941,2025-04-18,Damaged Product
RET000616,ORD006949,2025-01-08,Poor Quality
RET000617,ORD030096,2023-04-17,Damaged Product
RET000618,ORD041340,2025-01-13,Wrong Product
RET000619,ORD049599,2025-09-11,Wrong Product
RET000620,ORD033184,2025-04-12,Damaged Product
RET000621,ORD016581,2024-09-17,Damaged Product
RET000622,ORD001389,2023-06-29,Size Issue
RET000623,ORD021351,2023-05-07,Size Issue
RET000624,ORD049751,2023-03-08,Changed Mind
RET000625,ORD034432,2023-07-04,Poor Quality
RET000626,ORD024455,2024-04-15,Poor Quality
RET000627,ORD040360,2023-04-24,Changed Mind
RET000628,ORD018578,2024-03-04,Changed Mind
RET000629,ORD033452,2024-03-11,Late Delivery
RET000630,ORD047853,2023-05-06,Damaged Product
RET000631,ORD000005,2025-02-23,Poor Quality
RET000632,ORD029183,2025-02-05,Poor Quality
RET000633,ORD008231,2023-08-06,Changed Mind
RET000634,ORD005947,2024-12-26,Wrong Product
RET000635,ORD007823,2025-01-12,Poor Quality
RET000636,ORD019487,2024-09-28,Size Issue
RET000637,ORD015385,2024-06-04,Wrong Product
RET000638,ORD041100,2023-07-30,Changed Mind
RET000639,ORD018184,2024-08-02,Late Delivery
RET000640,ORD027162,2024-12-31,Damaged Product
RET000641,ORD011646,2025-10-19,Poor Quality
RET000642,ORD024391,2025-07-29,Size Issue
RET000643,ORD004851,2025-01-18,Poor Quality
RET000644,ORD047436,2023-06-29,Poor Quality
RET000645,ORD042207,2024-10-23,Late Delivery
RET000646,ORD045341,2023-03-23,Poor Quality
RET000647,ORD028170,2023-11-15,Damaged Product
RET000648,ORD003420,2025-04-10,Wrong Product
RET000649,ORD042591,2023-02-26,Damaged Product
RET000650,ORD038735,2024-08-16,Changed Mind
RET000651,ORD036720,2024-05-06,Changed Mind
RET000652,ORD029498,2025-06-25,Late Delivery
RET000653,ORD004363,2024-07-19,Poor Quality
RET000654,ORD004029,2024-05-02,Late Delivery
RET000655,ORD003427,2024-12-27,Changed Mind
RET000656,ORD020269,2023-12-17,Poor Quality
RET000657,ORD020058,2024-12-03,Late Delivery
RET000658,ORD011479,2024-04-25,Poor Quality
RET000659,ORD047945,2024-06-20,Wrong Product
RET000660,ORD029393,2025-03-17,Damaged Product
RET000661,ORD029047,2024-05-28,Late Delivery
RET000662,ORD008565,2024-10-06,Changed Mind
RET000663,ORD039507,2023-06-19,Wrong Product
RET000664,ORD049805,2025-02-14,Poor Quality
RET000665,ORD025450,2023-04-01,Size Issue
RET000666,ORD034922,2024-12-06,Changed Mind
RET000667,ORD030478,2023-05-31,Damaged Product
RET000668,ORD013520,2023-11-26,Changed Mind
RET000669,ORD034008,2025-06-19,Poor Quality
RET000670,ORD021316,2024-10-04,Late Delivery
RET000671,ORD042425,2023-04-21,Late Delivery
RET000672,ORD048901,2025-04-25,Wrong Product
RET000673,ORD047633,2024-04-27,Damaged Product
RET000674,ORD049789,2025-03-04,Size Issue
RET000675,ORD044232,2023-09-21,Damaged Product
RET000676,ORD010724,2024-08-25,Poor Quality
RET000677,ORD013155,2025-09-30,Poor Quality
RET000678,ORD013763,2025-10-12,Late Delivery
RET000679,ORD042812,2025-09-15,Late Delivery
RET000680,ORD030804,2024-12-14,Poor Quality
RET000681,ORD036261,2023-09-30,Poor Quality
RET000682,ORD021437,2025-02-12,Damaged Product
RET000683,ORD025971,2024-07-14,Late Delivery
RET000684,ORD032204,2025-01-10,Wrong Product
RET000685,ORD007181,2024-06-04,Wrong Product
RET000686,ORD041281,2023-08-02,Changed Mind
RET000687,ORD028087,2025-05-26,Poor Quality
RET000688,ORD013702,2025-03-09,Poor Quality
RET000689,ORD001004,2024-10-17,Size Issue
RET000690,ORD009059,2025-09-19,Late Delivery
RET000691,ORD044235,2025-05-01,Late Delivery
RET000692,ORD025675,2023-12-22,Damaged Product
RET000693,ORD045056,2023-11-20,Damaged Product
RET000694,ORD035144,2024-02-10,Poor Quality
RET000695,ORD038163,2025-07-18,Poor Quality
RET000696,ORD022477,2023-06-08,Poor Quality
RET000697,ORD023007,2024-01-14,Wrong Product
RET000698,ORD045344,2023-03-01,Size Issue
RET000699,ORD036128,2023-06-30,Damaged Product
RET000700,ORD049710,2023-12-21,Late Delivery
RET000701,ORD013099,2025-03-22,Late Delivery
RET000702,ORD037196,2025-06-29,Poor Quality
RET000703,ORD004108,2024-07-02,Changed Mind
RET000704,ORD041336,2024-05-30,Wrong Product
RET000705,ORD025223,2023-08-16,Wrong Product
RET000706,ORD035840,2024-05-06,Size Issue
RET000707,ORD029719,2025-05-02,Damaged Product
RET000708,ORD046953,2025-12-22,Changed Mind
RET000709,ORD029828,2026-01-11,Changed Mind
RET000710,ORD017543,2025-04-27,Size Issue
RET000711,ORD024916,2025-12-14,Wrong Product
RET000712,ORD004514,2024-09-20,Damaged Product
RET000713,ORD019937,2024-11-13,Wrong Product
RET000714,ORD046525,2024-04-03,Changed Mind
RET000715,ORD024511,2023-07-21,Changed Mind
RET000716,ORD027442,2025-05-04,Wrong Product
RET000717,ORD012002,2025-12-13,Late Delivery
RET000718,ORD023354,2024-02-02,Changed Mind
RET000719,ORD027293,2024-02-28,Late Delivery
RET000720,ORD034204,2024-01-17,Late Delivery
RET000721,ORD012148,2024-08-10,Size Issue
RET000722,ORD015292,2024-12-02,Poor Quality
RET000723,ORD046880,2024-03-27,Size Issue
RET000724,ORD008691,2025-09-14,Damaged Product
RET000725,ORD012654,2024-03-06,Late Delivery
RET000726,ORD031470,2025-08-30,Damaged Product
RET000727,ORD002955,2023-09-26,Poor Quality
RET000728,ORD003004,2025-01-07,Wrong Product
RET000729,ORD015814,2024-07-26,Damaged Product
RET000730,ORD006657,2023-12-29,Size Issue
RET000731,ORD012774,2023-09-28,Damaged Product
RET000732,ORD039531,2024-08-11,Size Issue
RET000733,ORD034408,2024-06-27,Poor Quality
RET000734,ORD008837,2024-03-24,Damaged Product
RET000735,ORD014618,2024-07-05,Damaged Product
RET000736,ORD022836,2023-06-08,Late Delivery
RET000737,ORD015981,2025-12-06,Poor Quality
RET000738,ORD037916,2025-04-21,Changed Mind
RET000739,ORD001571,2025-07-31,Late Delivery
RET000740,ORD035908,2025-11-14,Damaged Product
RET000741,ORD026090,2025-11-26,Changed Mind
RET000742,ORD020914,2024-04-04,Late Delivery
RET000743,ORD009958,2026-01-04,Changed Mind
RET000744,ORD018276,2025-08-02,Wrong Product
RET000745,ORD015432,2023-04-13,Late Delivery
RET000746,ORD023494,2024-09-01,Size Issue
RET000747,ORD015790,2024-07-06,Poor Quality
RET000748,ORD035780,2026-01-01,Wrong Product
RET000749,ORD011981,2025-10-16,Damaged Product
RET000750,ORD044906,2025-08-19,Poor Quality
RET000751,ORD035763,2025-12-04,Changed Mind
RET000752,ORD027093,2025-11-17,Late Delivery
RET000753,ORD046835,2025-09-08,Damaged Product
RET000754,ORD033438,2024-03-25,Wrong Product
RET000755,ORD047381,2025-02-15,Changed Mind
RET000756,ORD001591,2024-12-14,Changed Mind
RET000757,ORD026756,2024-07-06,Damaged Product
RET000758,ORD021759,2024-06-15,Late Delivery
RET000759,ORD003002,2024-04-15,Wrong Product
RET000760,ORD044112,2025-08-21,Size Issue
RET000761,ORD043520,2023-04-05,Wrong Product
RET000762,ORD000629,2024-08-20,Late Delivery
RET000763,ORD020737,2025-12-08,Size Issue
RET000764,ORD011903,2025-01-20,Changed Mind
RET000765,ORD006367,2024-07-09,Late Delivery
RET000766,ORD017133,2024-11-05,Poor Quality
RET000767,ORD009479,2025-03-30,Changed Mind
RET000768,ORD041871,2025-07-27,Late Delivery
RET000769,ORD012933,2024-01-18,Late Delivery
RET000770,ORD013642,2024-01-16,Size Issue
RET000771,ORD019627,2023-08-27,Wrong Product
RET000772,ORD009952,2025-12-14,Late Delivery
RET000773,ORD028963,2023-10-21,Wrong Product
RET000774,ORD028446,2023-05-02,Size Issue
RET000775,ORD019699,2023-08-15,Wrong Product
RET000776,ORD044224,2024-06-30,Size Issue
RET000777,ORD002997,2023-09-11,Changed Mind
RET000778,ORD013638,2025-09-18,Damaged Product
RET000779,ORD022471,2025-11-10,Poor Quality
RET000780,ORD036087,2025-02-26,Size Issue
RET000781,ORD028918,2025-08-08,Wrong Product
RET000782,ORD017650,2025-04-14,Changed Mind
RET000783,ORD027956,2025-02-03,Damaged Product
RET000784,ORD002855,2023-11-09,Poor Quality
RET000785,ORD013390,2024-11-18,Size Issue
RET000786,ORD013049,2025-06-29,Poor Quality
RET000787,ORD022333,2023-05-15,Wrong Product
RET000788,ORD030578,2023-06-10,Changed Mind
RET000789,ORD034735,2025-11-24,Wrong Product
RET000790,ORD019539,2025-12-13,Poor Quality
RET000791,ORD039587,2025-12-03,Damaged Product
RET000792,ORD005573,2025-09-24,Changed Mind
RET000793,ORD047751,2025-07-19,Damaged Product
RET000794,ORD030964,2024-07-20,Wrong Product
RET000795,ORD035496,2026-01-05,Changed Mind
RET000796,ORD020263,2024-05-31,Poor Quality
RET000797,ORD044660,2025-03-08,Size Issue
RET000798,ORD021746,2024-07-17,Wrong Product
RET000799,ORD047249,2025-06-28,Changed Mind
RET000800,ORD036228,2023-10-29,Late Delivery
RET000801,ORD028787,2023-06-15,Wrong Product
RET000802,ORD035620,2025-09-26,Damaged Product
RET000803,ORD046000,2025-05-28,Late Delivery
RET000804,ORD049513,2025-04-16,Late Delivery
RET000805,ORD044515,2025-12-14,Poor Quality
RET000806,ORD028684,2024-09-10,Damaged Product
RET000807,ORD031549,2023-02-05,Wrong Product
RET000808,ORD031965,2024-04-14,Changed Mind
RET000809,ORD009434,2023-04-16,Poor Quality
RET000810,ORD022374,2023-07-14,Wrong Product
RET000811,ORD021623,2025-01-08,Poor Quality
RET000812,ORD012452,2024-02-02,Size Issue
RET000813,ORD011800,2024-04-28,Wrong Product
RET000814,ORD031389,2025-02-12,Changed Mind
RET000815,ORD020769,2024-10-21,Size Issue
RET000816,ORD004829,2024-08-25,Poor Quality
RET000817,ORD014590,2025-01-27,Size Issue
RET000818,ORD001508,2023-07-14,Damaged Product
RET000819,ORD018613,2024-02-09,Size Issue
RET000820,ORD019303,2023-04-20,Poor Quality
RET000821,ORD038310,2023-08-31,Damaged Product
RET000822,ORD001739,2025-10-30,Size Issue
RET000823,ORD035876,2024-04-11,Size Issue
RET000824,ORD047068,2023-07-25,Late Delivery
RET000825,ORD005115,2023-09-30,Wrong Product
RET000826,ORD024907,2024-01-04,Poor Quality
RET000827,ORD007636,2024-11-19,Size Issue
RET000828,ORD014399,2024-08-02,Damaged Product
RET000829,ORD036171,2024-06-24,Late Delivery
RET000830,ORD009184,2025-05-14,Poor Quality
RET000831,ORD036797,2023-03-15,Size Issue
RET000832,ORD037623,2024-02-05,Poor Quality
RET000833,ORD001656,2025-06-12,Damaged Product
RET000834,ORD004327,2024-01-13,Wrong Product
RET000835,ORD027378,2023-01-13,Size Issue
RET000836,ORD019045,2025-04-06,Damaged Product
RET000837,ORD044329,2023-07-31,Poor Quality
RET000838,ORD009662,2025-10-22,Wrong Product
RET000839,ORD015915,2024-04-08,Size Issue
RET000840,ORD025467,2023-09-29,Damaged Product
RET000841,ORD013611,2024-06-26,Late Delivery
RET000842,ORD011671,2024-04-25,Size Issue
RET000843,ORD001220,2024-02-09,Changed Mind
RET000844,ORD038864,2023-06-29,Late Delivery
RET000845,ORD012558,2025-01-22,Late Delivery
RET000846,ORD039144,2024-05-31,Changed Mind
RET000847,ORD035509,2024-08-16,Changed Mind
RET000848,ORD011853,2025-10-26,Wrong Product
RET000849,ORD013239,2024-07-19,Poor Quality
RET000850,ORD029951,2023-09-02,Size Issue
RET000851,ORD027985,2024-04-26,Damaged Product
RET000852,ORD022091,2025-11-22,Damaged Product
RET000853,ORD048990,2024-07-23,Changed Mind
RET000854,ORD040640,2023-08-06,Changed Mind
RET000855,ORD028912,2023-01-24,Late Delivery
RET000856,ORD008571,2024-02-15,Poor Quality
RET000857,ORD038432,2023-03-04,Poor Quality
RET000858,ORD040526,2024-09-19,Size Issue
RET000859,ORD035550,2025-07-20,Damaged Product
RET000860,ORD029488,2024-11-05,Wrong Product
RET000861,ORD026038,2023-12-16,Wrong Product
RET000862,ORD019371,2025-10-17,Size Issue
RET000863,ORD044735,2024-09-14,Poor Quality
RET000864,ORD006916,2024-12-22,Damaged Product
RET000865,ORD014999,2025-11-26,Damaged Product
RET000866,ORD016751,2024-10-11,Late Delivery
RET000867,ORD029960,2023-03-01,Size Issue
RET000868,ORD028857,2023-07-04,Size Issue
RET000869,ORD038912,2024-10-25,Damaged Product
RET000870,ORD005844,2025-12-12,Late Delivery
RET000871,ORD015770,2025-07-21,Wrong Product
RET000872,ORD027099,2025-11-02,Late Delivery
RET000873,ORD034727,2024-11-07,Wrong Product
RET000874,ORD020931,2024-10-12,Damaged Product
RET000875,ORD012314,2023-12-09,Damaged Product
RET000876,ORD008294,2024-09-18,Damaged Product
RET000877,ORD049409,2025-01-15,Size Issue
RET000878,ORD022320,2024-05-20,Wrong Product
RET000879,ORD020487,2024-05-17,Poor Quality
RET000880,ORD022611,2023-03-01,Poor Quality
RET000881,ORD012466,2024-05-07,Size Issue
RET000882,ORD041513,2025-01-04,Poor Quality
RET000883,ORD048610,2023-10-09,Late Delivery
RET000884,ORD017673,2023-11-18,Damaged Product
RET000885,ORD008566,2025-11-27,Damaged Product
RET000886,ORD042906,2023-07-23,Poor Quality
RET000887,ORD033295,2023-05-23,Poor Quality
RET000888,ORD012929,2025-03-17,Changed Mind
RET000889,ORD008384,2024-07-14,Poor Quality
RET000890,ORD026547,2023-06-05,Changed Mind
RET000891,ORD021161,2023-12-05,Wrong Product
RET000892,ORD025332,2024-04-10,Poor Quality
RET000893,ORD000417,2024-09-29,Wrong Product
RET000894,ORD038314,2023-05-09,Poor Quality
RET000895,ORD040759,2025-01-31,Size Issue
RET000896,ORD001407,2025-05-26,Late Delivery
RET000897,ORD027989,2024-03-08,Size Issue
RET000898,ORD020658,2025-08-11,Changed Mind
RET000899,ORD046982,2025-09-21,Wrong Product
RET000900,ORD029902,2024-09-08,Changed Mind
RET000901,ORD032870,2025-10-08,Wrong Product
RET000902,ORD021614,2023-10-07,Wrong Product
RET000903,ORD018693,2024-11-29,Late Delivery
RET000904,ORD014463,2024-11-28,Changed Mind
RET000905,ORD013530,2024-06-23,Size Issue
RET000906,ORD029805,2025-11-01,Damaged Product
RET000907,ORD001445,2025-09-05,Poor Quality
RET000908,ORD018219,2024-12-01,Poor Quality
RET000909,ORD045064,2025-07-08,Poor Quality
RET000910,ORD030647,2025-07-15,Changed Mind
RET000911,ORD049168,2023-03-26,Changed Mind
RET000912,ORD039990,2024-04-05,Damaged Product
RET000913,ORD044756,2023-09-03,Damaged Product
RET000914,ORD048346,2025-10-26,Wrong Product
RET000915,ORD042970,2025-02-02,Wrong Product
RET000916,ORD020420,2023-07-03,Poor Quality
RET000917,ORD010897,2024-01-20,Poor Quality
RET000918,ORD045621,2024-01-02,Size Issue
RET000919,ORD036350,2024-08-18,Damaged Product
RET000920,ORD019313,2025-01-06,Wrong Product
RET000921,ORD005583,2025-11-27,Damaged Product
RET000922,ORD006683,2023-11-13,Wrong Product
RET000923,ORD030680,2024-05-11,Late Delivery
RET000924,ORD028389,2025-05-14,Poor Quality
RET000925,ORD006848,2023-02-25,Poor Quality
RET000926,ORD015982,2025-05-01,Damaged Product
RET000927,ORD033676,2024-05-10,Late Delivery
RET000928,ORD047504,2023-06-19,Size Issue
RET000929,ORD007566,2023-11-09,Damaged Product
RET000930,ORD020729,2024-08-06,Wrong Product
RET000931,ORD007412,2024-03-22,Late Delivery
RET000932,ORD025355,2025-05-15,Wrong Product
RET000933,ORD047739,2023-10-31,Poor Quality
RET000934,ORD009759,2025-09-03,Wrong Product
RET000935,ORD009768,2024-04-07,Late Delivery
RET000936,ORD007134,2025-02-14,Size Issue
RET000937,ORD028594,2025-10-10,Wrong Product
RET000938,ORD041210,2023-07-01,Damaged Product
RET000939,ORD023112,2025-02-12,Late Delivery
RET000940,ORD044347,2025-05-08,Poor Quality
RET000941,ORD022810,2023-04-26,Late Delivery
RET000942,ORD020508,2025-04-18,Late Delivery
RET000943,ORD045706,2023-08-23,Changed Mind
RET000944,ORD021762,2024-12-09,Wrong Product
RET000945,ORD021496,2023-08-21,Late Delivery
RET000946,ORD011505,2024-03-07,Wrong Product
RET000947,ORD032457,2025-04-08,Late Delivery
RET000948,ORD044210,2024-12-12,Wrong Product
RET000949,ORD043813,2024-07-25,Damaged Product
RET000950,ORD018265,2024-08-01,Damaged Product
RET000951,ORD041115,2023-09-01,Late Delivery
RET000952,ORD020035,2025-03-06,Late Delivery
RET000953,ORD010076,2024-04-21,Changed Mind
RET000954,ORD037297,2025-01-25,Late Delivery
RET000955,ORD014277,2023-11-23,Poor Quality
RET000956,ORD035781,2025-09-25,Changed Mind
RET000957,ORD016871,2024-08-09,Late Delivery
RET000958,ORD004230,2025-08-05,Wrong Product
RET000959,ORD049030,2025-07-06,Late Delivery
RET000960,ORD000168,2025-03-03,Changed Mind
RET000961,ORD014447,2025-11-04,Damaged Product
RET000962,ORD036717,2024-12-15,Wrong Product
RET000963,ORD036165,2024-10-07,Wrong Product
RET000964,ORD014474,2023-11-01,Changed Mind
RET000965,ORD044427,2025-06-28,Late Delivery
RET000966,ORD046117,2025-12-23,Late Delivery
RET000967,ORD030626,2025-12-21,Changed Mind
RET000968,ORD009961,2023-01-23,Size Issue
RET000969,ORD038723,2024-03-24,Late Delivery
RET000970,ORD028345,2024-04-10,Wrong Product
RET000971,ORD016438,2025-11-23,Changed Mind
RET000972,ORD008854,2025-04-20,Damaged Product
RET000973,ORD017364,2025-07-29,Size Issue
RET000974,ORD004581,2023-07-29,Damaged Product
RET000975,ORD047304,2023-08-05,Poor Quality
RET000976,ORD044680,2023-09-05,Changed Mind
RET000977,ORD015193,2024-11-08,Damaged Product
RET000978,ORD031448,2025-07-29,Size Issue
RET000979,ORD005526,2024-04-05,Size Issue
RET000980,ORD039228,2025-09-01,Damaged Product
RET000981,ORD003468,2023-03-04,Size Issue
RET000982,ORD015074,2023-05-11,Damaged Product
RET000983,ORD048706,2024-06-02,Poor Quality
RET000984,ORD013610,2023-11-22,Changed Mind
RET000985,ORD018786,2025-08-18,Damaged Product
RET000986,ORD039758,2023-11-29,Late Delivery
RET000987,ORD024217,2025-05-12,Late Delivery
RET000988,ORD033986,2025-10-16,Changed Mind
RET000989,ORD011626,2025-11-10,Wrong Product
RET000990,ORD012137,2025-01-05,Changed Mind
RET000991,ORD012629,2023-02-03,Late Delivery
RET000992,ORD028348,2023-02-13,Wrong Product
RET000993,ORD043512,2025-01-22,Late Delivery
RET000994,ORD005873,2023-07-10,Poor Quality
RET000995,ORD048244,2024-04-18,Wrong Product
RET000996,ORD033982,2023-04-08,Wrong Product
RET000997,ORD031261,2025-05-01,Changed Mind
RET000998,ORD012293,2023-07-04,Size Issue
RET000999,ORD042287,2026-01-01,Late Delivery
RET001000,ORD013665,2024-02-22,Changed Mind
RET001001,ORD012951,2023-08-01,Late Delivery
RET001002,ORD031757,2023-11-28,Late Delivery
RET001003,ORD014514,2023-10-30,Damaged Product
RET001004,ORD020458,2025-08-25,Late Delivery
RET001005,ORD041547,2023-11-18,Size Issue
RET001006,ORD000851,2023-04-08,Damaged Product
RET001007,ORD034768,2023-06-05,Size Issue
RET001008,ORD024913,2024-12-06,Poor Quality
RET001009,ORD017970,2024-07-03,Wrong Product
RET001010,ORD028377,2023-08-21,Poor Quality
RET001011,ORD009890,2024-06-02,Poor Quality
RET001012,ORD046456,2024-05-25,Late Delivery
RET001013,ORD038500,2025-09-23,Wrong Product
RET001014,ORD016248,2023-02-22,Changed Mind
RET001015,ORD008787,2024-04-14,Late Delivery
RET001016,ORD035430,2025-09-20,Late Delivery
RET001017,ORD019104,2023-10-17,Poor Quality
RET001018,ORD044143,2023-12-19,Changed Mind
RET001019,ORD014787,2025-01-20,Size Issue
RET001020,ORD018217,2025-05-31,Poor Quality
RET001021,ORD029737,2024-09-01,Size Issue
RET001022,ORD018195,2025-03-01,Late Delivery
RET001023,ORD042356,2023-11-30,Late Delivery
RET001024,ORD020186,2024-02-29,Wrong Product
RET001025,ORD038611,2023-07-10,Poor Quality
RET001026,ORD022656,2025-09-30,Damaged Product
RET001027,ORD031786,2023-05-07,Wrong Product
RET001028,ORD036667,2023-02-01,Changed Mind
RET001029,ORD044905,2025-06-26,Wrong Product
RET001030,ORD006080,2025-07-15,Late Delivery
RET001031,ORD015556,2025-09-08,Damaged Product
RET001032,ORD048062,2024-01-19,Changed Mind
RET001033,ORD024408,2023-05-03,Poor Quality
RET001034,ORD044889,2023-03-14,Size Issue
RET001035,ORD006425,2023-01-29,Damaged Product
RET001036,ORD046203,2023-02-12,Size Issue
RET001037,ORD042285,2023-07-06,Poor Quality
RET001038,ORD045699,2023-03-24,Poor Quality
RET001039,ORD041461,2025-09-05,Wrong Product
RET001040,ORD028418,2023-05-04,Damaged Product
RET001041,ORD018151,2025-03-12,Damaged Product
RET001042,ORD030624,2024-07-31,Changed Mind
RET001043,ORD003151,2024-06-24,Size Issue
RET001044,ORD018185,2024-08-19,Wrong Product
RET001045,ORD026731,2024-05-13,Wrong Product
RET001046,ORD012515,2024-06-19,Changed Mind
RET001047,ORD036056,2024-06-07,Poor Quality
RET001048,ORD040833,2023-02-06,Poor Quality
RET001049,ORD034374,2024-03-10,Wrong Product
RET001050,ORD045453,2023-06-22,Poor Quality
RET001051,ORD034308,2025-11-07,Damaged Product
RET001052,ORD046162,2025-08-26,Damaged Product
RET001053,ORD037976,2023-03-23,Size Issue
RET001054,ORD021233,2025-09-13,Wrong Product
RET001055,ORD020327,2025-09-01,Wrong Product
RET001056,ORD027005,2023-04-17,Damaged Product
RET001057,ORD045594,2023-01-19,Wrong Product
RET001058,ORD025848,2025-01-21,Wrong Product
RET001059,ORD007440,2024-07-18,Size Issue
RET001060,ORD037341,2023-05-23,Late Delivery
RET001061,ORD010027,2025-07-08,Poor Quality
RET001062,ORD020966,2024-06-02,Late Delivery
RET001063,ORD007285,2026-01-09,Changed Mind
RET001064,ORD030275,2023-10-18,Late Delivery
RET001065,ORD049968,2024-03-13,Poor Quality
RET001066,ORD031159,2024-03-01,Poor Quality
RET001067,ORD015618,2023-08-26,Poor Quality
RET001068,ORD009619,2023-12-23,Late Delivery
RET001069,ORD028873,2023-10-31,Late Delivery
RET001070,ORD037268,2025-10-21,Poor Quality
RET001071,ORD018811,2024-06-01,Late Delivery
RET001072,ORD032954,2025-03-25,Wrong Product
RET001073,ORD029894,2025-08-01,Late Delivery
RET001074,ORD032505,2024-10-09,Damaged Product
RET001075,ORD027732,2025-05-09,Size Issue
RET001076,ORD031314,2023-11-21,Wrong Product
RET001077,ORD031845,2025-09-15,Damaged Product
RET001078,ORD004274,2023-05-07,Late Delivery
RET001079,ORD047404,2023-04-24,Wrong Product
RET001080,ORD023362,2023-02-15,Late Delivery
RET001081,ORD002323,2025-03-06,Size Issue
RET001082,ORD014973,2024-03-25,Late Delivery
RET001083,ORD016452,2026-01-15,Damaged Product
RET001084,ORD014546,2025-08-01,Changed Mind
RET001085,ORD019314,2023-11-08,Late Delivery
RET001086,ORD023671,2025-12-01,Poor Quality
RET001087,ORD037050,2024-09-19,Size Issue
RET001088,ORD045913,2024-12-09,Late Delivery
RET001089,ORD026320,2023-08-17,Poor Quality
RET001090,ORD033922,2024-09-15,Damaged Product
RET001091,ORD006323,2024-07-10,Late Delivery
RET001092,ORD000466,2023-05-14,Poor Quality
RET001093,ORD003254,2024-01-02,Damaged Product
RET001094,ORD010987,2023-08-11,Poor Quality
RET001095,ORD014751,2024-09-06,Damaged Product
RET001096,ORD014785,2025-09-02,Late Delivery
RET001097,ORD000565,2024-11-11,Size Issue
RET001098,ORD043127,2024-07-21,Poor Quality
RET001099,ORD012725,2024-01-18,Damaged Product
RET001100,ORD033808,2024-05-27,Damaged Product
RET001101,ORD007299,2023-03-04,Size Issue
RET001102,ORD025389,2025-04-11,Size Issue
RET001103,ORD019686,2024-11-29,Poor Quality
RET001104,ORD034489,2025-07-18,Changed Mind
RET001105,ORD037828,2024-12-11,Wrong Product
RET001106,ORD003594,2025-10-12,Changed Mind
RET001107,ORD012401,2025-10-19,Poor Quality
RET001108,ORD029940,2025-11-07,Wrong Product
RET001109,ORD024855,2023-01-11,Damaged Product
RET001110,ORD021776,2024-02-09,Changed Mind
RET001111,ORD038919,2024-02-23,Late Delivery
RET001112,ORD007526,2024-11-26,Late Delivery
RET001113,ORD008902,2025-11-08,Poor Quality
RET001114,ORD024779,2024-04-17,Size Issue
RET001115,ORD040304,2025-02-19,Damaged Product
RET001116,ORD039666,2023-12-13,Damaged Product
RET001117,ORD031513,2024-08-05,Damaged Product
RET001118,ORD026723,2025-04-04,Late Delivery
RET001119,ORD011905,2025-03-23,Damaged Product
RET001120,ORD032150,2023-06-22,Changed Mind
RET001121,ORD048832,2025-08-31,Changed Mind
RET001122,ORD021258,2025-04-18,Changed Mind
RET001123,ORD043773,2025-12-03,Poor Quality
RET001124,ORD042847,2024-11-28,Poor Quality
RET001125,ORD032749,2024-08-24,Poor Quality
RET001126,ORD034536,2025-10-27,Changed Mind
RET001127,ORD031921,2024-07-18,Size Issue
RET001128,ORD034537,2023-06-19,Changed Mind
RET001129,ORD009074,2023-09-18,Size Issue
RET001130,ORD002339,2023-02-18,Poor Quality
RET001131,ORD017027,2025-03-09,Size Issue
RET001132,ORD020215,2023-09-12,Late Delivery
RET001133,ORD010993,2026-01-12,Changed Mind
RET001134,ORD016340,2025-01-15,Late Delivery
RET001135,ORD049127,2024-11-21,Poor Quality
RET001136,ORD042628,2023-10-09,Poor Quality
RET001137,ORD043377,2024-06-18,Poor Quality
RET001138,ORD007271,2024-05-10,Changed Mind
RET001139,ORD026458,2024-12-29,Damaged Product
RET001140,ORD016282,2025-04-07,Size Issue
RET001141,ORD008727,2025-10-03,Poor Quality
RET001142,ORD024193,2024-01-30,Wrong Product
RET001143,ORD029728,2024-05-02,Poor Quality
RET001144,ORD001567,2023-10-16,Size Issue
RET001145,ORD043977,2025-07-21,Damaged Product
RET001146,ORD011754,2025-02-07,Poor Quality
RET001147,ORD037023,2023-08-18,Changed Mind
RET001148,ORD034921,2023-07-26,Late Delivery
RET001149,ORD013366,2023-07-16,Wrong Product
RET001150,ORD037399,2025-01-26,Size Issue
RET001151,ORD036169,2023-01-24,Late Delivery
RET001152,ORD012426,2025-05-15,Late Delivery
RET001153,ORD000645,2025-07-22,Size Issue
RET001154,ORD001040,2025-10-13,Late Delivery
RET001155,ORD028077,2023-07-11,Poor Quality
RET001156,ORD011215,2023-06-23,Damaged Product
RET001157,ORD000333,2024-05-26,Wrong Product
RET001158,ORD006484,2023-11-29,Wrong Product
RET001159,ORD045639,2025-10-12,Changed Mind
RET001160,ORD032733,2025-01-24,Wrong Product
RET001161,ORD008179,2023-07-03,Poor Quality
RET001162,ORD016759,2023-10-27,Wrong Product
RET001163,ORD047722,2023-04-25,Late Delivery
RET001164,ORD033288,2023-12-07,Poor Quality
RET001165,ORD045683,2025-09-09,Wrong Product
RET001166,ORD047934,2024-09-03,Changed Mind
RET001167,ORD035573,2023-06-05,Wrong Product
RET001168,ORD028810,2023-09-20,Changed Mind
RET001169,ORD020362,2023-03-18,Wrong Product
RET001170,ORD004450,2025-03-18,Late Delivery
RET001171,ORD047535,2024-09-27,Late Delivery
RET001172,ORD018204,2024-07-30,Damaged Product
RET001173,ORD018727,2023-04-26,Size Issue
RET001174,ORD028132,2025-10-12,Damaged Product
RET001175,ORD012916,2024-06-18,Wrong Product
RET001176,ORD046304,2025-04-26,Wrong Product
RET001177,ORD039062,2025-04-24,Changed Mind
RET001178,ORD015510,2023-12-15,Damaged Product
RET001179,ORD016422,2025-09-20,Late Delivery
RET001180,ORD002575,2025-11-19,Size Issue
RET001181,ORD038351,2025-12-03,Damaged Product
RET001182,ORD034003,2023-03-08,Poor Quality
RET001183,ORD010601,2026-01-01,Damaged Product
RET001184,ORD006937,2024-12-18,Late Delivery
RET001185,ORD034097,2024-12-26,Damaged Product
RET001186,ORD038823,2025-04-22,Late Delivery
RET001187,ORD030889,2024-06-16,Size Issue
RET001188,ORD001499,2023-07-11,Changed Mind
RET001189,ORD029446,2023-04-12,Damaged Product
RET001190,ORD029518,2023-10-04,Poor Quality
RET001191,ORD032132,2023-09-16,Late Delivery
RET001192,ORD031915,2025-12-12,Damaged Product
RET001193,ORD020538,2023-05-12,Size Issue
RET001194,ORD031680,2024-09-13,Wrong Product
RET001195,ORD028407,2025-01-25,Size Issue
RET001196,ORD049271,2024-08-25,Damaged Product
RET001197,ORD047069,2025-03-22,Wrong Product
RET001198,ORD028692,2023-08-29,Late Delivery
RET001199,ORD048330,2024-09-11,Changed Mind
RET001200,ORD041821,2023-11-22,Poor Quality
RET001201,ORD013535,2023-12-19,Damaged Product
RET001202,ORD035459,2024-05-16,Changed Mind
RET001203,ORD004860,2024-06-06,Late Delivery
RET001204,ORD030932,2023-12-22,Late Delivery
RET001205,ORD014075,2023-08-04,Changed Mind
RET001206,ORD039012,2024-08-15,Poor Quality
RET001207,ORD015445,2025-09-18,Changed Mind
RET001208,ORD042645,2024-07-27,Size Issue
RET001209,ORD042825,2023-04-04,Changed Mind
RET001210,ORD000485,2025-10-16,Changed Mind
RET001211,ORD040140,2025-03-11,Late Delivery
RET001212,ORD035249,2025-06-24,Poor Quality
RET001213,ORD047553,2025-01-09,Wrong Product
RET001214,ORD035752,2024-02-25,Poor Quality
RET001215,ORD031135,2024-08-07,Late Delivery
RET001216,ORD019233,2023-10-17,Poor Quality
RET001217,ORD014476,2024-01-17,Size Issue
RET001218,ORD029801,2024-07-10,Damaged Product
RET001219,ORD031802,2025-06-22,Poor Quality
RET001220,ORD024676,2025-02-16,Poor Quality
RET001221,ORD005237,2024-11-21,Poor Quality
RET001222,ORD028202,2024-05-25,Changed Mind
RET001223,ORD008043,2025-12-23,Late Delivery
RET001224,ORD003768,2025-08-16,Damaged Product
RET001225,ORD031210,2025-04-10,Late Delivery
RET001226,ORD022330,2024-08-25,Poor Quality
RET001227,ORD037278,2024-11-20,Damaged Product
RET001228,ORD029833,2025-06-03,Size Issue
RET001229,ORD007525,2025-12-11,Late Delivery
RET001230,ORD006808,2024-03-23,Wrong Product
RET001231,ORD011099,2025-10-15,Size Issue
RET001232,ORD004730,2025-07-31,Size Issue
RET001233,ORD006770,2024-06-12,Wrong Product
RET001234,ORD023258,2023-09-26,Wrong Product
RET001235,ORD009554,2024-04-07,Changed Mind
RET001236,ORD011911,2025-10-28,Damaged Product
RET001237,ORD025134,2024-09-27,Late Delivery
RET001238,ORD019367,2025-09-12,Late Delivery
RET001239,ORD016003,2024-11-28,Size Issue
RET001240,ORD001645,2024-07-10,Late Delivery
RET001241,ORD045781,2025-02-02,Wrong Product
RET001242,ORD020135,2023-05-22,Damaged Product
RET001243,ORD028822,2024-09-17,Size Issue
RET001244,ORD027637,2023-03-08,Late Delivery
RET001245,ORD040658,2023-12-03,Poor Quality
RET001246,ORD003280,2025-05-28,Damaged Product
RET001247,ORD043954,2024-08-15,Damaged Product
RET001248,ORD039538,2024-01-25,Changed Mind
RET001249,ORD044981,2024-07-21,Poor Quality
RET001250,ORD022666,2023-06-22,Damaged Product
RET001251,ORD008249,2025-01-27,Damaged Product
RET001252,ORD016167,2024-11-02,Poor Quality
RET001253,ORD031709,2025-04-14,Wrong Product
RET001254,ORD037418,2024-12-22,Changed Mind
RET001255,ORD038543,2025-09-27,Poor Quality
RET001256,ORD038706,2023-09-24,Changed Mind
RET001257,ORD040565,2024-03-17,Changed Mind
RET001258,ORD026085,2025-02-07,Changed Mind
RET001259,ORD017005,2025-05-09,Damaged Product
RET001260,ORD042437,2024-08-31,Size Issue
RET001261,ORD006706,2024-10-17,Wrong Product
RET001262,ORD010173,2023-09-25,Late Delivery
RET001263,ORD022086,2023-09-19,Damaged Product
RET001264,ORD048744,2025-04-26,Wrong Product
RET001265,ORD005153,2024-01-28,Poor Quality
RET001266,ORD013060,2023-06-06,Damaged Product
RET001267,ORD017722,2025-06-04,Changed Mind
RET001268,ORD042214,2024-05-05,Changed Mind
RET001269,ORD024802,2023-09-11,Damaged Product
RET001270,ORD020156,2024-02-13,Wrong Product
RET001271,ORD005147,2024-11-02,Late Delivery
RET001272,ORD032730,2023-05-26,Wrong Product
RET001273,ORD049253,2024-01-05,Wrong Product
RET001274,ORD049477,2023-07-27,Size Issue
RET001275,ORD039443,2025-10-31,Poor Quality
RET001276,ORD043121,2024-05-24,Wrong Product
RET001277,ORD018577,2025-10-09,Damaged Product
RET001278,ORD041585,2023-04-13,Late Delivery
RET001279,ORD035109,2025-03-26,Changed Mind
RET001280,ORD036718,2023-05-14,Wrong Product
RET001281,ORD020617,2024-05-07,Late Delivery
RET001282,ORD017769,2025-08-24,Size Issue
RET001283,ORD016398,2023-06-21,Damaged Product
RET001284,ORD001233,2023-07-21,Changed Mind
RET001285,ORD040280,2023-05-14,Size Issue
RET001286,ORD011070,2024-04-27,Size Issue
RET001287,ORD032394,2024-11-18,Damaged Product
RET001288,ORD009431,2024-02-13,Changed Mind
RET001289,ORD017864,2025-03-23,Changed Mind
RET001290,ORD034418,2025-01-13,Wrong Product
RET001291,ORD044845,2024-05-23,Late Delivery
RET001292,ORD027617,2023-10-01,Poor Quality
RET001293,ORD013035,2024-11-30,Late Delivery
RET001294,ORD001604,2025-11-15,Changed Mind
RET001295,ORD025037,2023-05-31,Wrong Product
RET001296,ORD043369,2023-07-17,Damaged Product
RET001297,ORD008538,2025-07-30,Late Delivery
RET001298,ORD028602,2024-07-03,Late Delivery
RET001299,ORD030645,2025-04-27,Changed Mind
RET001300,ORD037322,2023-12-29,Damaged Product
RET001301,ORD017285,2024-03-01,Late Delivery
RET001302,ORD008376,2023-01-16,Changed Mind
RET001303,ORD032583,2025-11-11,Late Delivery
RET001304,ORD049233,2024-08-17,Size Issue
RET001305,ORD015351,2024-10-15,Damaged Product
RET001306,ORD042886,2025-08-18,Changed Mind
RET001307,ORD033627,2024-05-22,Size Issue
RET001308,ORD001537,2024-06-03,Damaged Product
RET001309,ORD042912,2024-07-28,Size Issue
RET001310,ORD021191,2025-04-15,Changed Mind
RET001311,ORD001182,2025-01-31,Changed Mind
RET001312,ORD006584,2025-08-22,Late Delivery
RET001313,ORD011500,2025-04-26,Late Delivery
RET001314,ORD030781,2024-03-11,Wrong Product
RET001315,ORD010127,2024-04-23,Damaged Product
RET001316,ORD013023,2024-04-25,Damaged Product
RET001317,ORD034213,2024-01-14,Damaged Product
RET001318,ORD048908,2025-12-13,Wrong Product
RET001319,ORD021229,2024-06-19,Late Delivery
RET001320,ORD004456,2024-12-04,Changed Mind
RET001321,ORD008441,2023-05-16,Wrong Product
RET001322,ORD005713,2025-07-27,Wrong Product
RET001323,ORD027663,2023-08-11,Poor Quality
RET001324,ORD019825,2024-04-25,Changed Mind
RET001325,ORD031176,2025-08-14,Damaged Product
RET001326,ORD011710,2026-01-10,Poor Quality
RET001327,ORD015720,2024-05-16,Poor Quality
RET001328,ORD020476,2025-07-01,Changed Mind
RET001329,ORD018425,2023-06-30,Late Delivery
RET001330,ORD009550,2025-09-13,Late Delivery
RET001331,ORD043966,2024-06-01,Changed Mind
RET001332,ORD031207,2025-11-19,Late Delivery
RET001333,ORD012968,2025-10-08,Changed Mind
RET001334,ORD041471,2025-10-04,Wrong Product
RET001335,ORD046711,2023-12-26,Late Delivery
RET001336,ORD009294,2024-01-30,Late Delivery
RET001337,ORD038336,2023-12-12,Wrong Product
RET001338,ORD018615,2025-12-18,Damaged Product
RET001339,ORD038275,2023-05-14,Poor Quality
RET001340,ORD004520,2025-07-31,Wrong Product
RET001341,ORD022110,2024-07-13,Wrong Product
RET001342,ORD042243,2023-05-19,Late Delivery
RET001343,ORD018223,2024-05-14,Wrong Product
RET001344,ORD045396,2023-10-21,Poor Quality
RET001345,ORD004885,2023-03-26,Size Issue
RET001346,ORD004507,2023-03-07,Changed Mind
RET001347,ORD042664,2023-12-25,Size Issue
RET001348,ORD025812,2025-10-17,Wrong Product
RET001349,ORD011125,2025-02-16,Wrong Product
RET001350,ORD000665,2025-06-28,Damaged Product
RET001351,ORD019131,2025-03-28,Changed Mind
RET001352,ORD040411,2023-10-22,Wrong Product
RET001353,ORD018300,2023-06-19,Damaged Product
RET001354,ORD006685,2023-01-14,Size Issue
RET001355,ORD000502,2024-08-13,Changed Mind
RET001356,ORD028099,2025-03-31,Wrong Product
RET001357,ORD044872,2025-01-01,Damaged Product
RET001358,ORD032651,2023-10-20,Poor Quality
RET001359,ORD041289,2024-11-23,Wrong Product
RET001360,ORD033571,2025-03-23,Size Issue
RET001361,ORD031893,2024-08-06,Size Issue
RET001362,ORD049651,2023-09-13,Wrong Product
RET001363,ORD048952,2025-05-18,Late Delivery
RET001364,ORD018088,2024-03-05,Changed Mind
RET001365,ORD011179,2023-08-05,Late Delivery
RET001366,ORD019603,2025-06-13,Changed Mind
RET001367,ORD013252,2025-02-07,Changed Mind
RET001368,ORD016417,2023-08-10,Late Delivery
RET001369,ORD023207,2024-08-02,Poor Quality
RET001370,ORD039881,2025-03-24,Damaged Product
RET001371,ORD039376,2023-03-19,Changed Mind
RET001372,ORD011437,2023-09-02,Late Delivery
RET001373,ORD045270,2023-08-29,Wrong Product
RET001374,ORD029464,2024-09-30,Late Delivery
RET001375,ORD006737,2024-10-01,Size Issue
RET001376,ORD020687,2023-11-02,Wrong Product
RET001377,ORD017050,2024-08-29,Damaged Product
RET001378,ORD045512,2024-07-18,Wrong Product
RET001379,ORD004845,2024-11-12,Damaged Product
RET001380,ORD003273,2024-08-08,Changed Mind
RET001381,ORD032714,2025-11-02,Poor Quality
RET001382,ORD033178,2023-11-14,Late Delivery
RET001383,ORD049771,2024-12-22,Wrong Product
RET001384,ORD031808,2024-11-12,Damaged Product
RET001385,ORD033270,2025-05-16,Changed Mind
RET001386,ORD016096,2024-02-08,Wrong Product
RET001387,ORD008905,2025-10-07,Changed Mind
RET001388,ORD008407,2023-07-20,Damaged Product
RET001389,ORD005013,2024-06-19,Damaged Product
RET001390,ORD004244,2024-09-26,Changed Mind
RET001391,ORD015419,2025-11-26,Wrong Product
RET001392,ORD041124,2024-04-26,Changed Mind
RET001393,ORD029756,2023-02-01,Changed Mind
RET001394,ORD032164,2025-04-22,Changed Mind
RET001395,ORD031980,2025-10-16,Size Issue
RET001396,ORD036444,2025-05-15,Size Issue
RET001397,ORD016482,2025-09-12,Size Issue
RET001398,ORD001115,2024-01-26,Changed Mind
RET001399,ORD014876,2025-05-18,Changed Mind
RET001400,ORD006267,2025-07-31,Late Delivery
RET001401,ORD039209,2023-04-09,Wrong Product
RET001402,ORD032427,2024-02-03,Poor Quality
RET001403,ORD011918,2023-08-25,Wrong Product
RET001404,ORD023181,2023-08-28,Wrong Product
RET001405,ORD041354,2023-09-02,Poor Quality
RET001406,ORD035149,2024-06-24,Changed Mind
RET001407,ORD030573,2023-07-07,Late Delivery
RET001408,ORD047807,2024-02-21,Late Delivery
RET001409,ORD045286,2024-11-27,Damaged Product
RET001410,ORD042791,2025-11-22,Size Issue
RET001411,ORD020997,2024-06-10,Poor Quality
RET001412,ORD034299,2024-12-15,Size Issue
RET001413,ORD022049,2025-04-24,Poor Quality
RET001414,ORD002529,2023-11-17,Wrong Product
RET001415,ORD030519,2023-11-07,Late Delivery
RET001416,ORD029541,2025-10-13,Damaged Product
RET001417,ORD027441,2025-11-05,Poor Quality
RET001418,ORD043855,2023-05-12,Wrong Product
RET001419,ORD026939,2024-02-14,Size Issue
RET001420,ORD002985,2024-02-03,Size Issue
RET001421,ORD014774,2024-08-15,Size Issue
RET001422,ORD027928,2023-12-29,Poor Quality
RET001423,ORD022426,2023-09-28,Wrong Product
RET001424,ORD026390,2023-10-16,Size Issue
RET001425,ORD042169,2023-01-28,Late Delivery
RET001426,ORD045903,2024-02-17,Damaged Product
RET001427,ORD019186,2023-06-05,Poor Quality
RET001428,ORD018987,2024-04-06,Damaged Product
RET001429,ORD029621,2023-07-06,Changed Mind
RET001430,ORD020561,2023-05-27,Size Issue
RET001431,ORD035150,2025-03-15,Poor Quality
RET001432,ORD024235,2023-12-15,Damaged Product
RET001433,ORD015434,2024-10-21,Changed Mind
RET001434,ORD002864,2023-06-16,Changed Mind
RET001435,ORD023220,2025-05-03,Damaged Product
RET001436,ORD016663,2023-04-29,Changed Mind
RET001437,ORD015768,2023-01-26,Damaged Product
RET001438,ORD014479,2024-06-25,Size Issue
RET001439,ORD009956,2025-03-13,Wrong Product
RET001440,ORD031403,2023-06-07,Late Delivery
RET001441,ORD021050,2025-09-07,Wrong Product
RET001442,ORD034970,2024-12-22,Wrong Product
RET001443,ORD024269,2023-04-01,Poor Quality
RET001444,ORD023205,2023-08-01,Damaged Product
RET001445,ORD003378,2023-10-20,Damaged Product
RET001446,ORD001600,2025-02-22,Changed Mind
RET001447,ORD000477,2023-11-25,Wrong Product
RET001448,ORD010799,2025-04-14,Wrong Product
RET001449,ORD008640,2025-11-11,Late Delivery
RET001450,ORD022143,2025-07-11,Late Delivery
RET001451,ORD022183,2024-12-01,Changed Mind
RET001452,ORD009933,2025-09-13,Wrong Product
RET001453,ORD021047,2023-04-04,Poor Quality
RET001454,ORD045443,2023-04-10,Size Issue
RET001455,ORD036232,2024-07-13,Size Issue
RET001456,ORD043953,2025-02-28,Size Issue
RET001457,ORD038327,2024-06-05,Damaged Product
RET001458,ORD038593,2023-06-28,Late Delivery
RET001459,ORD017782,2023-10-13,Poor Quality
RET001460,ORD029876,2024-01-14,Damaged Product
RET001461,ORD031071,2023-07-15,Changed Mind
RET001462,ORD022257,2024-09-17,Changed Mind
RET001463,ORD009460,2023-11-08,Wrong Product
RET001464,ORD010666,2023-02-15,Wrong Product
RET001465,ORD008332,2025-10-11,Changed Mind
RET001466,ORD025866,2024-05-02,Wrong Product
RET001467,ORD048002,2023-01-21,Size Issue
RET001468,ORD017555,2023-06-29,Wrong Product
RET001469,ORD038887,2025-12-14,Changed Mind
RET001470,ORD028591,2023-11-30,Size Issue
RET001471,ORD015303,2025-08-01,Late Delivery
RET001472,ORD027981,2024-01-30,Poor Quality
RET001473,ORD019594,2025-06-09,Late Delivery
RET001474,ORD011840,2025-02-22,Wrong Product
RET001475,ORD019063,2026-01-07,Late Delivery
RET001476,ORD026701,2023-03-07,Damaged Product
RET001477,ORD039869,2023-01-20,Poor Quality
RET001478,ORD018827,2025-05-24,Late Delivery
RET001479,ORD044783,2023-03-08,Changed Mind
RET001480,ORD013474,2023-02-22,Late Delivery
RET001481,ORD001812,2025-02-23,Size Issue
RET001482,ORD005577,2025-05-07,Wrong Product
RET001483,ORD013605,2025-12-30,Size Issue
RET001484,ORD045815,2025-11-12,Poor Quality
RET001485,ORD019288,2025-02-17,Size Issue
RET001486,ORD045445,2024-09-17,Changed Mind
RET001487,ORD002214,2025-03-15,Size Issue
RET001488,ORD027631,2025-12-29,Changed Mind
RET001489,ORD043905,2023-03-29,Changed Mind
RET001490,ORD030732,2023-08-14,Damaged Product
RET001491,ORD021256,2023-05-21,Damaged Product
RET001492,ORD022983,2023-02-24,Wrong Product
RET001493,ORD016040,2024-12-07,Poor Quality
RET001494,ORD002673,2023-10-13,Poor Quality
RET001495,ORD029364,2024-04-24,Changed Mind
RET001496,ORD002609,2025-04-21,Size Issue
RET001497,ORD020497,2025-08-12,Changed Mind
RET001498,ORD047609,2025-12-02,Wrong Product
RET001499,ORD005160,2025-10-09,Changed Mind
RET001500,ORD039382,2024-04-17,Damaged Product
RET001501,ORD035577,2025-02-27,Late Delivery
RET001502,ORD034235,2025-08-03,Changed Mind
RET001503,ORD032778,2023-02-21,Late Delivery
RET001504,ORD011402,2024-05-28,Poor Quality
RET001505,ORD010505,2024-07-06,Wrong Product
RET001506,ORD033527,2024-09-29,Damaged Product
RET001507,ORD041590,2025-09-13,Late Delivery
RET001508,ORD005755,2023-12-15,Changed Mind
RET001509,ORD044771,2024-07-27,Late Delivery
RET001510,ORD022012,2024-07-15,Late Delivery
RET001511,ORD045389,2023-01-22,Poor Quality
RET001512,ORD020938,2024-02-02,Size Issue
RET001513,ORD021935,2023-09-01,Late Delivery
RET001514,ORD008035,2025-04-14,Size Issue
RET001515,ORD007127,2024-07-17,Late Delivery
RET001516,ORD047616,2025-09-24,Damaged Product
RET001517,ORD047791,2024-05-02,Poor Quality
RET001518,ORD046123,2025-09-26,Wrong Product
RET001519,ORD035847,2023-05-31,Size Issue
RET001520,ORD034583,2023-07-06,Changed Mind
RET001521,ORD013083,2023-03-26,Damaged Product
RET001522,ORD040647,2023-07-04,Size Issue
RET001523,ORD021906,2025-02-26,Late Delivery
RET001524,ORD025239,2025-03-15,Size Issue
RET001525,ORD035976,2025-02-17,Late Delivery
RET001526,ORD006497,2024-12-02,Size Issue
RET001527,ORD043694,2024-07-03,Poor Quality
RET001528,ORD033525,2025-04-24,Poor Quality
RET001529,ORD020702,2024-10-10,Size Issue
RET001530,ORD013313,2023-07-06,Wrong Product
RET001531,ORD010037,2023-07-27,Late Delivery
RET001532,ORD014165,2023-05-01,Late Delivery
RET001533,ORD031155,2023-02-25,Late Delivery
RET001534,ORD024949,2024-05-14,Late Delivery
RET001535,ORD035309,2024-08-10,Changed Mind
RET001536,ORD047764,2024-01-06,Damaged Product
RET001537,ORD032908,2023-02-14,Poor Quality
RET001538,ORD045610,2025-04-17,Wrong Product
RET001539,ORD005254,2023-10-13,Wrong Product
RET001540,ORD019105,2024-03-24,Damaged Product
RET001541,ORD032806,2023-11-15,Damaged Product
RET001542,ORD040517,2024-12-24,Wrong Product
RET001543,ORD003883,2025-01-12,Late Delivery
RET001544,ORD022989,2024-07-22,Damaged Product
RET001545,ORD031225,2024-05-13,Wrong Product
RET001546,ORD003419,2023-11-08,Changed Mind
RET001547,ORD038930,2024-02-25,Poor Quality
RET001548,ORD023542,2023-04-05,Changed Mind
RET001549,ORD026355,2023-09-02,Wrong Product
RET001550,ORD019772,2023-12-18,Late Delivery
RET001551,ORD010190,2025-07-02,Poor Quality
RET001552,ORD044563,2024-08-05,Damaged Product
RET001553,ORD044561,2023-09-13,Late Delivery
RET001554,ORD044945,2025-01-29,Wrong Product
RET001555,ORD005196,2023-02-12,Wrong Product
RET001556,ORD037256,2025-05-08,Late Delivery
RET001557,ORD031611,2025-10-10,Size Issue
RET001558,ORD002192,2023-12-12,Changed Mind
RET001559,ORD031040,2023-02-10,Poor Quality
RET001560,ORD046777,2025-12-25,Damaged Product
RET001561,ORD007786,2025-12-19,Late Delivery
RET001562,ORD046173,2025-01-31,Size Issue
RET001563,ORD042979,2023-09-05,Size Issue
RET001564,ORD048127,2023-06-18,Changed Mind
RET001565,ORD003155,2024-12-05,Changed Mind
RET001566,ORD022796,2023-11-11,Late Delivery
RET001567,ORD029896,2025-06-21,Changed Mind
RET001568,ORD016913,2023-05-27,Wrong Product
RET001569,ORD041043,2025-01-25,Late Delivery
RET001570,ORD042716,2025-08-18,Wrong Product
RET001571,ORD007442,2023-11-10,Damaged Product
RET001572,ORD012849,2024-03-04,Late Delivery
RET001573,ORD012620,2025-02-15,Late Delivery
RET001574,ORD019747,2024-07-15,Damaged Product
RET001575,ORD001423,2024-08-03,Poor Quality
RET001576,ORD026895,2025-10-09,Changed Mind
RET001577,ORD006066,2025-04-27,Damaged Product
RET001578,ORD037617,2025-07-21,Damaged Product
RET001579,ORD037029,2025-06-04,Size Issue
RET001580,ORD043198,2024-11-02,Changed Mind
RET001581,ORD029229,2025-06-24,Damaged Product
RET001582,ORD029836,2024-09-26,Poor Quality
RET001583,ORD022686,2024-05-06,Damaged Product
RET001584,ORD022342,2024-09-10,Poor Quality
RET001585,ORD045714,2025-07-16,Wrong Product
RET001586,ORD034760,2023-04-03,Size Issue
RET001587,ORD005216,2025-07-07,Damaged Product
RET001588,ORD048813,2025-09-08,Poor Quality
RET001589,ORD044918,2024-12-02,Changed Mind
RET001590,ORD039365,2025-08-23,Changed Mind
RET001591,ORD047379,2025-03-15,Size Issue
RET001592,ORD002900,2024-10-02,Poor Quality
RET001593,ORD013308,2025-04-03,Wrong Product
RET001594,ORD018862,2025-05-02,Poor Quality
RET001595,ORD014161,2023-06-05,Size Issue
RET001596,ORD015154,2024-02-01,Changed Mind
RET001597,ORD002562,2023-02-07,Late Delivery
RET001598,ORD007309,2023-10-28,Wrong Product
RET001599,ORD019224,2023-09-12,Wrong Product
RET001600,ORD039544,2024-01-30,Poor Quality
RET001601,ORD033681,2024-04-08,Damaged Product
RET001602,ORD039098,2024-01-24,Changed Mind
RET001603,ORD044841,2025-04-16,Poor Quality
RET001604,ORD044615,2024-01-14,Changed Mind
RET001605,ORD027192,2024-10-09,Damaged Product
RET001606,ORD017477,2026-01-01,Changed Mind
RET001607,ORD014804,2024-04-19,Late Delivery
RET001608,ORD026838,2023-02-03,Damaged Product
RET001609,ORD010263,2023-08-17,Changed Mind
RET001610,ORD044191,2025-04-25,Size Issue
RET001611,ORD043279,2023-06-01,Poor Quality
RET001612,ORD030949,2023-07-20,Poor Quality
RET001613,ORD042990,2025-12-31,Size Issue
RET001614,ORD019710,2024-01-15,Wrong Product
RET001615,ORD028469,2023-02-07,Size Issue
RET001616,ORD000544,2023-10-02,Damaged Product
RET001617,ORD023823,2025-07-07,Changed Mind
RET001618,ORD028067,2024-02-12,Size Issue
RET001619,ORD034416,2024-05-16,Wrong Product
RET001620,ORD039628,2023-12-04,Poor Quality
RET001621,ORD001164,2024-03-03,Poor Quality
RET001622,ORD029747,2024-10-18,Damaged Product
RET001623,ORD002211,2023-08-05,Size Issue
RET001624,ORD023002,2025-04-18,Size Issue
RET001625,ORD032301,2023-10-29,Late Delivery
RET001626,ORD046321,2025-02-03,Poor Quality
RET001627,ORD028828,2024-11-17,Size Issue
RET001628,ORD044405,2023-08-18,Late Delivery
RET001629,ORD018199,2025-06-07,Damaged Product
RET001630,ORD001902,2024-12-20,Poor Quality
RET001631,ORD037461,2025-09-14,Wrong Product
RET001632,ORD017693,2023-04-22,Wrong Product
RET001633,ORD028201,2024-01-01,Wrong Product
RET001634,ORD024783,2023-10-19,Late Delivery
RET001635,ORD028969,2024-09-08,Late Delivery
RET001636,ORD038889,2025-05-07,Late Delivery
RET001637,ORD035969,2025-04-02,Changed Mind
RET001638,ORD030876,2024-05-10,Changed Mind
RET001639,ORD038949,2023-04-07,Poor Quality
RET001640,ORD015360,2025-10-17,Late Delivery
RET001641,ORD042752,2025-04-14,Poor Quality
RET001642,ORD044470,2025-08-16,Wrong Product
RET001643,ORD019715,2024-06-27,Size Issue
RET001644,ORD011608,2025-05-09,Poor Quality
RET001645,ORD036168,2023-05-27,Changed Mind
RET001646,ORD035572,2025-10-15,Poor Quality
RET001647,ORD030442,2023-08-13,Damaged Product
RET001648,ORD039647,2024-10-30,Damaged Product
RET001649,ORD045247,2024-04-20,Poor Quality
RET001650,ORD010435,2024-01-07,Damaged Product
RET001651,ORD045592,2024-10-28,Size Issue
RET001652,ORD033541,2025-08-22,Size Issue
RET001653,ORD004163,2023-11-15,Changed Mind
RET001654,ORD024262,2025-08-14,Size Issue
RET001655,ORD027619,2025-11-09,Damaged Product
RET001656,ORD017467,2025-12-25,Size Issue
RET001657,ORD002442,2023-09-26,Changed Mind
RET001658,ORD006212,2024-09-28,Size Issue
RET001659,ORD016369,2023-12-07,Damaged Product
RET001660,ORD006897,2024-10-30,Size Issue
RET001661,ORD027591,2024-06-05,Damaged Product
RET001662,ORD027722,2023-10-14,Changed Mind
RET001663,ORD006401,2024-04-28,Wrong Product
RET001664,ORD046283,2024-03-24,Size Issue
RET001665,ORD030128,2024-11-09,Late Delivery
RET001666,ORD019028,2023-04-04,Poor Quality
RET001667,ORD033822,2024-02-26,Changed Mind
RET001668,ORD032757,2023-10-13,Poor Quality
RET001669,ORD047478,2024-01-09,Wrong Product
RET001670,ORD031633,2023-06-20,Poor Quality
RET001671,ORD018559,2024-09-11,Damaged Product
RET001672,ORD016626,2023-04-23,Changed Mind
RET001673,ORD017532,2025-04-05,Late Delivery
RET001674,ORD037648,2024-09-23,Poor Quality
RET001675,ORD033396,2025-04-10,Poor Quality
RET001676,ORD017828,2024-12-06,Damaged Product
RET001677,ORD014428,2025-06-12,Poor Quality
RET001678,ORD001006,2025-08-02,Poor Quality
RET001679,ORD005489,2025-08-13,Changed Mind
RET001680,ORD045616,2024-03-29,Wrong Product
RET001681,ORD017407,2024-07-07,Late Delivery
RET001682,ORD000455,2024-01-04,Late Delivery
RET001683,ORD004245,2023-06-05,Damaged Product
RET001684,ORD039506,2025-09-08,Size Issue
RET001685,ORD043384,2025-07-05,Damaged Product
RET001686,ORD034293,2025-02-02,Damaged Product
RET001687,ORD041414,2023-08-21,Wrong Product
RET001688,ORD044592,2023-01-26,Changed Mind
RET001689,ORD031954,2024-06-30,Late Delivery
RET001690,ORD029981,2023-11-05,Poor Quality
RET001691,ORD009392,2023-10-15,Poor Quality
RET001692,ORD022339,2023-04-27,Damaged Product
RET001693,ORD011709,2023-09-24,Damaged Product
RET001694,ORD012967,2025-02-18,Wrong Product
RET001695,ORD045665,2025-04-18,Changed Mind
RET001696,ORD012825,2024-05-21,Changed Mind
RET001697,ORD029862,2024-05-23,Size Issue
RET001698,ORD036408,2024-08-12,Damaged Product
RET001699,ORD019205,2025-05-02,Size Issue
RET001700,ORD007777,2024-12-10,Poor Quality
RET001701,ORD035973,2023-02-26,Poor Quality
RET001702,ORD046216,2024-01-24,Changed Mind
RET001703,ORD026543,2023-10-14,Size Issue
RET001704,ORD026717,2025-12-24,Late Delivery
RET001705,ORD041854,2023-09-05,Late Delivery
RET001706,ORD015470,2026-01-06,Changed Mind
RET001707,ORD027056,2026-01-12,Late Delivery
RET001708,ORD011063,2023-01-24,Late Delivery
RET001709,ORD012111,2024-11-03,Late Delivery
RET001710,ORD014519,2024-02-13,Damaged Product
RET001711,ORD037533,2023-12-26,Changed Mind
RET001712,ORD033613,2023-12-23,Changed Mind
RET001713,ORD013434,2023-05-09,Wrong Product
RET001714,ORD003054,2024-12-05,Size Issue
RET001715,ORD017453,2025-03-05,Wrong Product
RET001716,ORD027506,2024-08-09,Late Delivery
RET001717,ORD048931,2023-05-12,Poor Quality
RET001718,ORD020001,2024-05-06,Wrong Product
RET001719,ORD039080,2023-12-06,Late Delivery
RET001720,ORD009274,2023-12-18,Damaged Product
RET001721,ORD010135,2024-10-08,Changed Mind
RET001722,ORD002983,2025-09-08,Poor Quality
RET001723,ORD031600,2024-05-31,Late Delivery
RET001724,ORD047438,2024-01-28,Damaged Product
RET001725,ORD040224,2023-03-27,Wrong Product
RET001726,ORD005771,2023-11-16,Damaged Product
RET001727,ORD034871,2023-10-20,Poor Quality
RET001728,ORD029000,2023-10-16,Poor Quality
RET001729,ORD016321,2024-05-30,Size Issue
RET001730,ORD038545,2025-04-12,Changed Mind
RET001731,ORD014816,2025-02-28,Late Delivery
RET001732,ORD017963,2025-09-15,Damaged Product
RET001733,ORD023648,2025-06-14,Size Issue
RET001734,ORD008480,2023-11-05,Late Delivery
RET001735,ORD022896,2023-05-26,Late Delivery
RET001736,ORD018854,2024-07-05,Late Delivery
RET001737,ORD039475,2023-03-24,Late Delivery
RET001738,ORD009354,2023-09-24,Wrong Product
RET001739,ORD025043,2024-02-01,Size Issue
RET001740,ORD046016,2023-06-12,Wrong Product
RET001741,ORD002758,2024-02-11,Late Delivery
RET001742,ORD012215,2024-03-10,Damaged Product
RET001743,ORD023492,2024-11-17,Wrong Product
RET001744,ORD028028,2025-07-31,Late Delivery
RET001745,ORD004129,2023-12-26,Size Issue
RET001746,ORD030612,2025-09-10,Size Issue
RET001747,ORD007916,2025-11-26,Late Delivery
RET001748,ORD027688,2023-03-30,Late Delivery
RET001749,ORD025573,2024-04-15,Damaged Product
RET001750,ORD002183,2024-11-17,Late Delivery
RET001751,ORD029966,2025-11-14,Wrong Product
RET001752,ORD026217,2024-01-22,Late Delivery
RET001753,ORD004823,2023-05-28,Size Issue
RET001754,ORD002111,2025-05-22,Changed Mind
RET001755,ORD020932,2024-04-27,Changed Mind
RET001756,ORD025271,2024-02-14,Damaged Product
RET001757,ORD000177,2025-12-03,Late Delivery
RET001758,ORD005684,2024-06-29,Wrong Product
RET001759,ORD047938,2024-03-08,Size Issue
RET001760,ORD032859,2024-10-27,Wrong Product
RET001761,ORD028222,2024-05-04,Damaged Product
RET001762,ORD028531,2025-12-11,Wrong Product
RET001763,ORD015850,2024-03-01,Wrong Product
RET001764,ORD023745,2023-01-29,Damaged Product
RET001765,ORD043284,2024-10-30,Wrong Product
RET001766,ORD020614,2025-12-11,Damaged Product
RET001767,ORD027820,2024-01-06,Poor Quality
RET001768,ORD038873,2023-10-04,Poor Quality
RET001769,ORD027588,2023-09-22,Wrong Product
RET001770,ORD041890,2025-06-15,Late Delivery
RET001771,ORD023873,2024-09-20,Wrong Product
RET001772,ORD010916,2025-04-19,Wrong Product
RET001773,ORD022990,2024-06-26,Poor Quality
RET001774,ORD047402,2024-11-24,Poor Quality
RET001775,ORD020375,2025-02-02,Damaged Product
RET001776,ORD024684,2025-08-13,Poor Quality
RET001777,ORD008054,2024-12-11,Wrong Product
RET001778,ORD001742,2023-04-06,Size Issue
RET001779,ORD025117,2023-06-06,Damaged Product
RET001780,ORD024185,2025-08-29,Wrong Product
RET001781,ORD013632,2023-12-29,Changed Mind
RET001782,ORD004304,2024-07-05,Poor Quality
RET001783,ORD021988,2025-04-21,Size Issue
RET001784,ORD035720,2024-05-12,Damaged Product
RET001785,ORD023461,2024-05-03,Changed Mind
RET001786,ORD010445,2025-09-13,Late Delivery
RET001787,ORD042407,2024-02-14,Size Issue
RET001788,ORD015710,2025-03-24,Damaged Product
RET001789,ORD033010,2023-11-06,Damaged Product
RET001790,ORD010280,2024-03-13,Changed Mind
RET001791,ORD020946,2025-04-08,Damaged Product
RET001792,ORD005654,2025-06-09,Late Delivery
RET001793,ORD004817,2024-12-04,Wrong Product
RET001794,ORD036891,2024-02-26,Late Delivery
RET001795,ORD039174,2023-07-02,Wrong Product
RET001796,ORD015057,2025-02-03,Wrong Product
RET001797,ORD013944,2023-12-09,Poor Quality
RET001798,ORD021682,2025-05-14,Poor Quality
RET001799,ORD035500,2023-04-01,Late Delivery
RET001800,ORD011029,2024-10-12,Poor Quality
RET001801,ORD004449,2023-11-04,Late Delivery
RET001802,ORD039839,2025-03-18,Damaged Product
RET001803,ORD042197,2023-12-09,Changed Mind
RET001804,ORD032526,2025-11-25,Poor Quality
RET001805,ORD030353,2025-04-09,Damaged Product
RET001806,ORD027615,2024-03-17,Wrong Product
RET001807,ORD020950,2024-05-12,Changed Mind
RET001808,ORD045485,2023-02-24,Poor Quality
RET001809,ORD038588,2025-09-30,Wrong Product
RET001810,ORD017250,2023-12-18,Wrong Product
RET001811,ORD003432,2024-03-06,Poor Quality
RET001812,ORD046131,2023-11-08,Size Issue
RET001813,ORD001793,2023-11-16,Size Issue
RET001814,ORD004866,2025-06-11,Wrong Product
RET001815,ORD027416,2023-10-01,Wrong Product
RET001816,ORD017915,2024-05-08,Size Issue
RET001817,ORD037333,2023-10-03,Poor Quality
RET001818,ORD007593,2025-10-31,Poor Quality
RET001819,ORD047135,2025-10-29,Poor Quality
RET001820,ORD044991,2025-04-19,Wrong Product
RET001821,ORD040269,2024-03-21,Damaged Product
RET001822,ORD005170,2023-02-06,Size Issue
RET001823,ORD035152,2023-09-10,Wrong Product
RET001824,ORD046636,2023-06-23,Size Issue
RET001825,ORD032958,2024-04-10,Size Issue
RET001826,ORD040262,2025-09-10,Damaged Product
RET001827,ORD011808,2025-06-11,Changed Mind
RET001828,ORD042049,2024-07-09,Changed Mind
RET001829,ORD002711,2023-03-06,Changed Mind
RET001830,ORD012884,2023-01-21,Wrong Product
RET001831,ORD046276,2024-06-22,Poor Quality
RET001832,ORD044109,2023-10-03,Poor Quality
RET001833,ORD005228,2023-09-05,Wrong Product
RET001834,ORD034402,2023-12-31,Poor Quality
RET001835,ORD046087,2024-01-01,Late Delivery
RET001836,ORD005187,2023-10-16,Wrong Product
RET001837,ORD013710,2025-08-20,Late Delivery
RET001838,ORD018173,2025-05-08,Wrong Product
RET001839,ORD039230,2023-08-08,Size Issue
RET001840,ORD002580,2024-04-02,Damaged Product
RET001841,ORD035601,2025-08-31,Wrong Product
RET001842,ORD038533,2024-04-23,Poor Quality
RET001843,ORD029485,2024-09-23,Damaged Product
RET001844,ORD025443,2025-10-13,Poor Quality
RET001845,ORD046698,2024-01-04,Size Issue
RET001846,ORD001585,2023-11-30,Damaged Product
RET001847,ORD047460,2023-06-20,Changed Mind
RET001848,ORD018330,2024-03-02,Late Delivery
RET001849,ORD008189,2023-03-08,Late Delivery
RET001850,ORD008932,2025-02-02,Poor Quality
RET001851,ORD033141,2025-09-26,Damaged Product
RET001852,ORD021589,2024-07-08,Size Issue
RET001853,ORD030814,2024-11-23,Size Issue
RET001854,ORD045261,2024-06-19,Late Delivery
RET001855,ORD004868,2025-07-15,Poor Quality
RET001856,ORD009101,2023-05-07,Damaged Product
RET001857,ORD021007,2025-10-02,Poor Quality
RET001858,ORD042996,2025-01-24,Late Delivery
RET001859,ORD028564,2023-08-06,Damaged Product
RET001860,ORD041966,2024-02-14,Wrong Product
RET001861,ORD021029,2024-12-21,Changed Mind
RET001862,ORD021398,2025-10-13,Size Issue
RET001863,ORD030759,2023-07-28,Damaged Product
RET001864,ORD026870,2025-08-13,Size Issue
RET001865,ORD001705,2025-01-21,Poor Quality
RET001866,ORD041474,2025-09-15,Damaged Product
RET001867,ORD049579,2025-05-12,Late Delivery
RET001868,ORD047743,2024-01-11,Size Issue
RET001869,ORD011569,2025-10-16,Damaged Product
RET001870,ORD031449,2023-06-06,Damaged Product
RET001871,ORD030879,2023-09-02,Wrong Product
RET001872,ORD034155,2023-04-20,Late Delivery
RET001873,ORD008408,2024-02-08,Poor Quality
RET001874,ORD045877,2024-04-07,Damaged Product
RET001875,ORD010017,2023-05-30,Size Issue
RET001876,ORD011045,2024-05-14,Damaged Product
RET001877,ORD028438,2025-02-28,Wrong Product
RET001878,ORD027225,2024-11-03,Changed Mind
RET001879,ORD025454,2023-02-03,Changed Mind
RET001880,ORD004422,2025-10-04,Damaged Product
RET001881,ORD001277,2024-09-20,Poor Quality
RET001882,ORD027244,2024-04-08,Changed Mind
RET001883,ORD000331,2025-09-05,Wrong Product
RET001884,ORD020295,2025-10-12,Wrong Product
RET001885,ORD002433,2025-06-20,Damaged Product
RET001886,ORD006348,2023-10-05,Damaged Product
RET001887,ORD031810,2024-07-24,Late Delivery
RET001888,ORD023469,2024-02-17,Changed Mind
RET001889,ORD017392,2024-04-11,Size Issue
RET001890,ORD036045,2023-08-11,Changed Mind
RET001891,ORD039581,2023-10-13,Wrong Product
RET001892,ORD020256,2025-11-06,Changed Mind
RET001893,ORD026720,2025-08-14,Late Delivery
RET001894,ORD009726,2025-12-24,Damaged Product
RET001895,ORD042726,2023-02-01,Late Delivery
RET001896,ORD014846,2023-02-07,Late Delivery
RET001897,ORD004884,2023-10-20,Changed Mind
RET001898,ORD040466,2025-07-07,Late Delivery
RET001899,ORD041337,2024-04-09,Damaged Product
RET001900,ORD009799,2023-04-16,Wrong Product
RET001901,ORD016430,2024-09-12,Poor Quality
RET001902,ORD004265,2024-04-29,Poor Quality
RET001903,ORD028502,2025-03-04,Size Issue
RET001904,ORD048837,2023-05-15,Poor Quality
RET001905,ORD019786,2024-08-03,Size Issue
RET001906,ORD015632,2025-12-21,Wrong Product
RET001907,ORD011902,2024-01-16,Size Issue
RET001908,ORD016113,2025-03-13,Late Delivery
RET001909,ORD003716,2025-11-20,Changed Mind
RET001910,ORD043726,2025-01-16,Changed Mind
RET001911,ORD001181,2023-02-11,Wrong Product
RET001912,ORD006068,2024-04-05,Changed Mind
RET001913,ORD036254,2024-04-28,Changed Mind
RET001914,ORD041884,2026-01-14,Late Delivery
RET001915,ORD000950,2024-12-01,Wrong Product
RET001916,ORD036503,2024-10-02,Changed Mind
RET001917,ORD008201,2023-06-07,Wrong Product
RET001918,ORD049181,2025-02-10,Size Issue
RET001919,ORD048905,2023-12-15,Size Issue
RET001920,ORD048862,2025-07-02,Late Delivery
RET001921,ORD042700,2025-03-20,Late Delivery
RET001922,ORD044391,2024-09-25,Wrong Product
RET001923,ORD012147,2023-10-22,Changed Mind
RET001924,ORD029209,2023-11-22,Wrong Product
RET001925,ORD037982,2025-01-11,Poor Quality
RET001926,ORD020970,2024-01-12,Changed Mind
RET001927,ORD007991,2024-12-01,Damaged Product
RET001928,ORD004673,2024-03-31,Changed Mind
RET001929,ORD004460,2023-02-24,Poor Quality
RET001930,ORD025594,2024-06-06,Damaged Product
RET001931,ORD011114,2023-01-30,Damaged Product
RET001932,ORD034681,2023-09-09,Poor Quality
RET001933,ORD015869,2023-05-10,Damaged Product
RET001934,ORD031414,2024-03-20,Damaged Product
RET001935,ORD013621,2023-08-24,Wrong Product
RET001936,ORD004156,2025-08-22,Changed Mind
RET001937,ORD027885,2024-09-13,Size Issue
RET001938,ORD016930,2025-06-29,Changed Mind
RET001939,ORD026670,2025-10-26,Wrong Product
RET001940,ORD046227,2024-05-15,Wrong Product
RET001941,ORD029243,2024-04-17,Late Delivery
RET001942,ORD027540,2025-06-24,Damaged Product
RET001943,ORD025150,2024-11-11,Damaged Product
RET001944,ORD020795,2025-06-12,Poor Quality
RET001945,ORD018685,2023-02-15,Wrong Product
RET001946,ORD044362,2024-06-15,Poor Quality
RET001947,ORD013327,2023-02-20,Changed Mind
RET001948,ORD034830,2023-12-26,Changed Mind
RET001949,ORD029953,2023-02-22,Changed Mind
RET001950,ORD022772,2023-08-03,Poor Quality
RET001951,ORD016948,2023-10-09,Size Issue
RET001952,ORD007709,2023-11-18,Wrong Product
RET001953,ORD021156,2025-02-03,Size Issue
RET001954,ORD002361,2024-11-03,Wrong Product
RET001955,ORD049376,2023-09-10,Poor Quality
RET001956,ORD033642,2023-03-08,Late Delivery
RET001957,ORD034695,2025-07-13,Wrong Product
RET001958,ORD049724,2025-04-07,Changed Mind
RET001959,ORD036526,2023-08-09,Size Issue
RET001960,ORD012007,2025-01-23,Size Issue
RET001961,ORD031490,2024-11-15,Poor Quality
RET001962,ORD039708,2025-08-09,Size Issue
RET001963,ORD017009,2024-08-01,Poor Quality
RET001964,ORD026176,2025-10-03,Changed Mind
RET001965,ORD030834,2023-07-27,Size Issue
RET001966,ORD021445,2024-09-30,Size Issue
RET001967,ORD043180,2023-03-18,Damaged Product
RET001968,ORD029988,2025-02-17,Damaged Product
RET001969,ORD030722,2025-10-26,Damaged Product
RET001970,ORD024788,2024-08-30,Size Issue
RET001971,ORD044492,2024-08-20,Changed Mind
RET001972,ORD044779,2025-02-09,Changed Mind
RET001973,ORD032430,2025-04-18,Poor Quality
RET001974,ORD010990,2023-05-29,Changed Mind
RET001975,ORD022848,2024-02-23,Size Issue
RET001976,ORD006677,2023-03-06,Damaged Product
RET001977,ORD014529,2025-03-18,Wrong Product
RET001978,ORD015810,2023-09-30,Size Issue
RET001979,ORD003503,2025-01-26,Size Issue
RET001980,ORD011949,2025-03-24,Changed Mind
RET001981,ORD011210,2025-06-20,Wrong Product
RET001982,ORD004109,2025-10-19,Poor Quality
RET001983,ORD005036,2024-01-20,Poor Quality
RET001984,ORD043563,2024-03-26,Size Issue
RET001985,ORD018273,2025-08-27,Size Issue
RET001986,ORD047263,2025-10-08,Late Delivery
RET001987,ORD002523,2023-03-09,Changed Mind
RET001988,ORD023167,2025-02-21,Wrong Product
RET001989,ORD024677,2024-08-25,Wrong Product
RET001990,ORD038154,2024-07-18,Poor Quality
RET001991,ORD007169,2024-01-18,Damaged Product
RET001992,ORD012366,2026-01-01,Size Issue
RET001993,ORD021083,2025-07-31,Damaged Product
RET001994,ORD043742,2025-12-14,Poor Quality
RET001995,ORD039136,2025-07-30,Size Issue
RET001996,ORD033583,2024-01-09,Size Issue
RET001997,ORD031703,2025-12-01,Size Issue
RET001998,ORD038238,2023-08-21,Poor Quality
RET001999,ORD022359,2025-07-28,Changed Mind
RET002000,ORD048247,2023-03-08,Poor Quality
RET002001,ORD005930,2025-06-25,Changed Mind
RET002002,ORD038283,2025-06-16,Damaged Product
RET002003,ORD040524,2024-09-19,Wrong Product
RET002004,ORD014750,2024-11-13,Size Issue
RET002005,ORD011035,2023-03-02,Size Issue
RET002006,ORD025201,2023-04-25,Wrong Product
RET002007,ORD029459,2025-03-20,Damaged Product
RET002008,ORD001176,2025-08-12,Late Delivery
RET002009,ORD038938,2025-06-25,Poor Quality
RET002010,ORD048126,2025-07-07,Poor Quality
RET002011,ORD047643,2023-12-30,Changed Mind
RET002012,ORD006050,2025-09-04,Wrong Product
RET002013,ORD035665,2025-10-25,Changed Mind
RET002014,ORD038145,2024-04-26,Poor Quality
RET002015,ORD033826,2023-07-27,Changed Mind
RET002016,ORD025387,2025-12-06,Wrong Product
RET002017,ORD041042,2024-06-21,Wrong Product
RET002018,ORD024933,2023-09-17,Damaged Product
RET002019,ORD009764,2023-04-25,Size Issue
RET002020,ORD036882,2024-03-02,Damaged Product
RET002021,ORD003777,2026-01-13,Damaged Product
RET002022,ORD010004,2023-07-21,Poor Quality
RET002023,ORD013034,2023-06-01,Poor Quality
RET002024,ORD019664,2024-01-15,Damaged Product
RET002025,ORD003038,2025-12-22,Wrong Product
RET002026,ORD046902,2023-08-05,Size Issue
RET002027,ORD007064,2024-05-13,Size Issue
RET002028,ORD004234,2024-08-22,Poor Quality
RET002029,ORD027605,2023-05-01,Poor Quality
RET002030,ORD019647,2025-05-13,Damaged Product
RET002031,ORD004983,2023-06-13,Wrong Product
RET002032,ORD021177,2024-10-15,Damaged Product
RET002033,ORD048272,2023-06-30,Wrong Product
RET002034,ORD000470,2024-12-06,Late Delivery
RET002035,ORD012860,2024-10-16,Late Delivery
RET002036,ORD033450,2024-05-26,Damaged Product
RET002037,ORD018379,2023-05-26,Late Delivery
RET002038,ORD025310,2025-04-16,Damaged Product
RET002039,ORD024709,2023-03-03,Poor Quality
RET002040,ORD029071,2025-06-11,Damaged Product
RET002041,ORD004776,2023-06-03,Changed Mind
RET002042,ORD025025,2024-08-02,Size Issue
RET002043,ORD033433,2025-03-08,Size Issue
RET002044,ORD017076,2024-12-07,Size Issue
RET002045,ORD018055,2023-01-15,Size Issue
RET002046,ORD011669,2023-08-11,Damaged Product
RET002047,ORD001098,2024-08-25,Damaged Product
RET002048,ORD005371,2023-12-26,Changed Mind
RET002049,ORD039073,2025-08-30,Poor Quality
RET002050,ORD030514,2025-08-10,Wrong Product
RET002051,ORD001283,2023-02-26,Poor Quality
RET002052,ORD037581,2023-10-26,Damaged Product
RET002053,ORD041092,2023-07-09,Changed Mind
RET002054,ORD012582,2025-08-11,Poor Quality
RET002055,ORD039516,2025-07-10,Damaged Product
RET002056,ORD048075,2026-01-14,Damaged Product
RET002057,ORD015478,2024-10-23,Changed Mind
RET002058,ORD005523,2025-09-26,Size Issue
RET002059,ORD023812,2024-08-20,Damaged Product
RET002060,ORD048467,2025-12-14,Late Delivery
RET002061,ORD033047,2023-04-13,Damaged Product
RET002062,ORD038196,2023-02-25,Poor Quality
RET002063,ORD021194,2025-03-25,Changed Mind
RET002064,ORD045272,2025-01-19,Changed Mind
RET002065,ORD010742,2024-03-23,Damaged Product
RET002066,ORD048560,2025-01-14,Late Delivery
RET002067,ORD025842,2025-02-04,Wrong Product
RET002068,ORD043817,2026-01-08,Size Issue
RET002069,ORD000843,2025-04-20,Damaged Product
RET002070,ORD010055,2023-11-02,Size Issue
RET002071,ORD002060,2024-04-27,Wrong Product
RET002072,ORD006205,2023-03-01,Changed Mind
RET002073,ORD006176,2025-08-16,Poor Quality
RET002074,ORD007366,2023-11-11,Late Delivery
RET002075,ORD038302,2025-09-03,Wrong Product
RET002076,ORD003920,2024-10-16,Damaged Product
RET002077,ORD032634,2024-05-31,Size Issue
RET002078,ORD012552,2024-05-05,Size Issue
RET002079,ORD040577,2023-10-16,Poor Quality
RET002080,ORD033749,2023-10-24,Late Delivery
RET002081,ORD009532,2023-03-29,Poor Quality
RET002082,ORD007221,2025-02-11,Size Issue
RET002083,ORD021672,2024-01-19,Damaged Product
RET002084,ORD016782,2024-07-04,Damaged Product
RET002085,ORD041582,2024-02-23,Wrong Product
RET002086,ORD049613,2024-06-19,Size Issue
RET002087,ORD010390,2024-03-26,Changed Mind
RET002088,ORD029213,2023-07-09,Changed Mind
RET002089,ORD017177,2024-06-10,Damaged Product
RET002090,ORD046989,2024-02-04,Changed Mind
RET002091,ORD047499,2024-03-12,Poor Quality
RET002092,ORD001711,2023-02-24,Changed Mind
RET002093,ORD047542,2024-03-23,Late Delivery
RET002094,ORD046408,2023-09-20,Damaged Product
RET002095,ORD026942,2023-10-27,Damaged Product
RET002096,ORD033612,2024-08-07,Poor Quality
RET002097,ORD028108,2026-01-07,Poor Quality
RET002098,ORD031399,2023-10-31,Poor Quality
RET002099,ORD046193,2025-02-26,Damaged Product
RET002100,ORD003169,2023-05-22,Changed Mind
RET002101,ORD048316,2025-03-19,Damaged Product
RET002102,ORD025985,2023-07-31,Wrong Product
RET002103,ORD005047,2024-12-04,Size Issue
RET002104,ORD015713,2025-12-22,Changed Mind
RET002105,ORD003211,2023-07-22,Late Delivery
RET002106,ORD045043,2024-04-22,Size Issue
RET002107,ORD014086,2023-02-28,Size Issue
RET002108,ORD014765,2023-05-02,Changed Mind
RET002109,ORD044103,2023-10-28,Late Delivery
RET002110,ORD019414,2025-02-20,Wrong Product
RET002111,ORD004349,2023-02-20,Poor Quality
RET002112,ORD012726,2024-11-04,Late Delivery
RET002113,ORD034025,2024-01-04,Damaged Product
RET002114,ORD041114,2024-05-29,Changed Mind
RET002115,ORD037932,2024-03-04,Changed Mind
RET002116,ORD016254,2025-01-31,Damaged Product
RET002117,ORD042985,2025-09-03,Damaged Product
RET002118,ORD027292,2024-02-08,Damaged Product
RET002119,ORD013913,2025-01-17,Late Delivery
RET002120,ORD026575,2023-06-04,Changed Mind
RET002121,ORD043741,2024-04-07,Poor Quality
RET002122,ORD015674,2024-06-12,Changed Mind
RET002123,ORD003397,2023-07-18,Size Issue
RET002124,ORD011071,2023-02-04,Changed Mind
RET002125,ORD045456,2023-09-10,Poor Quality
RET002126,ORD009888,2025-05-17,Damaged Product
RET002127,ORD022904,2024-06-17,Changed Mind
RET002128,ORD016829,2024-12-06,Poor Quality
RET002129,ORD020252,2023-04-23,Size Issue
RET002130,ORD043250,2024-04-02,Changed Mind
RET002131,ORD033084,2023-08-27,Damaged Product
RET002132,ORD048499,2024-02-25,Wrong Product
RET002133,ORD013248,2024-05-13,Wrong Product
RET002134,ORD018098,2023-01-06,Poor Quality
RET002135,ORD020566,2024-10-24,Wrong Product
RET002136,ORD035975,2025-09-10,Size Issue
RET002137,ORD032460,2024-12-30,Wrong Product
RET002138,ORD007273,2025-04-01,Changed Mind
RET002139,ORD018875,2024-12-16,Damaged Product
RET002140,ORD017625,2024-03-12,Size Issue
RET002141,ORD037774,2024-10-12,Changed Mind
RET002142,ORD004830,2023-02-28,Size Issue
RET002143,ORD004856,2023-03-09,Poor Quality
RET002144,ORD033174,2024-01-08,Poor Quality
RET002145,ORD021213,2023-11-26,Changed Mind
RET002146,ORD016755,2023-09-02,Wrong Product
RET002147,ORD032892,2023-12-03,Poor Quality
RET002148,ORD027948,2023-09-14,Changed Mind
RET002149,ORD015336,2025-11-12,Wrong Product
RET002150,ORD046684,2023-06-15,Size Issue
RET002151,ORD016163,2025-02-05,Size Issue
RET002152,ORD024450,2025-05-06,Late Delivery
RET002153,ORD003571,2023-12-25,Poor Quality
RET002154,ORD029638,2024-09-03,Damaged Product
RET002155,ORD042040,2024-04-25,Wrong Product
RET002156,ORD016126,2024-08-06,Late Delivery
RET002157,ORD007950,2024-03-12,Poor Quality
RET002158,ORD044805,2025-06-06,Size Issue
RET002159,ORD034331,2023-08-02,Size Issue
RET002160,ORD002494,2025-07-06,Late Delivery
RET002161,ORD047487,2025-09-24,Poor Quality
RET002162,ORD013151,2025-05-13,Changed Mind
RET002163,ORD033199,2024-02-02,Late Delivery
RET002164,ORD017032,2024-06-14,Late Delivery
RET002165,ORD039394,2024-01-30,Changed Mind
RET002166,ORD047115,2024-07-16,Damaged Product
RET002167,ORD014596,2025-02-01,Poor Quality
RET002168,ORD033943,2024-07-04,Late Delivery
RET002169,ORD015501,2025-01-05,Changed Mind
RET002170,ORD011166,2025-12-04,Damaged Product
RET002171,ORD048147,2025-06-02,Late Delivery
RET002172,ORD029646,2025-07-12,Size Issue
RET002173,ORD036289,2023-11-05,Changed Mind
RET002174,ORD033600,2025-06-02,Changed Mind
RET002175,ORD018443,2023-06-12,Damaged Product
RET002176,ORD006924,2023-06-02,Late Delivery
RET002177,ORD036512,2025-09-13,Changed Mind
RET002178,ORD046482,2023-01-10,Size Issue
RET002179,ORD008493,2025-01-07,Wrong Product
RET002180,ORD029051,2024-09-09,Poor Quality
RET002181,ORD019648,2023-08-17,Size Issue
RET002182,ORD011475,2024-10-06,Wrong Product
RET002183,ORD025788,2025-09-12,Changed Mind
RET002184,ORD010272,2024-10-22,Size Issue
RET002185,ORD019305,2025-04-12,Damaged Product
RET002186,ORD028154,2024-10-18,Changed Mind
RET002187,ORD027706,2024-12-15,Changed Mind
RET002188,ORD047009,2024-05-23,Changed Mind
RET002189,ORD037285,2023-03-11,Damaged Product
RET002190,ORD040352,2023-11-14,Poor Quality
RET002191,ORD023679,2025-05-01,Changed Mind
RET002192,ORD001864,2023-09-07,Late Delivery
RET002193,ORD039935,2025-06-23,Late Delivery
RET002194,ORD002594,2025-07-08,Damaged Product
RET002195,ORD011038,2023-05-01,Damaged Product
RET002196,ORD033900,2024-03-22,Damaged Product
RET002197,ORD004977,2024-06-07,Wrong Product
RET002198,ORD013633,2024-09-12,Poor Quality
RET002199,ORD020639,2024-12-12,Size Issue
RET002200,ORD033648,2023-10-20,Changed Mind
RET002201,ORD036558,2024-05-19,Poor Quality
RET002202,ORD022310,2025-09-27,Wrong Product
RET002203,ORD026377,2025-11-08,Size Issue
RET002204,ORD041377,2025-08-06,Size Issue
RET002205,ORD028504,2025-11-21,Size Issue
RET002206,ORD034233,2025-09-22,Changed Mind
RET002207,ORD003699,2023-12-10,Poor Quality
RET002208,ORD026140,2025-08-27,Late Delivery
RET002209,ORD042603,2023-02-02,Poor Quality
RET002210,ORD029491,2023-08-24,Size Issue
RET002211,ORD045840,2025-03-17,Late Delivery
RET002212,ORD014737,2024-08-09,Poor Quality
RET002213,ORD035956,2023-08-15,Late Delivery
RET002214,ORD003520,2023-02-21,Late Delivery
RET002215,ORD029414,2024-12-19,Damaged Product
RET002216,ORD043375,2023-01-29,Changed Mind
RET002217,ORD004963,2025-05-12,Damaged Product
RET002218,ORD047216,2023-08-15,Damaged Product
RET002219,ORD017771,2023-12-04,Late Delivery
RET002220,ORD016072,2025-11-17,Late Delivery
RET002221,ORD045843,2023-02-08,Late Delivery
RET002222,ORD003886,2023-10-16,Wrong Product
RET002223,ORD021825,2024-08-01,Wrong Product
RET002224,ORD015725,2023-08-23,Late Delivery
RET002225,ORD002005,2024-01-17,Wrong Product
RET002226,ORD006057,2024-09-27,Damaged Product
RET002227,ORD022293,2024-05-20,Damaged Product
RET002228,ORD003137,2023-06-02,Poor Quality
RET002229,ORD021729,2023-12-25,Late Delivery
RET002230,ORD013098,2024-11-20,Poor Quality
RET002231,ORD034428,2023-06-27,Wrong Product
RET002232,ORD044344,2025-09-30,Poor Quality
RET002233,ORD049722,2023-10-05,Poor Quality
RET002234,ORD044727,2024-02-17,Changed Mind
RET002235,ORD004316,2024-02-17,Changed Mind
RET002236,ORD011434,2025-06-11,Changed Mind
RET002237,ORD033239,2024-08-08,Size Issue
RET002238,ORD047413,2023-01-11,Damaged Product
RET002239,ORD029367,2025-04-28,Late Delivery
RET002240,ORD031024,2024-01-08,Late Delivery
RET002241,ORD017622,2024-04-18,Size Issue
RET002242,ORD013353,2024-01-12,Late Delivery
RET002243,ORD025261,2023-11-01,Damaged Product
RET002244,ORD004806,2025-08-14,Wrong Product
RET002245,ORD045637,2024-09-29,Damaged Product
RET002246,ORD029469,2023-12-20,Size Issue
RET002247,ORD030897,2025-01-27,Late Delivery
RET002248,ORD022884,2023-03-10,Poor Quality
RET002249,ORD042329,2025-07-14,Size Issue
RET002250,ORD028815,2023-07-05,Changed Mind
RET002251,ORD034797,2025-05-13,Damaged Product
RET002252,ORD048681,2024-09-04,Damaged Product
RET002253,ORD016523,2024-08-27,Poor Quality
RET002254,ORD034411,2025-05-18,Damaged Product
RET002255,ORD030294,2025-01-10,Damaged Product
RET002256,ORD016862,2025-07-06,Poor Quality
RET002257,ORD037200,2025-07-29,Damaged Product
RET002258,ORD037715,2025-05-28,Size Issue
RET002259,ORD026362,2025-08-09,Size Issue
RET002260,ORD023393,2023-10-25,Damaged Product
RET002261,ORD040907,2025-04-17,Poor Quality
RET002262,ORD036274,2025-01-15,Poor Quality
RET002263,ORD034976,2023-09-13,Late Delivery
RET002264,ORD048572,2025-02-13,Size Issue
RET002265,ORD022637,2023-11-19,Poor Quality
RET002266,ORD038161,2024-10-02,Wrong Product
RET002267,ORD032791,2025-05-25,Size Issue
RET002268,ORD034516,2025-08-08,Changed Mind
RET002269,ORD000342,2025-06-03,Poor Quality
RET002270,ORD028852,2025-05-13,Damaged Product
RET002271,ORD015640,2023-03-07,Poor Quality
RET002272,ORD007482,2026-01-04,Size Issue
RET002273,ORD022173,2025-03-12,Damaged Product
RET002274,ORD016236,2024-06-02,Size Issue
RET002275,ORD034440,2023-07-13,Poor Quality
RET002276,ORD009304,2024-12-30,Late Delivery
RET002277,ORD031764,2023-06-26,Damaged Product
RET002278,ORD004409,2023-06-11,Late Delivery
RET002279,ORD015128,2025-10-10,Poor Quality
RET002280,ORD020466,2024-01-15,Size Issue
RET002281,ORD015179,2025-05-06,Changed Mind
RET002282,ORD016049,2024-09-02,Late Delivery
RET002283,ORD022270,2024-02-20,Size Issue
RET002284,ORD048939,2025-12-20,Size Issue
RET002285,ORD019682,2023-05-06,Size Issue
RET002286,ORD018684,2023-10-19,Wrong Product
RET002287,ORD035536,2024-06-23,Late Delivery
RET002288,ORD016108,2023-11-24,Poor Quality
RET002289,ORD013760,2024-03-29,Changed Mind
RET002290,ORD024494,2025-12-06,Damaged Product
RET002291,ORD033815,2025-07-03,Poor Quality
RET002292,ORD038797,2025-05-06,Poor Quality
RET002293,ORD009829,2023-12-13,Size Issue
RET002294,ORD037811,2023-12-02,Late Delivery
RET002295,ORD045298,2025-04-01,Poor Quality
RET002296,ORD036297,2025-12-25,Late Delivery
RET002297,ORD019139,2024-10-22,Changed Mind
RET002298,ORD028890,2024-08-26,Size Issue
RET002299,ORD011430,2025-12-06,Size Issue
RET002300,ORD008474,2024-12-12,Wrong Product
RET002301,ORD031429,2024-05-21,Late Delivery
RET002302,ORD025230,2023-09-05,Damaged Product
RET002303,ORD048134,2025-10-24,Wrong Product
RET002304,ORD005344,2025-09-20,Damaged Product
RET002305,ORD006430,2025-12-29,Late Delivery
RET002306,ORD010099,2025-12-26,Damaged Product
RET002307,ORD032320,2025-01-26,Changed Mind
RET002308,ORD019892,2025-12-09,Late Delivery
RET002309,ORD007469,2024-11-07,Wrong Product
RET002310,ORD034030,2025-06-22,Poor Quality
RET002311,ORD038248,2024-05-07,Poor Quality
RET002312,ORD009621,2025-05-18,Changed Mind
RET002313,ORD024561,2023-06-28,Poor Quality
RET002314,ORD005298,2025-10-07,Damaged Product
RET002315,ORD010440,2023-10-13,Poor Quality
RET002316,ORD018111,2025-11-29,Changed Mind
RET002317,ORD009562,2024-10-11,Changed Mind
RET002318,ORD048361,2023-05-22,Late Delivery
RET002319,ORD007457,2024-11-27,Size Issue
RET002320,ORD008664,2025-03-26,Late Delivery
RET002321,ORD043406,2025-05-03,Poor Quality
RET002322,ORD013507,2023-03-07,Wrong Product
RET002323,ORD006891,2025-02-19,Poor Quality
RET002324,ORD046831,2025-04-22,Poor Quality
RET002325,ORD046704,2024-03-20,Changed Mind
RET002326,ORD039127,2024-01-05,Size Issue
RET002327,ORD038473,2023-05-12,Size Issue
RET002328,ORD006194,2023-05-04,Changed Mind
RET002329,ORD033181,2025-08-01,Poor Quality
RET002330,ORD004253,2023-03-25,Damaged Product
RET002331,ORD015954,2023-12-31,Wrong Product
RET002332,ORD030521,2024-06-06,Size Issue
RET002333,ORD022808,2025-05-03,Changed Mind
RET002334,ORD021584,2023-03-18,Poor Quality
RET002335,ORD002419,2023-12-05,Changed Mind
RET002336,ORD043474,2024-06-27,Late Delivery
RET002337,ORD024110,2025-06-13,Late Delivery
RET002338,ORD036561,2026-01-15,Damaged Product
RET002339,ORD031406,2025-12-23,Late Delivery
RET002340,ORD029906,2024-11-18,Size Issue
RET002341,ORD001955,2023-07-03,Wrong Product
RET002342,ORD035072,2025-10-31,Changed Mind
RET002343,ORD045791,2023-10-29,Size Issue
RET002344,ORD010658,2025-07-23,Wrong Product
RET002345,ORD003026,2025-03-31,Poor Quality
RET002346,ORD027392,2024-10-31,Changed Mind
RET002347,ORD013971,2025-09-17,Late Delivery
RET002348,ORD002117,2025-03-09,Damaged Product
RET002349,ORD044219,2025-12-29,Poor Quality
RET002350,ORD018634,2023-07-07,Late Delivery
RET002351,ORD007921,2025-10-26,Wrong Product
RET002352,ORD031123,2025-04-27,Size Issue
RET002353,ORD007343,2025-07-14,Damaged Product
RET002354,ORD022168,2024-02-24,Wrong Product
RET002355,ORD014132,2025-06-19,Late Delivery
RET002356,ORD002869,2023-08-29,Poor Quality
RET002357,ORD003654,2023-03-25,Damaged Product
RET002358,ORD021995,2025-02-28,Damaged Product
RET002359,ORD022372,2023-12-30,Changed Mind
RET002360,ORD026474,2024-02-27,Changed Mind
RET002361,ORD009737,2023-06-07,Poor Quality
RET002362,ORD049794,2023-10-28,Poor Quality
RET002363,ORD026601,2025-02-08,Late Delivery
RET002364,ORD025542,2024-04-13,Late Delivery
RET002365,ORD038906,2024-07-17,Late Delivery
RET002366,ORD015086,2023-06-04,Size Issue
RET002367,ORD040413,2023-12-20,Wrong Product
RET002368,ORD018279,2024-11-06,Damaged Product
RET002369,ORD018290,2023-04-10,Wrong Product
RET002370,ORD002970,2025-03-20,Poor Quality
RET002371,ORD028557,2025-02-26,Changed Mind
RET002372,ORD006836,2023-08-24,Poor Quality
RET002373,ORD045468,2023-02-27,Damaged Product
RET002374,ORD013580,2025-12-28,Damaged Product
RET002375,ORD032129,2024-04-17,Poor Quality
RET002376,ORD023444,2024-08-20,Changed Mind
RET002377,ORD000145,2025-04-28,Size Issue
RET002378,ORD029707,2025-12-31,Late Delivery
RET002379,ORD009878,2025-12-01,Damaged Product
RET002380,ORD017582,2024-05-31,Changed Mind
RET002381,ORD033252,2023-11-30,Changed Mind
RET002382,ORD016345,2025-09-27,Poor Quality
RET002383,ORD024104,2025-03-26,Poor Quality
RET002384,ORD047235,2025-06-20,Damaged Product
RET002385,ORD004623,2025-12-30,Size Issue
RET002386,ORD040553,2025-02-14,Wrong Product
RET002387,ORD001254,2023-07-25,Late Delivery
RET002388,ORD013076,2023-04-13,Late Delivery
RET002389,ORD028365,2025-06-18,Late Delivery
RET002390,ORD007144,2023-09-20,Wrong Product
RET002391,ORD017839,2023-04-28,Size Issue
RET002392,ORD031493,2024-06-15,Wrong Product
RET002393,ORD030169,2023-03-11,Poor Quality
RET002394,ORD041841,2026-01-08,Damaged Product
RET002395,ORD040085,2024-05-16,Late Delivery
RET002396,ORD012801,2023-07-17,Size Issue
RET002397,ORD006195,2023-05-10,Wrong Product
RET002398,ORD013686,2024-04-01,Changed Mind
RET002399,ORD023380,2023-10-16,Size Issue
RET002400,ORD027064,2023-04-25,Wrong Product
RET002401,ORD034163,2023-04-15,Poor Quality
RET002402,ORD045521,2025-04-01,Late Delivery
RET002403,ORD016543,2023-04-24,Poor Quality
RET002404,ORD014564,2025-09-17,Late Delivery
RET002405,ORD026766,2024-12-18,Changed Mind
RET002406,ORD049616,2024-05-14,Late Delivery
RET002407,ORD010854,2024-12-04,Late Delivery
RET002408,ORD029181,2025-03-27,Size Issue
RET002409,ORD039363,2025-10-14,Damaged Product
RET002410,ORD038960,2025-02-13,Wrong Product
RET002411,ORD012372,2023-05-09,Wrong Product
RET002412,ORD044510,2025-01-25,Late Delivery
RET002413,ORD028233,2023-10-31,Damaged Product
RET002414,ORD012124,2025-04-27,Late Delivery
RET002415,ORD017312,2025-09-22,Size Issue
RET002416,ORD033818,2025-03-31,Late Delivery
RET002417,ORD003618,2024-11-01,Size Issue
RET002418,ORD001122,2025-08-03,Damaged Product
RET002419,ORD048746,2025-12-30,Damaged Product
RET002420,ORD026186,2025-04-16,Poor Quality
RET002421,ORD031589,2024-03-08,Damaged Product
RET002422,ORD043814,2023-06-04,Late Delivery
RET002423,ORD024804,2024-03-04,Damaged Product
RET002424,ORD028453,2025-04-08,Late Delivery
RET002425,ORD035352,2023-07-13,Changed Mind
RET002426,ORD032606,2023-02-04,Damaged Product
RET002427,ORD031578,2025-11-11,Late Delivery
RET002428,ORD032898,2024-09-21,Size Issue
RET002429,ORD021749,2023-12-04,Wrong Product
RET002430,ORD010211,2023-05-10,Wrong Product
RET002431,ORD030479,2023-04-02,Size Issue
RET002432,ORD024527,2025-07-24,Size Issue
RET002433,ORD039454,2023-10-04,Damaged Product
RET002434,ORD048003,2025-10-12,Size Issue
RET002435,ORD021366,2024-09-20,Changed Mind
RET002436,ORD022816,2025-11-10,Changed Mind
RET002437,ORD033754,2023-06-08,Wrong Product
RET002438,ORD041620,2023-08-30,Late Delivery
RET002439,ORD020331,2025-10-02,Wrong Product
RET002440,ORD027652,2023-06-09,Size Issue
RET002441,ORD016034,2024-02-07,Changed Mind
RET002442,ORD045694,2023-07-23,Changed Mind
RET002443,ORD043868,2023-02-23,Wrong Product
RET002444,ORD007880,2024-08-01,Damaged Product
RET002445,ORD002085,2024-02-20,Damaged Product
RET002446,ORD036921,2024-01-25,Poor Quality
RET002447,ORD012688,2023-12-11,Damaged Product
RET002448,ORD013322,2024-05-19,Changed Mind
RET002449,ORD017833,2023-07-31,Poor Quality
RET002450,ORD032611,2023-02-19,Size Issue
RET002451,ORD046169,2023-12-15,Changed Mind
RET002452,ORD045418,2023-10-10,Late Delivery
RET002453,ORD004036,2024-01-17,Poor Quality
RET002454,ORD023657,2024-02-11,Damaged Product
RET002455,ORD019013,2023-01-21,Late Delivery
RET002456,ORD044034,2025-01-09,Size Issue
RET002457,ORD000400,2023-07-17,Changed Mind
RET002458,ORD028161,2024-08-07,Wrong Product
RET002459,ORD017437,2023-09-28,Size Issue
RET002460,ORD041096,2024-08-08,Changed Mind
RET002461,ORD022495,2024-06-09,Late Delivery
RET002462,ORD030823,2023-08-29,Late Delivery
RET002463,ORD020051,2025-07-22,Late Delivery
RET002464,ORD040023,2025-02-19,Changed Mind
RET002465,ORD012760,2025-09-16,Size Issue
RET002466,ORD031167,2023-01-24,Poor Quality
RET002467,ORD006468,2023-07-28,Wrong Product
RET002468,ORD032238,2025-04-29,Wrong Product
RET002469,ORD001373,2025-12-22,Poor Quality
RET002470,ORD038359,2024-07-26,Size Issue
RET002471,ORD000927,2023-04-10,Damaged Product
RET002472,ORD035818,2024-12-29,Size Issue
RET002473,ORD010116,2025-02-08,Late Delivery
RET002474,ORD008319,2025-12-26,Changed Mind
RET002475,ORD026073,2025-02-05,Poor Quality
RET002476,ORD029730,2025-10-20,Damaged Product
RET002477,ORD009626,2023-04-07,Size Issue
RET002478,ORD003786,2025-03-21,Size Issue
RET002479,ORD020886,2024-03-02,Poor Quality
RET002480,ORD006905,2025-08-04,Size Issue
RET002481,ORD006479,2023-07-31,Changed Mind
RET002482,ORD027149,2023-12-31,Changed Mind
RET002483,ORD033658,2024-11-27,Wrong Product
RET002484,ORD038900,2024-02-13,Poor Quality
RET002485,ORD026817,2023-04-16,Late Delivery
RET002486,ORD035547,2023-05-12,Changed Mind
RET002487,ORD041572,2025-08-03,Changed Mind
RET002488,ORD024448,2025-03-08,Poor Quality
RET002489,ORD030246,2024-03-30,Damaged Product
RET002490,ORD022558,2023-09-12,Poor Quality
RET002491,ORD045579,2025-07-20,Poor Quality
RET002492,ORD017736,2025-05-03,Wrong Product
RET002493,ORD025981,2024-04-06,Changed Mind
RET002494,ORD005865,2024-10-15,Wrong Product
RET002495,ORD006530,2025-01-27,Wrong Product
RET002496,ORD010537,2024-04-13,Late Delivery
RET002497,ORD028213,2024-07-09,Size Issue
RET002498,ORD007361,2024-02-26,Changed Mind
RET002499,ORD038903,2025-09-24,Size Issue
RET002500,ORD012511,2025-01-08,Wrong Product
RET002501,ORD010454,2025-12-23,Damaged Product
RET002502,ORD018378,2025-06-04,Size Issue
RET002503,ORD020738,2023-07-02,Poor Quality
RET002504,ORD043336,2024-08-19,Poor Quality
RET002505,ORD008394,2023-09-30,Changed Mind
RET002506,ORD021103,2023-11-25,Changed Mind
RET002507,ORD001163,2023-09-16,Poor Quality
RET002508,ORD002532,2023-02-15,Damaged Product
RET002509,ORD007845,2023-06-21,Damaged Product
RET002510,ORD026048,2025-01-08,Damaged Product
RET002511,ORD039017,2025-08-05,Damaged Product
RET002512,ORD041843,2023-10-22,Damaged Product
RET002513,ORD012703,2023-12-14,Size Issue
RET002514,ORD033513,2025-06-16,Damaged Product
RET002515,ORD019803,2023-10-16,Damaged Product
RET002516,ORD005752,2023-08-27,Size Issue
RET002517,ORD034356,2024-02-29,Changed Mind
RET002518,ORD030770,2023-09-27,Wrong Product
RET002519,ORD036493,2025-08-12,Poor Quality
RET002520,ORD025058,2023-06-30,Damaged Product
RET002521,ORD015822,2023-12-26,Size Issue
RET002522,ORD028284,2024-05-22,Wrong Product
RET002523,ORD013651,2023-07-29,Poor Quality
RET002524,ORD040571,2024-12-17,Poor Quality
RET002525,ORD017173,2024-01-19,Late Delivery
RET002526,ORD012284,2024-02-02,Changed Mind
RET002527,ORD035461,2024-09-05,Damaged Product
RET002528,ORD034060,2025-03-16,Late Delivery
RET002529,ORD035236,2025-11-23,Size Issue
RET002530,ORD026634,2024-02-05,Changed Mind
RET002531,ORD024471,2024-11-14,Late Delivery
RET002532,ORD018416,2023-02-14,Poor Quality
RET002533,ORD018955,2025-01-04,Damaged Product
RET002534,ORD037194,2024-07-07,Damaged Product
RET002535,ORD020719,2023-10-17,Size Issue
RET002536,ORD037401,2023-08-18,Damaged Product
RET002537,ORD003264,2025-02-20,Damaged Product
RET002538,ORD046180,2024-03-04,Damaged Product
RET002539,ORD031126,2025-08-21,Late Delivery
RET002540,ORD042233,2024-11-07,Changed Mind
RET002541,ORD043714,2023-01-29,Late Delivery
RET002542,ORD007025,2025-05-01,Poor Quality
RET002543,ORD017499,2025-05-23,Size Issue
RET002544,ORD029713,2025-11-26,Wrong Product
RET002545,ORD032788,2025-05-29,Size Issue
RET002546,ORD015108,2026-01-02,Size Issue
RET002547,ORD002477,2024-08-15,Damaged Product
RET002548,ORD048078,2024-08-27,Size Issue
RET002549,ORD011349,2024-08-27,Poor Quality
RET002550,ORD029035,2023-08-20,Size Issue
RET002551,ORD001912,2025-02-14,Late Delivery
RET002552,ORD027728,2023-04-05,Size Issue
RET002553,ORD036500,2023-11-18,Size Issue
RET002554,ORD042094,2025-07-02,Changed Mind
RET002555,ORD049531,2025-06-19,Damaged Product
RET002556,ORD027312,2025-07-27,Damaged Product
RET002557,ORD014599,2023-10-13,Poor Quality
RET002558,ORD012075,2024-06-19,Poor Quality
RET002559,ORD041321,2024-03-25,Late Delivery
RET002560,ORD028988,2025-01-04,Poor Quality
RET002561,ORD002099,2024-01-13,Size Issue
RET002562,ORD019534,2023-02-10,Late Delivery
RET002563,ORD034940,2025-04-16,Changed Mind
RET002564,ORD008024,2023-11-05,Changed Mind
RET002565,ORD013254,2023-06-22,Wrong Product
RET002566,ORD001986,2025-06-14,Late Delivery
RET002567,ORD026012,2024-03-13,Damaged Product
RET002568,ORD003336,2023-05-11,Poor Quality
RET002569,ORD026621,2023-06-21,Changed Mind
RET002570,ORD011745,2023-03-06,Poor Quality
RET002571,ORD018477,2024-08-25,Size Issue
RET002572,ORD047612,2024-04-23,Size Issue
RET002573,ORD025537,2024-05-10,Size Issue
RET002574,ORD020865,2025-02-21,Size Issue
RET002575,ORD043447,2025-06-23,Poor Quality
RET002576,ORD008007,2025-12-08,Size Issue
RET002577,ORD029077,2023-04-24,Changed Mind
RET002578,ORD043721,2025-09-30,Late Delivery
RET002579,ORD023001,2024-05-21,Poor Quality
RET002580,ORD028194,2024-09-30,Poor Quality
RET002581,ORD021513,2023-12-27,Size Issue
RET002582,ORD021025,2025-08-12,Changed Mind
RET002583,ORD015295,2023-06-02,Size Issue
RET002584,ORD011662,2025-11-02,Changed Mind
RET002585,ORD031719,2023-04-28,Size Issue
RET002586,ORD042116,2023-10-03,Late Delivery
RET002587,ORD028242,2024-11-13,Poor Quality
RET002588,ORD043152,2024-11-01,Poor Quality
RET002589,ORD009695,2025-08-20,Size Issue
RET002590,ORD025566,2023-05-06,Late Delivery
RET002591,ORD034445,2023-12-03,Late Delivery
RET002592,ORD014110,2025-12-15,Damaged Product
RET002593,ORD012959,2023-06-11,Wrong Product
RET002594,ORD023315,2023-08-17,Size Issue
RET002595,ORD017927,2024-11-06,Damaged Product
RET002596,ORD020414,2023-06-11,Poor Quality
RET002597,ORD022459,2024-11-09,Changed Mind
RET002598,ORD044363,2023-03-10,Damaged Product
RET002599,ORD005677,2024-06-07,Changed Mind
RET002600,ORD043367,2025-06-08,Poor Quality
RET002601,ORD033872,2024-08-22,Late Delivery
RET002602,ORD000610,2023-02-27,Changed Mind
RET002603,ORD030921,2025-05-14,Poor Quality
RET002604,ORD025260,2023-01-26,Wrong Product
RET002605,ORD030394,2023-08-23,Size Issue
RET002606,ORD038326,2023-05-08,Poor Quality
RET002607,ORD044289,2023-10-06,Size Issue
RET002608,ORD048465,2023-02-13,Changed Mind
RET002609,ORD009290,2025-06-07,Late Delivery
RET002610,ORD026407,2024-03-24,Late Delivery
RET002611,ORD028059,2024-01-28,Damaged Product
RET002612,ORD022296,2024-11-16,Changed Mind
RET002613,ORD022052,2025-12-14,Wrong Product
RET002614,ORD044452,2023-01-20,Damaged Product
RET002615,ORD012513,2024-09-13,Wrong Product
RET002616,ORD048576,2025-03-23,Size Issue
RET002617,ORD018776,2024-10-26,Poor Quality
RET002618,ORD015715,2024-04-24,Damaged Product
RET002619,ORD007977,2025-11-14,Size Issue
RET002620,ORD033176,2024-06-01,Poor Quality
RET002621,ORD047635,2024-07-26,Changed Mind
RET002622,ORD008345,2023-02-06,Damaged Product
RET002623,ORD030590,2023-06-14,Size Issue
RET002624,ORD011898,2023-04-30,Poor Quality
RET002625,ORD025496,2024-03-23,Changed Mind
RET002626,ORD022322,2024-04-18,Changed Mind
RET002627,ORD017680,2025-03-07,Changed Mind
RET002628,ORD012470,2023-08-23,Wrong Product
RET002629,ORD004658,2023-08-23,Wrong Product
RET002630,ORD048394,2023-11-13,Changed Mind
RET002631,ORD001688,2024-01-01,Poor Quality
RET002632,ORD022182,2023-05-19,Wrong Product
RET002633,ORD012792,2025-07-31,Size Issue
RET002634,ORD008041,2024-11-12,Changed Mind
RET002635,ORD031062,2025-07-21,Wrong Product
RET002636,ORD035027,2024-07-07,Changed Mind
RET002637,ORD014830,2024-09-05,Changed Mind
RET002638,ORD038849,2025-11-26,Changed Mind
RET002639,ORD020063,2024-07-25,Late Delivery
RET002640,ORD028278,2024-04-23,Damaged Product
RET002641,ORD034548,2024-03-05,Damaged Product
RET002642,ORD010905,2024-07-18,Poor Quality
RET002643,ORD019221,2025-07-30,Wrong Product
RET002644,ORD024430,2024-12-28,Damaged Product
RET002645,ORD047350,2024-09-04,Damaged Product
RET002646,ORD018112,2023-11-02,Poor Quality
RET002647,ORD003542,2023-06-11,Wrong Product
RET002648,ORD025563,2025-05-01,Size Issue
RET002649,ORD006760,2025-11-30,Poor Quality
RET002650,ORD033830,2024-09-30,Damaged Product
RET002651,ORD021276,2024-01-04,Wrong Product
RET002652,ORD038233,2024-07-02,Changed Mind
RET002653,ORD014351,2024-03-04,Size Issue
RET002654,ORD001227,2024-08-21,Late Delivery
RET002655,ORD009160,2024-05-31,Wrong Product
RET002656,ORD025666,2023-04-09,Wrong Product
RET002657,ORD020545,2023-09-24,Changed Mind
RET002658,ORD004120,2024-07-16,Late Delivery
RET002659,ORD000278,2023-05-06,Damaged Product
RET002660,ORD019037,2025-07-02,Damaged Product
RET002661,ORD020047,2024-09-04,Wrong Product
RET002662,ORD038649,2025-08-02,Poor Quality
RET002663,ORD037313,2025-02-23,Size Issue
RET002664,ORD000854,2025-09-24,Size Issue
RET002665,ORD043087,2023-02-20,Damaged Product
RET002666,ORD046494,2025-05-02,Wrong Product
RET002667,ORD019536,2023-10-19,Size Issue
RET002668,ORD016464,2024-09-19,Poor Quality
RET002669,ORD036747,2023-08-25,Poor Quality
RET002670,ORD029861,2025-04-06,Late Delivery
RET002671,ORD000885,2025-04-14,Poor Quality
RET002672,ORD047843,2024-01-18,Poor Quality
RET002673,ORD021462,2023-10-23,Changed Mind
RET002674,ORD009404,2023-10-06,Changed Mind
RET002675,ORD033416,2025-10-27,Changed Mind
RET002676,ORD040744,2024-11-07,Poor Quality
RET002677,ORD023977,2025-12-04,Poor Quality
RET002678,ORD028140,2025-12-11,Changed Mind
RET002679,ORD046079,2024-06-03,Changed Mind
RET002680,ORD020718,2024-05-21,Damaged Product
RET002681,ORD027648,2025-07-28,Poor Quality
RET002682,ORD029971,2023-09-08,Late Delivery
RET002683,ORD024243,2024-04-05,Wrong Product
RET002684,ORD003036,2023-04-06,Size Issue
RET002685,ORD006977,2023-12-26,Wrong Product
RET002686,ORD031766,2024-08-21,Changed Mind
RET002687,ORD023702,2024-12-22,Wrong Product
RET002688,ORD022078,2025-10-27,Poor Quality
RET002689,ORD019236,2024-05-26,Poor Quality
RET002690,ORD019893,2023-05-13,Damaged Product
RET002691,ORD036415,2023-10-31,Size Issue
RET002692,ORD043916,2023-08-24,Poor Quality
RET002693,ORD014698,2025-10-01,Wrong Product
RET002694,ORD028276,2024-01-07,Changed Mind
RET002695,ORD049862,2025-05-11,Damaged Product
RET002696,ORD049925,2024-07-16,Poor Quality
RET002697,ORD049960,2023-05-01,Damaged Product
RET002698,ORD010093,2023-05-11,Late Delivery
RET002699,ORD047577,2025-03-09,Size Issue
RET002700,ORD034859,2025-03-19,Wrong Product
RET002701,ORD012806,2025-12-15,Damaged Product
RET002702,ORD012423,2023-04-17,Changed Mind
RET002703,ORD028729,2024-02-23,Wrong Product
RET002704,ORD041924,2023-03-12,Wrong Product
RET002705,ORD028237,2024-03-02,Late Delivery
RET002706,ORD023311,2023-04-19,Poor Quality
RET002707,ORD027812,2023-06-21,Late Delivery
RET002708,ORD014712,2023-01-25,Poor Quality
RET002709,ORD018795,2025-10-10,Poor Quality
RET002710,ORD006889,2025-06-08,Late Delivery
RET002711,ORD000772,2024-10-19,Wrong Product
RET002712,ORD002768,2023-03-20,Poor Quality
RET002713,ORD033763,2023-07-20,Damaged Product
RET002714,ORD043247,2023-02-04,Late Delivery
RET002715,ORD032833,2023-09-30,Size Issue
RET002716,ORD013063,2024-10-21,Damaged Product
RET002717,ORD044157,2023-07-16,Changed Mind
RET002718,ORD034737,2023-11-04,Wrong Product
RET002719,ORD024514,2025-09-03,Poor Quality
RET002720,ORD046126,2024-04-03,Size Issue
RET002721,ORD038235,2023-03-24,Damaged Product
RET002722,ORD025210,2024-12-29,Poor Quality
RET002723,ORD026935,2023-04-15,Poor Quality
RET002724,ORD021363,2023-02-27,Late Delivery
RET002725,ORD032641,2025-06-27,Poor Quality
RET002726,ORD046346,2024-09-28,Wrong Product
RET002727,ORD022573,2024-04-29,Damaged Product
RET002728,ORD031855,2025-07-23,Wrong Product
RET002729,ORD005224,2025-07-30,Late Delivery
RET002730,ORD013180,2025-08-09,Poor Quality
RET002731,ORD017124,2023-03-05,Poor Quality
RET002732,ORD020090,2023-03-05,Late Delivery
RET002733,ORD005967,2025-10-29,Poor Quality
RET002734,ORD036448,2024-01-04,Late Delivery
RET002735,ORD000647,2025-01-27,Size Issue
RET002736,ORD003781,2025-11-10,Damaged Product
RET002737,ORD020232,2025-10-17,Late Delivery
RET002738,ORD019264,2024-02-25,Damaged Product
RET002739,ORD024762,2024-05-11,Late Delivery
RET002740,ORD017161,2024-11-27,Late Delivery
RET002741,ORD030810,2025-11-10,Wrong Product
RET002742,ORD019736,2024-01-27,Wrong Product
RET002743,ORD047429,2023-02-18,Poor Quality
RET002744,ORD038060,2025-10-12,Changed Mind
RET002745,ORD000430,2024-07-21,Size Issue
RET002746,ORD009912,2023-10-18,Poor Quality
RET002747,ORD004017,2024-12-20,Wrong Product
RET002748,ORD002976,2025-09-10,Wrong Product
RET002749,ORD022228,2024-06-02,Poor Quality
RET002750,ORD046023,2023-07-29,Size Issue
RET002751,ORD031428,2023-12-25,Changed Mind
RET002752,ORD038534,2025-05-14,Wrong Product
RET002753,ORD032234,2024-01-27,Wrong Product
RET002754,ORD037011,2023-01-20,Wrong Product
RET002755,ORD018751,2025-10-14,Changed Mind
RET002756,ORD046249,2023-03-11,Damaged Product
RET002757,ORD008410,2024-09-26,Poor Quality
RET002758,ORD010407,2024-10-20,Changed Mind
RET002759,ORD023956,2024-08-23,Late Delivery
RET002760,ORD023042,2025-10-05,Late Delivery
RET002761,ORD019834,2024-05-25,Wrong Product
RET002762,ORD048428,2024-11-25,Changed Mind
RET002763,ORD007269,2023-01-23,Size Issue
RET002764,ORD044594,2025-10-24,Damaged Product
RET002765,ORD001139,2024-02-07,Wrong Product
RET002766,ORD004986,2025-03-01,Size Issue
RET002767,ORD002886,2023-05-10,Size Issue
RET002768,ORD048414,2023-02-03,Changed Mind
RET002769,ORD014978,2025-04-27,Late Delivery
RET002770,ORD038404,2023-08-03,Changed Mind
RET002771,ORD023792,2025-10-24,Size Issue
RET002772,ORD010994,2024-06-07,Late Delivery
RET002773,ORD044422,2025-10-09,Changed Mind
RET002774,ORD026582,2023-10-29,Size Issue
RET002775,ORD003121,2023-04-05,Size Issue
RET002776,ORD039203,2024-01-09,Size Issue
RET002777,ORD037448,2023-03-18,Damaged Product
RET002778,ORD004058,2025-05-09,Late Delivery
RET002779,ORD031986,2023-04-04,Late Delivery
RET002780,ORD049292,2024-06-01,Wrong Product
RET002781,ORD018870,2024-09-06,Size Issue
RET002782,ORD027740,2023-01-30,Poor Quality
RET002783,ORD007071,2023-02-04,Damaged Product
RET002784,ORD033875,2024-12-09,Size Issue
RET002785,ORD029559,2023-06-26,Wrong Product
RET002786,ORD017584,2025-12-31,Changed Mind
RET002787,ORD043157,2023-08-20,Poor Quality
RET002788,ORD018584,2024-01-14,Changed Mind
RET002789,ORD013459,2023-12-04,Wrong Product
RET002790,ORD017725,2024-10-23,Changed Mind
RET002791,ORD004570,2023-09-14,Late Delivery
RET002792,ORD031514,2024-09-13,Size Issue
RET002793,ORD021497,2025-03-18,Late Delivery
RET002794,ORD018176,2024-02-29,Damaged Product
RET002795,ORD006330,2024-09-28,Changed Mind
RET002796,ORD014875,2024-04-27,Wrong Product
RET002797,ORD040463,2023-06-29,Wrong Product
RET002798,ORD047442,2023-04-19,Poor Quality
RET002799,ORD039231,2023-03-30,Damaged Product
RET002800,ORD030147,2025-03-15,Wrong Product
RET002801,ORD049347,2023-09-10,Wrong Product
RET002802,ORD000199,2024-07-12,Late Delivery
RET002803,ORD001449,2024-09-03,Damaged Product
RET002804,ORD017758,2025-07-09,Poor Quality
RET002805,ORD044012,2025-03-17,Late Delivery
RET002806,ORD010269,2025-11-22,Poor Quality
RET002807,ORD032009,2024-02-25,Changed Mind
RET002808,ORD020834,2024-10-04,Wrong Product
RET002809,ORD034627,2023-05-19,Size Issue
RET002810,ORD008660,2025-05-25,Wrong Product
RET002811,ORD010046,2024-10-19,Changed Mind
RET002812,ORD016380,2023-04-28,Changed Mind
RET002813,ORD017245,2025-03-11,Damaged Product
RET002814,ORD031571,2024-05-25,Poor Quality
RET002815,ORD019724,2025-04-29,Poor Quality
RET002816,ORD040337,2025-11-30,Size Issue
RET002817,ORD012619,2026-01-10,Late Delivery
RET002818,ORD005747,2025-05-15,Poor Quality
RET002819,ORD044071,2023-09-21,Poor Quality
RET002820,ORD043135,2024-03-31,Damaged Product
RET002821,ORD023576,2024-02-18,Wrong Product
RET002822,ORD047224,2024-12-12,Damaged Product
RET002823,ORD025327,2024-07-11,Late Delivery
RET002824,ORD044217,2024-12-27,Late Delivery
RET002825,ORD019820,2023-02-11,Size Issue
RET002826,ORD047714,2025-02-25,Changed Mind
RET002827,ORD045674,2023-03-22,Size Issue
RET002828,ORD041828,2023-05-28,Size Issue
RET002829,ORD003841,2024-09-23,Changed Mind
RET002830,ORD034966,2024-11-02,Changed Mind
RET002831,ORD005646,2025-05-28,Wrong Product
RET002832,ORD033932,2023-05-21,Wrong Product
RET002833,ORD025316,2025-08-04,Wrong Product
RET002834,ORD023047,2025-10-08,Size Issue
RET002835,ORD009673,2025-03-06,Damaged Product
RET002836,ORD045834,2025-04-20,Size Issue
RET002837,ORD009243,2023-06-10,Changed Mind
RET002838,ORD035275,2023-07-07,Changed Mind
RET002839,ORD032447,2023-12-18,Damaged Product
RET002840,ORD000682,2025-09-02,Size Issue
RET002841,ORD045180,2025-12-23,Late Delivery
RET002842,ORD046940,2024-09-27,Wrong Product
RET002843,ORD041769,2024-03-07,Wrong Product
RET002844,ORD008813,2025-03-04,Changed Mind
RET002845,ORD040265,2024-11-03,Changed Mind
RET002846,ORD025267,2023-08-07,Damaged Product
RET002847,ORD049380,2023-08-04,Size Issue
RET002848,ORD028592,2024-12-06,Size Issue
RET002849,ORD012759,2025-07-09,Wrong Product
RET002850,ORD008475,2025-04-21,Wrong Product
RET002851,ORD024803,2024-10-22,Poor Quality
RET002852,ORD013506,2024-06-18,Poor Quality
RET002853,ORD018216,2024-11-13,Size Issue
RET002854,ORD044985,2024-09-11,Changed Mind
RET002855,ORD006225,2025-04-08,Size Issue
RET002856,ORD033323,2023-12-14,Damaged Product
RET002857,ORD032157,2023-09-05,Damaged Product
RET002858,ORD045144,2024-05-21,Damaged Product
RET002859,ORD010461,2025-04-14,Late Delivery
RET002860,ORD034111,2024-03-27,Damaged Product
RET002861,ORD036901,2025-09-28,Changed Mind
RET002862,ORD036463,2023-11-11,Poor Quality
RET002863,ORD000586,2024-06-12,Damaged Product
RET002864,ORD026502,2024-06-30,Poor Quality
RET002865,ORD039110,2024-01-03,Poor Quality
RET002866,ORD029317,2024-10-14,Poor Quality
RET002867,ORD023209,2025-12-21,Late Delivery
RET002868,ORD043786,2023-06-25,Damaged Product
RET002869,ORD023585,2024-03-13,Wrong Product
RET002870,ORD047911,2024-11-18,Size Issue
RET002871,ORD040065,2023-08-03,Size Issue
RET002872,ORD007651,2025-03-03,Wrong Product
RET002873,ORD007585,2024-06-10,Size Issue
RET002874,ORD040552,2023-03-22,Damaged Product
RET002875,ORD036928,2024-11-12,Size Issue
RET002876,ORD013374,2023-12-24,Size Issue
RET002877,ORD013485,2024-03-30,Wrong Product
RET002878,ORD024493,2024-10-07,Size Issue
RET002879,ORD002464,2024-10-29,Poor Quality
RET002880,ORD009830,2025-01-04,Wrong Product
RET002881,ORD031685,2023-11-23,Poor Quality
RET002882,ORD037429,2025-03-25,Size Issue
RET002883,ORD020340,2026-01-04,Late Delivery
RET002884,ORD048860,2025-05-07,Late Delivery
RET002885,ORD044241,2023-10-23,Poor Quality
RET002886,ORD047408,2024-01-09,Changed Mind
RET002887,ORD027507,2024-12-18,Wrong Product
RET002888,ORD017553,2023-10-12,Size Issue
RET002889,ORD023515,2023-09-30,Late Delivery
RET002890,ORD026007,2024-09-18,Late Delivery
RET002891,ORD046860,2025-02-28,Size Issue
RET002892,ORD029597,2023-09-04,Wrong Product
RET002893,ORD018047,2023-10-30,Changed Mind
RET002894,ORD044419,2025-09-24,Size Issue
RET002895,ORD031563,2024-04-09,Changed Mind
RET002896,ORD034963,2024-07-26,Damaged Product
RET002897,ORD007056,2024-02-12,Poor Quality
RET002898,ORD007647,2023-09-12,Changed Mind
RET002899,ORD025771,2024-11-26,Size Issue
RET002900,ORD043936,2024-10-05,Wrong Product
RET002901,ORD027720,2025-02-12,Changed Mind
RET002902,ORD028449,2024-06-02,Size Issue
RET002903,ORD048431,2025-08-15,Poor Quality
RET002904,ORD024385,2025-08-07,Late Delivery
RET002905,ORD038940,2024-12-25,Wrong Product
RET002906,ORD036466,2023-01-17,Size Issue
RET002907,ORD010928,2023-08-16,Size Issue
RET002908,ORD042424,2024-10-19,Late Delivery
RET002909,ORD012895,2024-10-27,Poor Quality
RET002910,ORD041068,2023-11-10,Late Delivery
RET002911,ORD026107,2025-11-16,Damaged Product
RET002912,ORD045575,2025-06-18,Changed Mind
RET002913,ORD003291,2025-01-28,Poor Quality
RET002914,ORD034118,2024-10-21,Size Issue
RET002915,ORD011428,2025-07-30,Late Delivery
RET002916,ORD015055,2024-10-26,Damaged Product
RET002917,ORD019475,2023-04-20,Size Issue
RET002918,ORD003495,2023-04-01,Poor Quality
RET002919,ORD005265,2025-09-05,Late Delivery
RET002920,ORD012378,2023-07-28,Damaged Product
RET002921,ORD020367,2023-04-19,Size Issue
RET002922,ORD045678,2023-08-09,Damaged Product
RET002923,ORD040830,2024-03-19,Poor Quality
RET002924,ORD006917,2023-03-12,Size Issue
RET002925,ORD018028,2025-12-14,Wrong Product
RET002926,ORD037746,2024-06-27,Wrong Product
RET002927,ORD021329,2023-07-14,Changed Mind
RET002928,ORD020280,2024-01-22,Poor Quality
RET002929,ORD041886,2024-05-02,Late Delivery
RET002930,ORD016546,2025-11-10,Size Issue
RET002931,ORD014068,2025-11-13,Changed Mind
RET002932,ORD020631,2024-05-12,Size Issue
RET002933,ORD021240,2023-06-21,Size Issue
RET002934,ORD027153,2024-04-17,Damaged Product
RET002935,ORD026635,2023-02-26,Poor Quality
RET002936,ORD010822,2024-10-15,Wrong Product
RET002937,ORD019016,2025-04-28,Poor Quality
RET002938,ORD014760,2025-08-02,Changed Mind
RET002939,ORD018120,2025-03-04,Poor Quality
RET002940,ORD042882,2025-09-05,Poor Quality
RET002941,ORD036208,2024-07-13,Changed Mind
RET002942,ORD049475,2024-01-26,Damaged Product
RET002943,ORD001825,2025-09-13,Wrong Product
RET002944,ORD046195,2024-01-01,Late Delivery
RET002945,ORD025435,2023-05-10,Poor Quality
RET002946,ORD040079,2025-04-07,Poor Quality
RET002947,ORD008910,2024-10-31,Damaged Product
RET002948,ORD020854,2025-03-22,Wrong Product
RET002949,ORD027451,2023-07-12,Size Issue
RET002950,ORD031938,2024-11-09,Late Delivery
RET002951,ORD006947,2023-09-26,Wrong Product
RET002952,ORD009686,2025-05-06,Changed Mind
RET002953,ORD034335,2026-01-01,Damaged Product
RET002954,ORD046759,2023-03-20,Size Issue
RET002955,ORD028475,2024-04-17,Late Delivery
RET002956,ORD018669,2025-05-12,Late Delivery
RET002957,ORD037157,2023-09-01,Size Issue
RET002958,ORD003565,2025-02-21,Changed Mind
RET002959,ORD028541,2025-11-30,Poor Quality
RET002960,ORD018050,2025-04-01,Changed Mind
RET002961,ORD028080,2023-01-20,Late Delivery
RET002962,ORD028533,2024-06-15,Wrong Product
RET002963,ORD021421,2025-01-09,Late Delivery
RET002964,ORD000323,2025-02-01,Poor Quality
RET002965,ORD047971,2025-05-23,Wrong Product
RET002966,ORD019346,2023-05-07,Size Issue
RET002967,ORD014805,2023-05-27,Wrong Product
RET002968,ORD045992,2024-10-05,Poor Quality
RET002969,ORD045620,2025-07-04,Damaged Product
RET002970,ORD049166,2024-07-29,Late Delivery
RET002971,ORD028280,2024-05-25,Size Issue
RET002972,ORD038832,2023-04-15,Changed Mind
RET002973,ORD029277,2025-10-10,Changed Mind
RET002974,ORD027489,2024-06-18,Wrong Product
RET002975,ORD043006,2023-10-06,Changed Mind
RET002976,ORD010497,2023-04-13,Damaged Product
RET002977,ORD042663,2023-06-30,Poor Quality
RET002978,ORD005529,2025-08-10,Wrong Product
RET002979,ORD035388,2023-04-27,Poor Quality
RET002980,ORD031209,2023-02-08,Damaged Product
RET002981,ORD040988,2023-12-02,Size Issue
RET002982,ORD021333,2025-11-28,Size Issue
RET002983,ORD003403,2024-12-29,Poor Quality
RET002984,ORD007781,2024-12-06,Wrong Product
RET002985,ORD027136,2023-08-08,Changed Mind
RET002986,ORD045930,2023-03-08,Poor Quality
RET002987,ORD025716,2026-01-17,Size Issue
RET002988,ORD022230,2023-09-27,Late Delivery
RET002989,ORD000483,2025-01-05,Wrong Product
RET002990,ORD028662,2024-11-04,Wrong Product
RET002991,ORD014182,2023-04-03,Late Delivery
RET002992,ORD039685,2025-12-12,Damaged Product
RET002993,ORD008791,2023-11-16,Poor Quality
RET002994,ORD038979,2024-05-01,Changed Mind
RET002995,ORD040402,2024-09-01,Changed Mind
RET002996,ORD002875,2024-04-11,Late Delivery
RET002997,ORD045436,2024-06-01,Late Delivery
RET002998,ORD022604,2024-02-23,Changed Mind
RET002999,ORD037028,2024-04-24,Damaged Product
RET003000,ORD044394,2025-12-19,Poor Quality
RET003001,ORD004216,2023-04-14,Damaged Product
RET003002,ORD033068,2023-08-31,Size Issue
RET003003,ORD013592,2024-02-09,Wrong Product
RET003004,ORD044341,2025-09-03,Damaged Product
RET003005,ORD038870,2024-11-02,Changed Mind
RET003006,ORD046869,2023-08-29,Changed Mind
RET003007,ORD000374,2025-12-12,Size Issue
RET003008,ORD048582,2023-08-26,Size Issue
RET003009,ORD039617,2025-01-27,Poor Quality
RET003010,ORD027089,2023-02-01,Late Delivery
RET003011,ORD032025,2024-12-22,Wrong Product
RET003012,ORD021635,2023-09-18,Damaged Product
RET003013,ORD004580,2025-05-29,Late Delivery
RET003014,ORD039393,2023-07-09,Poor Quality
RET003015,ORD017783,2025-09-19,Changed Mind
RET003016,ORD040303,2025-11-02,Damaged Product
RET003017,ORD019517,2024-11-03,Late Delivery
RET003018,ORD028310,2023-03-23,Changed Mind
RET003019,ORD012618,2023-01-25,Poor Quality
RET003020,ORD035499,2025-09-26,Changed Mind
RET003021,ORD035885,2024-09-28,Poor Quality
RET003022,ORD031745,2025-02-07,Damaged Product
RET003023,ORD048721,2024-12-22,Changed Mind
RET003024,ORD013912,2025-08-16,Poor Quality
RET003025,ORD007095,2023-06-05,Changed Mind
RET003026,ORD015401,2024-11-07,Size Issue
RET003027,ORD042130,2024-02-07,Size Issue
RET003028,ORD029298,2024-12-21,Changed Mind
RET003029,ORD033130,2023-05-25,Size Issue
RET003030,ORD029117,2024-01-25,Wrong Product
RET003031,ORD007688,2025-02-18,Size Issue
RET003032,ORD045115,2024-08-23,Wrong Product
RET003033,ORD000063,2024-11-30,Wrong Product
RET003034,ORD025110,2024-01-02,Poor Quality
RET003035,ORD012025,2024-05-24,Poor Quality
RET003036,ORD037596,2025-05-16,Changed Mind
RET003037,ORD007893,2024-10-09,Changed Mind
RET003038,ORD020266,2023-03-26,Wrong Product
RET003039,ORD049707,2023-06-08,Size Issue
RET003040,ORD047293,2024-10-23,Late Delivery
RET003041,ORD022682,2024-05-08,Changed Mind
RET003042,ORD029910,2024-10-12,Damaged Product
RET003043,ORD002386,2024-10-13,Wrong Product
RET003044,ORD025885,2025-06-11,Wrong Product
RET003045,ORD003185,2024-02-17,Changed Mind
RET003046,ORD021753,2025-02-16,Damaged Product
RET003047,ORD008359,2024-09-25,Late Delivery
RET003048,ORD004996,2023-05-01,Wrong Product
RET003049,ORD019991,2023-02-13,Damaged Product
RET003050,ORD037219,2023-03-02,Size Issue
RET003051,ORD045048,2023-10-12,Wrong Product
RET003052,ORD013735,2023-10-23,Late Delivery
RET003053,ORD006112,2024-09-03,Late Delivery
RET003054,ORD005374,2024-02-09,Poor Quality
RET003055,ORD042275,2024-06-03,Damaged Product
RET003056,ORD012432,2025-04-07,Poor Quality
RET003057,ORD007919,2024-11-23,Poor Quality
RET003058,ORD035812,2025-02-13,Wrong Product
RET003059,ORD037631,2023-06-22,Damaged Product
RET003060,ORD012141,2025-07-09,Late Delivery
RET003061,ORD039635,2023-06-16,Wrong Product
RET003062,ORD009646,2024-11-15,Changed Mind
RET003063,ORD043842,2025-06-14,Size Issue
RET003064,ORD036449,2023-04-11,Wrong Product
RET003065,ORD025314,2023-10-13,Size Issue
RET003066,ORD046536,2024-09-23,Poor Quality
RET003067,ORD005305,2024-04-17,Size Issue
RET003068,ORD038770,2025-12-10,Damaged Product
RET003069,ORD022446,2023-10-17,Damaged Product
RET003070,ORD010325,2023-06-21,Damaged Product
RET003071,ORD037747,2025-12-11,Size Issue
RET003072,ORD041365,2023-03-23,Size Issue
RET003073,ORD003181,2025-05-09,Damaged Product
RET003074,ORD029110,2023-09-27,Size Issue
RET003075,ORD026630,2025-12-27,Changed Mind
RET003076,ORD017021,2025-07-19,Size Issue
RET003077,ORD004615,2026-01-01,Size Issue
RET003078,ORD030559,2023-12-12,Changed Mind
RET003079,ORD000429,2023-01-08,Late Delivery
RET003080,ORD045145,2023-11-17,Changed Mind
RET003081,ORD036166,2023-03-14,Poor Quality
RET003082,ORD046192,2025-01-20,Wrong Product
RET003083,ORD043339,2023-10-19,Wrong Product
RET003084,ORD021862,2025-08-11,Wrong Product
RET003085,ORD024212,2023-03-28,Damaged Product
RET003086,ORD010366,2023-11-26,Wrong Product
RET003087,ORD039273,2024-07-27,Poor Quality
RET003088,ORD033413,2023-07-24,Changed Mind
RET003089,ORD020850,2023-08-04,Poor Quality
RET003090,ORD016843,2024-09-07,Size Issue
RET003091,ORD009999,2025-06-01,Late Delivery
RET003092,ORD023187,2024-06-11,Damaged Product
RET003093,ORD007498,2025-04-07,Size Issue
RET003094,ORD005460,2024-05-27,Poor Quality
RET003095,ORD004574,2025-02-12,Late Delivery
RET003096,ORD008172,2025-12-04,Size Issue
RET003097,ORD033840,2023-07-22,Late Delivery
RET003098,ORD023589,2024-07-19,Wrong Product
RET003099,ORD041913,2023-09-16,Poor Quality
RET003100,ORD007295,2024-11-14,Wrong Product
RET003101,ORD025914,2025-02-14,Poor Quality
RET003102,ORD016358,2023-05-14,Size Issue
RET003103,ORD036330,2023-09-03,Size Issue
RET003104,ORD046763,2025-11-06,Wrong Product
RET003105,ORD013264,2023-06-06,Changed Mind
RET003106,ORD033511,2025-06-09,Changed Mind
RET003107,ORD044106,2025-01-04,Late Delivery
RET003108,ORD011193,2023-01-05,Wrong Product
RET003109,ORD027639,2025-04-02,Late Delivery
RET003110,ORD035306,2024-03-13,Wrong Product
RET003111,ORD017715,2024-05-07,Poor Quality
RET003112,ORD032664,2024-12-15,Late Delivery
RET003113,ORD013168,2025-03-27,Late Delivery
RET003114,ORD025291,2025-11-30,Wrong Product
RET003115,ORD027402,2024-02-16,Wrong Product
RET003116,ORD012458,2026-01-14,Damaged Product
RET003117,ORD002186,2025-01-13,Damaged Product
RET003118,ORD037088,2023-06-04,Size Issue
RET003119,ORD021359,2024-04-26,Damaged Product
RET003120,ORD040554,2024-09-20,Damaged Product
RET003121,ORD025254,2024-04-23,Size Issue
RET003122,ORD002495,2024-10-13,Changed Mind
RET003123,ORD011033,2025-03-02,Changed Mind
RET003124,ORD013612,2024-12-08,Changed Mind
RET003125,ORD026445,2024-08-23,Wrong Product
RET003126,ORD041258,2024-09-10,Poor Quality
RET003127,ORD011763,2025-11-01,Damaged Product
RET003128,ORD005236,2023-05-12,Wrong Product
RET003129,ORD005764,2024-04-23,Wrong Product
RET003130,ORD019733,2024-04-09,Size Issue
RET003131,ORD039018,2024-10-07,Late Delivery
RET003132,ORD036079,2023-11-23,Damaged Product
RET003133,ORD044768,2024-01-13,Size Issue
RET003134,ORD028281,2025-07-02,Damaged Product
RET003135,ORD046355,2025-08-29,Changed Mind
RET003136,ORD042759,2023-10-13,Changed Mind
RET003137,ORD048921,2024-05-20,Changed Mind
RET003138,ORD047079,2025-10-07,Late Delivery
RET003139,ORD018152,2024-10-30,Size Issue
RET003140,ORD041441,2024-03-18,Wrong Product
RET003141,ORD018347,2025-06-17,Size Issue
RET003142,ORD021523,2024-10-21,Changed Mind
RET003143,ORD039093,2023-10-10,Size Issue
RET003144,ORD029609,2025-04-29,Late Delivery
RET003145,ORD019137,2025-05-07,Damaged Product
RET003146,ORD009385,2024-01-20,Poor Quality
RET003147,ORD021113,2023-07-09,Poor Quality
RET003148,ORD043031,2023-05-12,Damaged Product
RET003149,ORD016159,2025-02-08,Poor Quality
RET003150,ORD024593,2024-07-20,Size Issue
RET003151,ORD027462,2024-12-27,Late Delivery
RET003152,ORD010167,2025-02-02,Damaged Product
RET003153,ORD034916,2025-10-13,Late Delivery
RET003154,ORD034138,2025-08-22,Damaged Product
RET003155,ORD031231,2024-04-22,Damaged Product
RET003156,ORD044958,2023-06-08,Size Issue
RET003157,ORD003031,2023-05-20,Poor Quality
RET003158,ORD029207,2025-07-09,Poor Quality
RET003159,ORD031461,2023-04-02,Size Issue
RET003160,ORD040777,2023-03-13,Late Delivery
RET003161,ORD043706,2025-11-09,Late Delivery
RET003162,ORD028615,2025-11-08,Damaged Product
RET003163,ORD030871,2025-04-12,Late Delivery
RET003164,ORD009069,2025-05-01,Late Delivery
RET003165,ORD022922,2024-02-24,Poor Quality
RET003166,ORD036212,2023-06-07,Damaged Product
RET003167,ORD030421,2023-11-06,Size Issue
RET003168,ORD003228,2023-03-03,Size Issue
RET003169,ORD044490,2024-04-29,Poor Quality
RET003170,ORD025420,2025-01-02,Size Issue
RET003171,ORD032344,2023-01-14,Damaged Product
RET003172,ORD030373,2025-05-22,Wrong Product
RET003173,ORD018380,2025-03-24,Late Delivery
RET003174,ORD035716,2025-11-22,Changed Mind
RET003175,ORD043932,2025-01-26,Size Issue
RET003176,ORD005708,2023-08-04,Poor Quality
RET003177,ORD049578,2025-07-15,Changed Mind
RET003178,ORD026773,2024-12-27,Damaged Product
RET003179,ORD037655,2024-10-23,Late Delivery
RET003180,ORD000386,2023-08-04,Changed Mind
RET003181,ORD039191,2023-04-21,Late Delivery
RET003182,ORD003376,2024-06-28,Wrong Product
RET003183,ORD029725,2023-08-29,Changed Mind
RET003184,ORD018893,2025-08-24,Wrong Product
RET003185,ORD030062,2025-10-31,Late Delivery
RET003186,ORD003864,2023-04-16,Size Issue
RET003187,ORD043116,2025-03-31,Damaged Product
RET003188,ORD007210,2023-07-30,Changed Mind
RET003189,ORD003367,2025-07-08,Changed Mind
RET003190,ORD014442,2025-02-13,Changed Mind
RET003191,ORD015971,2023-06-18,Late Delivery
RET003192,ORD045343,2025-05-31,Late Delivery
RET003193,ORD006076,2025-12-25,Changed Mind
RET003194,ORD032811,2023-05-17,Wrong Product
RET003195,ORD047849,2025-01-09,Poor Quality
RET003196,ORD038202,2024-01-13,Poor Quality
RET003197,ORD032662,2023-02-18,Poor Quality
RET003198,ORD002096,2023-06-27,Damaged Product
RET003199,ORD028781,2023-08-02,Size Issue
RET003200,ORD042963,2025-06-04,Wrong Product
RET003201,ORD031466,2023-01-31,Wrong Product
RET003202,ORD003759,2024-06-15,Size Issue
RET003203,ORD030137,2024-03-19,Wrong Product
RET003204,ORD013343,2023-11-24,Poor Quality
RET003205,ORD037834,2024-06-02,Poor Quality
RET003206,ORD016919,2024-04-29,Wrong Product
RET003207,ORD026793,2023-03-05,Late Delivery
RET003208,ORD028792,2023-06-28,Size Issue
RET003209,ORD046386,2024-10-30,Damaged Product
RET003210,ORD047795,2024-02-04,Late Delivery
RET003211,ORD013675,2023-01-15,Changed Mind
RET003212,ORD019394,2025-03-27,Poor Quality
RET003213,ORD016766,2025-08-29,Wrong Product
RET003214,ORD011314,2024-03-22,Changed Mind
RET003215,ORD046457,2026-01-12,Size Issue
RET003216,ORD022609,2024-11-25,Late Delivery
RET003217,ORD008921,2025-04-30,Size Issue
RET003218,ORD001282,2023-07-02,Changed Mind
RET003219,ORD046450,2025-10-12,Poor Quality
RET003220,ORD033864,2023-12-26,Damaged Product
RET003221,ORD009065,2023-08-13,Poor Quality
RET003222,ORD039822,2025-09-17,Late Delivery
RET003223,ORD023078,2024-08-16,Wrong Product
RET003224,ORD024066,2023-07-16,Damaged Product
RET003225,ORD000915,2025-08-28,Changed Mind
RET003226,ORD022126,2025-08-28,Size Issue
RET003227,ORD023365,2025-05-09,Size Issue
RET003228,ORD031432,2024-12-31,Size Issue
RET003229,ORD026750,2025-08-08,Size Issue
RET003230,ORD033780,2024-11-15,Damaged Product
RET003231,ORD041928,2025-05-01,Changed Mind
RET003232,ORD017472,2024-02-08,Size Issue
RET003233,ORD019316,2023-11-02,Size Issue
RET003234,ORD044429,2023-05-27,Late Delivery
RET003235,ORD032657,2025-04-10,Size Issue
RET003236,ORD036918,2024-07-06,Late Delivery
RET003237,ORD000899,2023-08-23,Size Issue
RET003238,ORD023559,2024-01-07,Poor Quality
RET003239,ORD046238,2025-02-18,Late Delivery
RET003240,ORD040171,2025-10-30,Size Issue
RET003241,ORD023308,2024-01-16,Wrong Product
RET003242,ORD017629,2025-12-28,Changed Mind
RET003243,ORD017519,2023-01-13,Size Issue
RET003244,ORD000972,2024-12-19,Poor Quality
RET003245,ORD035853,2023-06-03,Poor Quality
RET003246,ORD012131,2024-12-21,Poor Quality
RET003247,ORD011462,2025-02-18,Wrong Product
RET003248,ORD018695,2024-04-08,Poor Quality
RET003249,ORD044136,2025-07-09,Size Issue
RET003250,ORD011049,2025-02-27,Size Issue
RET003251,ORD018127,2024-07-19,Late Delivery
RET003252,ORD006527,2024-04-19,Wrong Product
RET003253,ORD035963,2023-12-01,Wrong Product
RET003254,ORD002133,2025-06-28,Changed Mind
RET003255,ORD032291,2025-02-04,Damaged Product
RET003256,ORD011225,2024-12-12,Damaged Product
RET003257,ORD049691,2024-08-30,Poor Quality
RET003258,ORD002373,2023-03-09,Wrong Product
RET003259,ORD019000,2025-11-04,Size Issue
RET003260,ORD006485,2023-10-09,Wrong Product
RET003261,ORD018254,2023-05-08,Damaged Product
RET003262,ORD038924,2023-08-05,Damaged Product
RET003263,ORD008616,2025-10-13,Poor Quality
RET003264,ORD028323,2023-07-28,Late Delivery
RET003265,ORD036524,2023-03-14,Wrong Product
RET003266,ORD008579,2024-02-11,Wrong Product
RET003267,ORD042514,2024-11-20,Damaged Product
RET003268,ORD008021,2025-10-24,Wrong Product
RET003269,ORD047345,2024-04-30,Late Delivery
RET003270,ORD039101,2024-04-19,Late Delivery
RET003271,ORD038367,2025-09-17,Damaged Product
RET003272,ORD001013,2025-08-05,Size Issue
RET003273,ORD002248,2024-04-26,Changed Mind
RET003274,ORD021318,2024-11-26,Late Delivery
RET003275,ORD044843,2025-08-26,Damaged Product
RET003276,ORD033284,2025-12-01,Damaged Product
RET003277,ORD037639,2024-01-14,Late Delivery
RET003278,ORD041587,2025-12-04,Wrong Product
RET003279,ORD049129,2025-11-08,Late Delivery
RET003280,ORD048363,2025-07-03,Size Issue
RET003281,ORD044020,2024-08-18,Damaged Product
RET003282,ORD020496,2023-07-29,Size Issue
RET003283,ORD005568,2025-02-11,Wrong Product
RET003284,ORD011833,2025-12-09,Damaged Product
RET003285,ORD038331,2025-06-09,Size Issue
RET003286,ORD032212,2024-11-20,Late Delivery
RET003287,ORD025616,2025-01-17,Damaged Product
RET003288,ORD044932,2025-04-30,Late Delivery
RET003289,ORD000232,2023-03-17,Late Delivery
RET003290,ORD038515,2023-08-04,Poor Quality
RET003291,ORD041664,2025-08-14,Late Delivery
RET003292,ORD005978,2024-02-28,Changed Mind
RET003293,ORD006649,2024-03-31,Late Delivery
RET003294,ORD040880,2023-05-14,Changed Mind
RET003295,ORD037519,2023-03-09,Damaged Product
RET003296,ORD017610,2023-10-31,Damaged Product
RET003297,ORD028060,2024-06-11,Size Issue
RET003298,ORD012258,2025-04-01,Poor Quality
RET003299,ORD023746,2024-07-12,Wrong Product
RET003300,ORD021357,2024-10-09,Late Delivery
RET003301,ORD002894,2024-08-10,Late Delivery
RET003302,ORD024415,2025-10-16,Wrong Product
RET003303,ORD014230,2023-08-06,Size Issue
RET003304,ORD023400,2023-02-01,Changed Mind
RET003305,ORD002639,2023-11-22,Changed Mind
RET003306,ORD047262,2024-03-09,Size Issue
RET003307,ORD010152,2025-01-12,Damaged Product
RET003308,ORD045311,2024-07-11,Damaged Product
RET003309,ORD014418,2025-01-17,Poor Quality
RET003310,ORD039357,2023-02-25,Poor Quality
RET003311,ORD030251,2024-08-19,Wrong Product
RET003312,ORD028593,2024-10-20,Damaged Product
RET003313,ORD048389,2025-03-08,Late Delivery
RET003314,ORD021211,2024-04-04,Poor Quality
RET003315,ORD042733,2023-06-22,Wrong Product
RET003316,ORD010971,2025-08-19,Late Delivery
RET003317,ORD031538,2025-08-07,Poor Quality
RET003318,ORD026534,2024-08-04,Damaged Product
RET003319,ORD029312,2025-06-27,Changed Mind
RET003320,ORD036836,2025-08-15,Size Issue
RET003321,ORD005932,2024-02-03,Damaged Product
RET003322,ORD003805,2023-08-01,Wrong Product
RET003323,ORD030203,2023-08-13,Poor Quality
RET003324,ORD033212,2023-07-07,Wrong Product
RET003325,ORD048170,2024-01-21,Damaged Product
RET003326,ORD002981,2023-01-31,Damaged Product
RET003327,ORD016786,2024-08-26,Poor Quality
RET003328,ORD025498,2023-03-13,Changed Mind
RET003329,ORD003738,2023-03-30,Size Issue
RET003330,ORD031467,2025-01-07,Late Delivery
RET003331,ORD021681,2023-06-19,Damaged Product
RET003332,ORD047030,2023-10-25,Size Issue
RET003333,ORD020993,2024-10-06,Poor Quality
RET003334,ORD023410,2024-03-03,Changed Mind
RET003335,ORD004378,2025-07-19,Damaged Product
RET003336,ORD024848,2024-07-27,Wrong Product
RET003337,ORD045656,2024-06-21,Wrong Product
RET003338,ORD042861,2025-02-15,Late Delivery
RET003339,ORD043942,2024-09-24,Late Delivery
RET003340,ORD003096,2024-01-20,Poor Quality
RET003341,ORD036268,2023-09-23,Poor Quality
RET003342,ORD014278,2023-05-21,Damaged Product
RET003343,ORD011592,2025-03-26,Changed Mind
RET003344,ORD044476,2025-01-11,Poor Quality
RET003345,ORD046566,2025-02-25,Damaged Product
RET003346,ORD043711,2024-10-02,Damaged Product
RET003347,ORD038692,2023-02-16,Wrong Product
RET003348,ORD027025,2024-04-16,Late Delivery
RET003349,ORD038845,2024-09-07,Size Issue
RET003350,ORD030142,2024-09-19,Damaged Product
RET003351,ORD008395,2024-01-13,Size Issue
RET003352,ORD004606,2023-06-05,Late Delivery
RET003353,ORD033052,2024-11-12,Wrong Product
RET003354,ORD035010,2023-04-18,Poor Quality
RET003355,ORD016696,2025-06-07,Damaged Product
RET003356,ORD024588,2025-11-12,Late Delivery
RET003357,ORD018984,2025-12-31,Poor Quality
RET003358,ORD005716,2024-07-15,Late Delivery
RET003359,ORD034076,2023-05-17,Late Delivery
RET003360,ORD041052,2023-05-12,Poor Quality
RET003361,ORD022740,2023-07-24,Poor Quality
RET003362,ORD032477,2024-07-11,Damaged Product
RET003363,ORD042199,2025-10-02,Changed Mind
RET003364,ORD023866,2024-08-20,Damaged Product
RET003365,ORD048816,2023-05-16,Poor Quality
RET003366,ORD042085,2025-06-04,Poor Quality
RET003367,ORD001877,2023-02-12,Damaged Product
RET003368,ORD007790,2025-04-17,Late Delivery
RET003369,ORD004306,2023-06-13,Wrong Product
RET003370,ORD000626,2024-03-04,Damaged Product
RET003371,ORD039756,2026-01-03,Size Issue
RET003372,ORD015001,2023-08-24,Late Delivery
RET003373,ORD015645,2024-02-10,Size Issue
RET003374,ORD030603,2024-02-07,Wrong Product
RET003375,ORD029898,2024-06-07,Damaged Product
RET003376,ORD034420,2024-08-22,Damaged Product
RET003377,ORD041101,2025-08-07,Changed Mind
RET003378,ORD014033,2025-02-13,Damaged Product
RET003379,ORD019141,2024-06-28,Size Issue
RET003380,ORD035631,2025-03-23,Damaged Product
RET003381,ORD048655,2024-12-13,Wrong Product
RET003382,ORD035023,2025-01-07,Wrong Product
RET003383,ORD046127,2023-12-20,Wrong Product
RET003384,ORD005611,2023-02-01,Size Issue
RET003385,ORD039232,2025-03-01,Late Delivery
RET003386,ORD010645,2025-03-31,Poor Quality
RET003387,ORD049989,2024-08-14,Changed Mind
RET003388,ORD019372,2025-07-12,Damaged Product
RET003389,ORD035076,2023-07-01,Changed Mind
RET003390,ORD045172,2025-02-16,Late Delivery
RET003391,ORD004385,2024-12-18,Poor Quality
RET003392,ORD014459,2023-06-10,Late Delivery
RET003393,ORD016477,2024-04-02,Poor Quality
RET003394,ORD012762,2023-04-25,Wrong Product
RET003395,ORD024555,2024-09-13,Poor Quality
RET003396,ORD020454,2025-07-22,Wrong Product
RET003397,ORD000481,2025-07-09,Changed Mind
RET003398,ORD037869,2024-02-18,Wrong Product
RET003399,ORD042002,2023-12-05,Damaged Product
RET003400,ORD042704,2023-09-22,Size Issue
RET003401,ORD038466,2025-10-08,Damaged Product
RET003402,ORD012981,2024-09-12,Poor Quality
RET003403,ORD009734,2024-09-23,Size Issue
RET003404,ORD026183,2023-04-10,Poor Quality
RET003405,ORD028681,2024-09-16,Wrong Product
RET003406,ORD015190,2023-09-29,Late Delivery
RET003407,ORD045947,2024-01-02,Size Issue
RET003408,ORD036080,2025-04-26,Poor Quality
RET003409,ORD031256,2024-08-08,Changed Mind
RET003410,ORD047127,2023-01-31,Late Delivery
RET003411,ORD026493,2023-11-15,Changed Mind
RET003412,ORD047923,2023-04-23,Size Issue
RET003413,ORD007328,2024-12-28,Late Delivery
RET003414,ORD000274,2024-05-23,Late Delivery
RET003415,ORD029651,2024-11-10,Poor Quality
RET003416,ORD032907,2025-12-27,Changed Mind
RET003417,ORD015040,2024-12-15,Poor Quality
RET003418,ORD023849,2023-03-25,Poor Quality
RET003419,ORD032854,2025-04-24,Late Delivery
RET003420,ORD015109,2023-10-04,Damaged Product
RET003421,ORD016160,2025-03-01,Poor Quality
RET003422,ORD042475,2024-09-10,Poor Quality
RET003423,ORD002175,2023-04-19,Changed Mind
RET003424,ORD043099,2024-07-18,Changed Mind
RET003425,ORD026678,2024-06-01,Damaged Product
RET003426,ORD020125,2024-06-03,Changed Mind
RET003427,ORD046575,2025-06-01,Changed Mind
RET003428,ORD038342,2024-04-25,Late Delivery
RET003429,ORD031064,2024-09-12,Changed Mind
RET003430,ORD004352,2024-08-21,Wrong Product
RET003431,ORD015299,2024-12-17,Size Issue
RET003432,ORD000759,2025-02-16,Size Issue
RET003433,ORD025813,2023-10-08,Wrong Product
RET003434,ORD023973,2025-07-07,Damaged Product
RET003435,ORD022141,2025-08-27,Size Issue
RET003436,ORD007515,2024-10-28,Changed Mind
RET003437,ORD001819,2024-09-03,Late Delivery
RET003438,ORD013820,2025-07-25,Wrong Product
RET003439,ORD046526,2024-10-12,Damaged Product
RET003440,ORD042048,2025-08-02,Late Delivery
RET003441,ORD027012,2023-05-11,Late Delivery
RET003442,ORD047048,2024-07-04,Changed Mind
RET003443,ORD014364,2025-09-15,Changed Mind
RET003444,ORD013905,2024-01-16,Late Delivery
RET003445,ORD036896,2023-06-14,Late Delivery
RET003446,ORD038798,2023-06-18,Poor Quality
RET003447,ORD044982,2024-02-13,Poor Quality
RET003448,ORD032837,2024-10-15,Poor Quality
RET003449,ORD044959,2025-12-30,Wrong Product
RET003450,ORD029503,2023-06-26,Size Issue
RET003451,ORD034119,2025-09-01,Changed Mind
RET003452,ORD025431,2023-08-21,Wrong Product
RET003453,ORD025377,2024-01-26,Wrong Product
RET003454,ORD048787,2023-09-04,Late Delivery
RET003455,ORD040185,2024-03-17,Wrong Product
RET003456,ORD017594,2023-11-06,Damaged Product
RET003457,ORD022679,2025-09-04,Late Delivery
RET003458,ORD015240,2024-03-30,Wrong Product
RET003459,ORD008405,2025-09-03,Size Issue
RET003460,ORD011397,2023-11-11,Late Delivery
RET003461,ORD038655,2025-12-27,Changed Mind
RET003462,ORD020501,2025-08-04,Changed Mind
RET003463,ORD017067,2025-11-05,Size Issue
RET003464,ORD048546,2024-06-30,Late Delivery
RET003465,ORD007802,2023-08-14,Late Delivery
RET003466,ORD044528,2024-02-09,Size Issue
RET003467,ORD046622,2025-11-08,Wrong Product
RET003468,ORD012231,2024-04-26,Size Issue
RET003469,ORD026507,2024-05-20,Poor Quality
RET003470,ORD040433,2023-05-20,Damaged Product
RET003471,ORD041027,2023-09-17,Size Issue
RET003472,ORD005267,2025-08-26,Changed Mind
RET003473,ORD035760,2025-09-12,Wrong Product
RET003474,ORD043568,2025-05-19,Changed Mind
RET003475,ORD000352,2025-07-16,Changed Mind
RET003476,ORD005012,2023-08-11,Poor Quality
RET003477,ORD006577,2025-08-25,Damaged Product
RET003478,ORD003223,2024-04-06,Late Delivery
RET003479,ORD001577,2024-05-15,Wrong Product
RET003480,ORD003662,2025-12-30,Size Issue
RET003481,ORD015045,2025-05-20,Poor Quality
RET003482,ORD016235,2023-02-08,Late Delivery
RET003483,ORD040297,2025-09-26,Damaged Product
RET003484,ORD017547,2024-08-11,Damaged Product
RET003485,ORD022883,2025-07-22,Wrong Product
RET003486,ORD003540,2023-05-20,Damaged Product
RET003487,ORD011043,2025-11-27,Poor Quality
RET003488,ORD021164,2025-12-04,Poor Quality
RET003489,ORD010825,2023-01-16,Wrong Product
RET003490,ORD026492,2025-06-08,Damaged Product
RET003491,ORD013587,2023-12-31,Changed Mind
RET003492,ORD031850,2024-03-06,Damaged Product
RET003493,ORD018125,2025-02-06,Size Issue
RET003494,ORD003605,2023-04-17,Wrong Product
RET003495,ORD044360,2025-08-23,Poor Quality
RET003496,ORD025609,2025-11-05,Wrong Product
RET003497,ORD035066,2024-05-23,Poor Quality
RET003498,ORD038939,2025-10-24,Changed Mind
RET003499,ORD013487,2024-04-07,Size Issue
RET003500,ORD049621,2025-09-24,Size Issue
RET003501,ORD014749,2024-01-28,Size Issue
RET003502,ORD041952,2023-02-20,Damaged Product
RET003503,ORD037351,2025-02-06,Size Issue
RET003504,ORD039609,2024-12-08,Changed Mind
RET003505,ORD035203,2025-12-29,Size Issue
RET003506,ORD040379,2023-07-02,Damaged Product
RET003507,ORD046315,2025-10-09,Late Delivery
RET003508,ORD038374,2024-04-07,Poor Quality
RET003509,ORD026979,2025-10-18,Damaged Product
RET003510,ORD033253,2023-02-01,Damaged Product
RET003511,ORD041290,2025-04-06,Wrong Product
RET003512,ORD044004,2024-05-20,Damaged Product
RET003513,ORD035416,2024-12-17,Late Delivery
RET003514,ORD032841,2024-03-22,Changed Mind
RET003515,ORD006966,2025-06-24,Late Delivery
RET003516,ORD039301,2024-06-19,Wrong Product
RET003517,ORD030104,2023-09-08,Wrong Product
RET003518,ORD006789,2023-11-03,Poor Quality
RET003519,ORD029667,2025-08-13,Size Issue
RET003520,ORD035221,2024-02-29,Poor Quality
RET003521,ORD018594,2023-03-23,Damaged Product
RET003522,ORD035449,2024-03-22,Changed Mind
RET003523,ORD006996,2025-09-07,Late Delivery
RET003524,ORD009166,2023-06-04,Late Delivery
RET003525,ORD009190,2025-09-30,Size Issue
RET003526,ORD036616,2023-12-01,Poor Quality
RET003527,ORD043159,2024-07-14,Late Delivery
RET003528,ORD016781,2023-10-25,Size Issue
RET003529,ORD013672,2024-01-16,Size Issue
RET003530,ORD049474,2024-12-24,Late Delivery
RET003531,ORD017420,2024-10-31,Poor Quality
RET003532,ORD005035,2023-03-17,Poor Quality
RET003533,ORD002903,2023-07-20,Damaged Product
RET003534,ORD011477,2024-04-28,Poor Quality
RET003535,ORD002435,2024-06-02,Damaged Product
RET003536,ORD036501,2025-08-28,Late Delivery
RET003537,ORD001854,2023-11-22,Poor Quality
RET003538,ORD019474,2024-12-13,Changed Mind
RET003539,ORD030046,2025-07-12,Wrong Product
RET003540,ORD037818,2025-04-27,Changed Mind
RET003541,ORD003830,2025-02-16,Size Issue
RET003542,ORD027075,2023-12-18,Late Delivery
RET003543,ORD021052,2023-10-04,Damaged Product
RET003544,ORD034500,2025-07-28,Late Delivery
RET003545,ORD000559,2025-03-09,Poor Quality
RET003546,ORD026896,2023-10-23,Poor Quality
RET003547,ORD039390,2024-02-01,Size Issue
RET003548,ORD011839,2023-02-21,Changed Mind
RET003549,ORD046260,2024-12-17,Poor Quality
RET003550,ORD023813,2024-05-10,Changed Mind
RET003551,ORD029540,2024-05-18,Poor Quality
RET003552,ORD009667,2024-04-02,Late Delivery
RET003553,ORD021112,2025-03-14,Size Issue
RET003554,ORD012815,2024-08-02,Late Delivery
RET003555,ORD040446,2024-06-17,Late Delivery
RET003556,ORD008436,2024-02-27,Wrong Product
RET003557,ORD009986,2023-04-13,Changed Mind
RET003558,ORD012487,2023-05-16,Changed Mind
RET003559,ORD043562,2025-10-03,Poor Quality
RET003560,ORD000104,2025-12-05,Size Issue
RET003561,ORD048962,2023-09-02,Damaged Product
RET003562,ORD036814,2024-03-26,Changed Mind
RET003563,ORD026138,2025-04-08,Damaged Product
RET003564,ORD033089,2023-03-13,Changed Mind
RET003565,ORD016342,2025-11-23,Changed Mind
RET003566,ORD040021,2024-01-10,Poor Quality
RET003567,ORD039722,2023-05-14,Size Issue
RET003568,ORD014598,2023-06-21,Poor Quality
RET003569,ORD001481,2023-12-02,Late Delivery
RET003570,ORD016691,2024-02-07,Wrong Product
RET003571,ORD019636,2023-10-20,Wrong Product
RET003572,ORD003793,2023-06-11,Wrong Product
RET003573,ORD004981,2023-04-12,Wrong Product
RET003574,ORD019667,2023-12-08,Changed Mind
RET003575,ORD024641,2024-02-23,Size Issue
RET003576,ORD007504,2023-05-04,Wrong Product
RET003577,ORD012576,2025-03-10,Changed Mind
RET003578,ORD007123,2026-01-10,Damaged Product
RET003579,ORD038790,2025-06-14,Late Delivery
RET003580,ORD001867,2023-12-29,Wrong Product
RET003581,ORD013204,2025-10-19,Late Delivery
RET003582,ORD024082,2025-07-28,Poor Quality
RET003583,ORD033385,2024-01-09,Size Issue
RET003584,ORD000849,2025-05-08,Damaged Product
RET003585,ORD014050,2023-09-06,Size Issue
RET003586,ORD047308,2025-01-26,Poor Quality
RET003587,ORD045634,2023-11-29,Poor Quality
RET003588,ORD008659,2024-12-08,Size Issue
RET003589,ORD007516,2025-03-09,Damaged Product
RET003590,ORD000703,2024-04-11,Wrong Product
RET003591,ORD031987,2023-05-04,Poor Quality
RET003592,ORD028488,2024-04-26,Changed Mind
RET003593,ORD047472,2025-11-11,Poor Quality
RET003594,ORD042185,2024-08-05,Late Delivery
RET003595,ORD025605,2023-11-12,Poor Quality
RET003596,ORD035675,2024-11-30,Poor Quality
RET003597,ORD004670,2024-02-21,Late Delivery
RET003598,ORD028049,2025-03-25,Wrong Product
RET003599,ORD035033,2025-08-01,Damaged Product
RET003600,ORD018240,2025-10-15,Late Delivery
RET003601,ORD026404,2024-11-09,Size Issue
RET003602,ORD011209,2024-05-27,Late Delivery
RET003603,ORD031334,2025-03-29,Poor Quality
RET003604,ORD043186,2024-08-09,Damaged Product
RET003605,ORD048347,2023-08-30,Late Delivery
RET003606,ORD000777,2023-09-06,Poor Quality
RET003607,ORD020772,2023-10-07,Changed Mind
RET003608,ORD033265,2023-02-22,Damaged Product
RET003609,ORD019215,2023-04-29,Poor Quality
RET003610,ORD011798,2023-08-28,Damaged Product
RET003611,ORD008666,2025-07-27,Damaged Product
RET003612,ORD015014,2024-06-06,Damaged Product
RET003613,ORD014225,2023-06-01,Wrong Product
RET003614,ORD012869,2026-01-10,Late Delivery
RET003615,ORD015046,2023-12-16,Wrong Product
RET003616,ORD007837,2023-09-24,Damaged Product
RET003617,ORD016090,2023-09-02,Size Issue
RET003618,ORD048553,2024-12-23,Wrong Product
RET003619,ORD006101,2023-07-30,Damaged Product
RET003620,ORD002056,2025-04-23,Late Delivery
RET003621,ORD000746,2023-08-26,Damaged Product
RET003622,ORD013237,2023-08-10,Damaged Product
RET003623,ORD013198,2025-04-12,Poor Quality
RET003624,ORD049958,2023-08-16,Poor Quality
RET003625,ORD020629,2026-01-08,Wrong Product
RET003626,ORD002852,2024-06-14,Changed Mind
RET003627,ORD039858,2023-07-04,Damaged Product
RET003628,ORD020165,2025-12-22,Wrong Product
RET003629,ORD019151,2023-04-17,Size Issue
RET003630,ORD046520,2024-01-28,Changed Mind
RET003631,ORD010747,2025-12-29,Changed Mind
RET003632,ORD028151,2025-04-07,Damaged Product
RET003633,ORD003037,2025-11-10,Size Issue
RET003634,ORD007461,2023-10-22,Poor Quality
RET003635,ORD024114,2025-10-30,Changed Mind
RET003636,ORD022643,2025-04-03,Poor Quality
RET003637,ORD001683,2023-10-10,Damaged Product
RET003638,ORD004878,2025-02-03,Late Delivery
RET003639,ORD013724,2024-05-05,Wrong Product
RET003640,ORD010902,2025-02-11,Size Issue
RET003641,ORD049636,2024-05-28,Poor Quality
RET003642,ORD021740,2024-12-18,Size Issue
RET003643,ORD005429,2024-04-11,Late Delivery
RET003644,ORD015889,2025-04-27,Damaged Product
RET003645,ORD029365,2023-05-27,Wrong Product
RET003646,ORD036450,2024-10-01,Late Delivery
RET003647,ORD041758,2025-01-01,Changed Mind
RET003648,ORD007983,2023-07-24,Changed Mind
RET003649,ORD008181,2023-05-05,Wrong Product
RET003650,ORD023317,2023-08-16,Damaged Product
RET003651,ORD025892,2024-10-03,Damaged Product
RET003652,ORD020490,2025-05-23,Late Delivery
RET003653,ORD009607,2025-05-30,Damaged Product
RET003654,ORD031688,2024-12-20,Poor Quality
RET003655,ORD020974,2024-11-04,Wrong Product
RET003656,ORD014961,2023-04-22,Size Issue
RET003657,ORD004832,2025-11-04,Late Delivery
RET003658,ORD015881,2025-11-17,Wrong Product
RET003659,ORD014262,2025-03-20,Late Delivery
RET003660,ORD034198,2024-05-13,Wrong Product
RET003661,ORD001001,2024-01-14,Changed Mind
RET003662,ORD013115,2025-03-10,Damaged Product
RET003663,ORD018873,2024-10-24,Size Issue
RET003664,ORD030971,2025-10-21,Late Delivery
RET003665,ORD003987,2024-07-18,Damaged Product
RET003666,ORD012790,2024-10-18,Late Delivery
RET003667,ORD035643,2023-04-22,Damaged Product
RET003668,ORD013696,2024-12-07,Poor Quality
RET003669,ORD013476,2025-05-18,Late Delivery
RET003670,ORD011750,2025-03-01,Poor Quality
RET003671,ORD010593,2023-09-03,Size Issue
RET003672,ORD036536,2023-03-18,Poor Quality
RET003673,ORD019272,2023-11-17,Size Issue
RET003674,ORD040740,2025-10-24,Size Issue
RET003675,ORD045397,2024-11-23,Changed Mind
RET003676,ORD011873,2023-12-19,Poor Quality
RET003677,ORD007479,2024-11-22,Late Delivery
RET003678,ORD021082,2024-03-11,Damaged Product
RET003679,ORD013294,2023-10-14,Wrong Product
RET003680,ORD024024,2023-08-26,Late Delivery
RET003681,ORD023126,2025-12-12,Wrong Product
RET003682,ORD011661,2023-10-15,Size Issue
RET003683,ORD038199,2025-05-18,Changed Mind
RET003684,ORD006751,2023-08-24,Late Delivery
RET003685,ORD048819,2023-07-29,Size Issue
RET003686,ORD007917,2025-09-06,Poor Quality
RET003687,ORD016605,2025-11-08,Poor Quality
RET003688,ORD005368,2024-10-06,Changed Mind
RET003689,ORD003445,2024-05-19,Size Issue
RET003690,ORD008570,2025-07-25,Poor Quality
RET003691,ORD008930,2024-07-06,Changed Mind
RET003692,ORD021908,2023-09-14,Late Delivery
RET003693,ORD003932,2025-03-23,Wrong Product
RET003694,ORD005349,2023-07-06,Damaged Product
RET003695,ORD028245,2024-12-29,Size Issue
RET003696,ORD032605,2025-04-30,Size Issue
RET003697,ORD011536,2023-09-09,Wrong Product
RET003698,ORD017122,2024-09-27,Late Delivery
RET003699,ORD046474,2023-05-17,Changed Mind
RET003700,ORD022349,2024-07-23,Late Delivery
RET003701,ORD026261,2025-03-17,Damaged Product
RET003702,ORD016136,2023-06-14,Wrong Product
RET003703,ORD010501,2025-07-22,Poor Quality
RET003704,ORD018234,2025-11-03,Poor Quality
RET003705,ORD013296,2023-05-02,Changed Mind
RET003706,ORD028715,2025-01-12,Poor Quality
RET003707,ORD027661,2023-04-24,Late Delivery
RET003708,ORD013269,2026-01-09,Wrong Product
RET003709,ORD047920,2023-10-09,Wrong Product
RET003710,ORD034429,2025-05-24,Changed Mind
RET003711,ORD003266,2025-11-14,Size Issue
RET003712,ORD045851,2023-05-26,Changed Mind
RET003713,ORD015005,2023-02-04,Late Delivery
RET003714,ORD022397,2024-07-18,Late Delivery
RET003715,ORD034430,2025-04-07,Size Issue
RET003716,ORD024213,2023-02-16,Poor Quality
RET003717,ORD044043,2024-05-05,Size Issue
RET003718,ORD006523,2024-08-05,Size Issue
RET003719,ORD028633,2025-09-16,Changed Mind
RET003720,ORD047704,2024-02-10,Damaged Product
RET003721,ORD020212,2025-08-24,Poor Quality
RET003722,ORD031723,2023-08-10,Changed Mind
RET003723,ORD004895,2025-12-15,Changed Mind
RET003724,ORD015192,2025-01-02,Size Issue
RET003725,ORD018210,2024-12-26,Changed Mind
RET003726,ORD039809,2025-11-09,Poor Quality
RET003727,ORD030546,2024-07-03,Damaged Product
RET003728,ORD007668,2025-09-24,Wrong Product
RET003729,ORD028074,2025-11-01,Wrong Product
RET003730,ORD034015,2023-10-10,Changed Mind
RET003731,ORD031119,2025-07-30,Poor Quality
RET003732,ORD000461,2024-09-06,Size Issue
RET003733,ORD028187,2024-01-26,Wrong Product
RET003734,ORD025681,2023-02-11,Size Issue
RET003735,ORD011681,2025-04-15,Poor Quality
RET003736,ORD012948,2023-01-15,Poor Quality
RET003737,ORD014238,2023-01-11,Size Issue
RET003738,ORD007687,2023-02-21,Poor Quality
RET003739,ORD046605,2024-08-28,Poor Quality
RET003740,ORD023443,2024-02-06,Size Issue
RET003741,ORD009932,2024-01-22,Late Delivery
RET003742,ORD032939,2025-10-22,Size Issue
RET003743,ORD028217,2023-12-24,Late Delivery
RET003744,ORD008455,2023-08-29,Wrong Product
RET003745,ORD005842,2024-09-20,Wrong Product
RET003746,ORD013376,2024-07-14,Late Delivery
RET003747,ORD037380,2023-05-06,Wrong Product
RET003748,ORD002136,2024-01-16,Wrong Product
RET003749,ORD007818,2024-11-02,Poor Quality
RET003750,ORD001378,2024-01-13,Changed Mind
RET003751,ORD010176,2024-01-17,Wrong Product
RET003752,ORD004690,2023-08-10,Damaged Product
RET003753,ORD028427,2025-11-18,Poor Quality
RET003754,ORD046128,2024-11-24,Late Delivery
RET003755,ORD020185,2024-10-27,Late Delivery
RET003756,ORD049386,2024-06-05,Wrong Product
RET003757,ORD040578,2024-11-25,Size Issue
RET003758,ORD011814,2025-08-13,Late Delivery
RET003759,ORD027521,2024-04-30,Size Issue
RET003760,ORD042505,2025-04-24,Wrong Product
RET003761,ORD024354,2023-04-28,Size Issue
RET003762,ORD022295,2023-09-10,Changed Mind
RET003763,ORD047725,2024-12-15,Size Issue
RET003764,ORD031462,2025-09-08,Wrong Product
RET003765,ORD031870,2024-05-22,Size Issue
RET003766,ORD039164,2025-05-26,Size Issue
RET003767,ORD047877,2025-03-07,Poor Quality
RET003768,ORD004257,2025-03-04,Size Issue
RET003769,ORD005188,2023-06-17,Poor Quality
RET003770,ORD029761,2024-09-10,Changed Mind
RET003771,ORD004741,2023-02-24,Wrong Product
RET003772,ORD047836,2025-02-06,Size Issue
RET003773,ORD006014,2024-02-02,Size Issue
RET003774,ORD016056,2025-01-11,Changed Mind
RET003775,ORD003701,2023-09-05,Wrong Product
RET003776,ORD000217,2025-02-06,Late Delivery
RET003777,ORD040469,2023-01-25,Poor Quality
RET003778,ORD023895,2023-07-06,Late Delivery
RET003779,ORD030501,2025-07-20,Damaged Product
RET003780,ORD027238,2025-02-03,Changed Mind
RET003781,ORD013884,2024-08-13,Changed Mind
RET003782,ORD021548,2023-09-10,Poor Quality
RET003783,ORD022511,2025-12-09,Damaged Product
RET003784,ORD011036,2023-03-11,Size Issue
RET003785,ORD020692,2025-01-11,Poor Quality
RET003786,ORD035721,2025-06-01,Late Delivery
RET003787,ORD014505,2025-01-31,Late Delivery
RET003788,ORD007894,2024-02-16,Size Issue
RET003789,ORD027680,2023-10-22,Late Delivery
RET003790,ORD005909,2023-10-17,Wrong Product
RET003791,ORD004505,2023-03-19,Size Issue
RET003792,ORD009087,2023-09-22,Wrong Product
RET003793,ORD002329,2024-09-29,Size Issue
RET003794,ORD044442,2023-07-22,Size Issue
RET003795,ORD032784,2025-02-27,Size Issue
RET003796,ORD047360,2023-11-09,Poor Quality
RET003797,ORD046675,2023-08-03,Poor Quality
RET003798,ORD015855,2023-02-11,Late Delivery
RET003799,ORD049480,2023-08-08,Changed Mind
RET003800,ORD042205,2024-06-24,Wrong Product
RET003801,ORD012958,2023-07-04,Size Issue
RET003802,ORD035130,2024-12-01,Damaged Product
RET003803,ORD015147,2023-09-19,Damaged Product
RET003804,ORD031308,2025-09-07,Wrong Product
RET003805,ORD007415,2025-09-02,Damaged Product
RET003806,ORD006309,2024-11-14,Poor Quality
RET003807,ORD027368,2023-02-17,Changed Mind
RET003808,ORD009847,2023-06-21,Size Issue
RET003809,ORD013371,2025-08-24,Changed Mind
RET003810,ORD045334,2025-08-02,Size Issue
RET003811,ORD033177,2023-10-03,Size Issue
RET003812,ORD032130,2024-03-14,Wrong Product
RET003813,ORD017213,2023-05-16,Wrong Product
RET003814,ORD024295,2025-09-19,Poor Quality
RET003815,ORD013745,2024-04-25,Wrong Product
RET003816,ORD002437,2024-11-26,Late Delivery
RET003817,ORD022106,2023-03-13,Size Issue
RET003818,ORD047786,2023-11-06,Size Issue
RET003819,ORD034895,2024-07-31,Changed Mind
RET003820,ORD020411,2025-08-31,Late Delivery
RET003821,ORD032237,2026-01-09,Late Delivery
RET003822,ORD030913,2024-05-02,Wrong Product
RET003823,ORD048464,2024-10-11,Late Delivery
RET003824,ORD032885,2025-06-26,Size Issue
RET003825,ORD042110,2025-11-19,Late Delivery
RET003826,ORD039510,2025-09-15,Poor Quality
RET003827,ORD041122,2024-11-02,Changed Mind
RET003828,ORD029711,2025-12-27,Size Issue
RET003829,ORD033117,2024-09-14,Wrong Product
RET003830,ORD009350,2023-09-21,Wrong Product
RET003831,ORD020841,2025-12-01,Size Issue
RET003832,ORD040354,2023-07-12,Changed Mind
RET003833,ORD017240,2024-07-12,Wrong Product
RET003834,ORD048606,2024-02-02,Changed Mind
RET003835,ORD016177,2025-09-22,Damaged Product
RET003836,ORD012832,2023-09-15,Changed Mind
RET003837,ORD038589,2024-05-27,Late Delivery
RET003838,ORD048801,2024-04-27,Damaged Product
RET003839,ORD045872,2023-10-26,Poor Quality
RET003840,ORD048922,2023-12-10,Changed Mind
RET003841,ORD007201,2024-06-23,Wrong Product
RET003842,ORD036990,2023-10-22,Damaged Product
RET003843,ORD045963,2023-11-07,Poor Quality
RET003844,ORD000891,2024-07-28,Late Delivery
RET003845,ORD048015,2023-08-09,Wrong Product
RET003846,ORD007891,2023-02-19,Size Issue
RET003847,ORD020400,2023-02-02,Damaged Product
RET003848,ORD016228,2024-04-20,Late Delivery
RET003849,ORD005688,2023-03-23,Changed Mind
RET003850,ORD031163,2024-09-08,Size Issue
RET003851,ORD043029,2023-05-17,Poor Quality
RET003852,ORD048149,2024-09-05,Size Issue
RET003853,ORD045402,2024-02-18,Changed Mind
RET003854,ORD041757,2023-12-25,Poor Quality
RET003855,ORD008529,2023-10-21,Late Delivery
RET003856,ORD040909,2024-02-22,Wrong Product
RET003857,ORD000652,2023-09-26,Poor Quality
RET003858,ORD013907,2023-01-20,Poor Quality
RET003859,ORD023232,2024-03-09,Late Delivery
RET003860,ORD023344,2024-07-04,Late Delivery
RET003861,ORD027498,2025-05-30,Wrong Product
RET003862,ORD005011,2025-03-13,Wrong Product
RET003863,ORD018149,2025-03-21,Wrong Product
RET003864,ORD036688,2024-01-16,Changed Mind
RET003865,ORD028577,2024-12-02,Wrong Product
RET003866,ORD034714,2025-10-26,Size Issue
RET003867,ORD033392,2024-12-03,Wrong Product
RET003868,ORD049768,2024-04-13,Poor Quality
RET003869,ORD046160,2025-10-23,Poor Quality
RET003870,ORD035268,2023-04-17,Poor Quality
RET003871,ORD002555,2024-10-25,Late Delivery
RET003872,ORD003715,2023-08-26,Changed Mind
RET003873,ORD016564,2023-11-23,Late Delivery
RET003874,ORD024881,2025-06-04,Changed Mind
RET003875,ORD021280,2025-03-30,Changed Mind
RET003876,ORD038942,2025-03-27,Late Delivery
RET003877,ORD012388,2025-01-02,Size Issue
RET003878,ORD033417,2024-04-02,Wrong Product
RET003879,ORD011809,2024-05-12,Changed Mind
RET003880,ORD025954,2024-04-29,Wrong Product
RET003881,ORD019322,2025-06-16,Late Delivery
RET003882,ORD043437,2025-06-10,Damaged Product
RET003883,ORD026429,2025-05-01,Late Delivery
RET003884,ORD034883,2023-12-06,Damaged Product
RET003885,ORD010010,2025-10-12,Changed Mind
RET003886,ORD027091,2023-06-02,Damaged Product
RET003887,ORD009126,2024-09-17,Damaged Product
RET003888,ORD037456,2025-01-15,Size Issue
RET003889,ORD048233,2025-11-26,Wrong Product
RET003890,ORD029214,2024-06-16,Changed Mind
RET003891,ORD008518,2026-01-04,Wrong Product
RET003892,ORD017714,2026-01-19,Changed Mind
RET003893,ORD022947,2025-03-25,Damaged Product
RET003894,ORD037539,2025-04-24,Poor Quality
RET003895,ORD008275,2023-05-11,Wrong Product
RET003896,ORD034449,2024-11-03,Poor Quality
RET003897,ORD048377,2023-08-31,Late Delivery
RET003898,ORD049914,2024-09-12,Size Issue
RET003899,ORD030339,2023-05-25,Poor Quality
RET003900,ORD029619,2024-05-21,Late Delivery
RET003901,ORD004827,2024-07-25,Changed Mind
RET003902,ORD032086,2024-11-27,Late Delivery
RET003903,ORD010172,2025-10-24,Poor Quality
RET003904,ORD010784,2023-03-11,Size Issue
RET003905,ORD017691,2023-09-10,Poor Quality
RET003906,ORD045905,2023-09-02,Changed Mind
RET003907,ORD039304,2024-03-15,Size Issue
RET003908,ORD033544,2025-08-17,Size Issue
RET003909,ORD021675,2025-06-14,Changed Mind
RET003910,ORD015220,2023-08-05,Poor Quality
RET003911,ORD007512,2024-06-19,Wrong Product
RET003912,ORD019435,2024-11-05,Wrong Product
RET003913,ORD022923,2025-12-28,Size Issue
RET003914,ORD038110,2023-11-23,Wrong Product
RET003915,ORD046999,2024-05-18,Poor Quality
RET003916,ORD040521,2025-12-07,Late Delivery
RET003917,ORD036347,2025-04-19,Poor Quality
RET003918,ORD002515,2024-03-25,Wrong Product
RET003919,ORD019719,2024-01-11,Late Delivery
RET003920,ORD042954,2024-07-03,Damaged Product
RET003921,ORD017142,2023-09-19,Late Delivery
RET003922,ORD035992,2025-05-13,Changed Mind
RET003923,ORD007678,2023-04-26,Late Delivery
RET003924,ORD008443,2023-03-17,Wrong Product
RET003925,ORD048274,2024-02-18,Wrong Product
RET003926,ORD043494,2025-04-02,Poor Quality
RET003927,ORD048640,2023-11-28,Wrong Product
RET003928,ORD043503,2023-08-03,Late Delivery
RET003929,ORD013792,2025-09-30,Poor Quality
RET003930,ORD008618,2024-04-15,Size Issue
RET003931,ORD004249,2025-07-29,Late Delivery
RET003932,ORD021721,2024-06-02,Poor Quality
RET003933,ORD026309,2023-07-16,Wrong Product
RET003934,ORD002516,2025-06-26,Poor Quality
RET003935,ORD002727,2025-10-22,Late Delivery
RET003936,ORD049877,2023-03-05,Changed Mind
RET003937,ORD022551,2024-01-12,Wrong Product
RET003938,ORD025562,2025-10-28,Wrong Product
RET003939,ORD046564,2023-05-05,Changed Mind
RET003940,ORD006586,2025-04-29,Size Issue
RET003941,ORD040733,2025-11-01,Damaged Product
RET003942,ORD024852,2025-06-20,Size Issue
RET003943,ORD029429,2024-01-28,Damaged Product
RET003944,ORD031804,2023-01-31,Wrong Product
RET003945,ORD043731,2025-05-04,Changed Mind
RET003946,ORD025705,2025-03-25,Late Delivery
RET003947,ORD030343,2025-03-12,Wrong Product
RET003948,ORD021074,2024-01-09,Changed Mind
RET003949,ORD016813,2025-01-10,Changed Mind
RET003950,ORD046205,2023-10-12,Changed Mind
RET003951,ORD032292,2025-12-30,Wrong Product
RET003952,ORD035506,2023-05-10,Wrong Product
RET003953,ORD029984,2024-11-02,Damaged Product
RET003954,ORD035084,2025-01-08,Late Delivery
RET003955,ORD014286,2023-07-06,Size Issue
RET003956,ORD031624,2025-05-30,Poor Quality
RET003957,ORD037327,2023-09-08,Late Delivery
RET003958,ORD006794,2024-03-01,Changed Mind
RET003959,ORD002901,2025-10-17,Poor Quality
RET003960,ORD009744,2025-12-15,Changed Mind
RET003961,ORD015838,2025-01-27,Late Delivery
RET003962,ORD042212,2025-09-26,Late Delivery
RET003963,ORD004705,2023-10-13,Changed Mind
RET003964,ORD027326,2023-09-21,Damaged Product
RET003965,ORD029520,2024-07-10,Damaged Product
RET003966,ORD012525,2023-04-30,Poor Quality
RET003967,ORD000937,2024-09-27,Size Issue
RET003968,ORD038818,2025-06-06,Late Delivery
RET003969,ORD040299,2025-12-14,Poor Quality
RET003970,ORD030143,2024-07-31,Poor Quality
RET003971,ORD032194,2024-07-12,Poor Quality
RET003972,ORD040975,2025-06-29,Poor Quality
RET003973,ORD005749,2025-12-11,Changed Mind
RET003974,ORD021049,2023-06-13,Size Issue
RET003975,ORD021974,2025-08-15,Size Issue
RET003976,ORD014555,2024-03-28,Damaged Product
RET003977,ORD020563,2023-11-24,Damaged Product
RET003978,ORD048809,2024-07-19,Wrong Product
RET003979,ORD027160,2025-02-14,Size Issue
RET003980,ORD031828,2023-03-04,Damaged Product
RET003981,ORD012623,2025-09-28,Wrong Product
RET003982,ORD005922,2025-01-05,Late Delivery
RET003983,ORD001721,2023-09-10,Damaged Product
RET003984,ORD000582,2025-05-08,Late Delivery
RET003985,ORD024466,2023-02-06,Size Issue
RET003986,ORD006144,2023-01-16,Size Issue
RET003987,ORD047121,2025-05-10,Wrong Product
RET003988,ORD012663,2024-02-09,Size Issue
RET003989,ORD006362,2024-03-10,Changed Mind
RET003990,ORD042202,2024-10-08,Late Delivery
RET003991,ORD034562,2024-05-16,Late Delivery
RET003992,ORD029124,2023-04-16,Size Issue
RET003993,ORD020306,2023-12-07,Late Delivery
RET003994,ORD034089,2024-09-27,Changed Mind
RET003995,ORD010255,2023-09-07,Poor Quality
RET003996,ORD046736,2023-02-20,Damaged Product
RET003997,ORD028682,2024-03-24,Wrong Product
RET003998,ORD046607,2023-07-05,Changed Mind
RET003999,ORD007500,2024-07-11,Wrong Product
RET004000,ORD024976,2023-04-08,Wrong Product
RET004001,ORD016001,2025-05-28,Size Issue
RET004002,ORD040863,2025-05-03,Changed Mind
RET004003,ORD023014,2025-11-20,Wrong Product
RET004004,ORD000771,2023-12-14,Late Delivery
RET004005,ORD004092,2023-07-02,Changed Mind
RET004006,ORD047649,2024-12-20,Damaged Product
RET004007,ORD030054,2023-12-09,Size Issue
RET004008,ORD048859,2025-08-25,Damaged Product
RET004009,ORD019581,2023-03-09,Damaged Product
RET004010,ORD030108,2023-05-20,Wrong Product
RET004011,ORD042971,2023-11-29,Poor Quality
RET004012,ORD043110,2025-06-04,Late Delivery
RET004013,ORD035981,2023-03-30,Wrong Product
RET004014,ORD016314,2025-10-21,Wrong Product
RET004015,ORD038043,2023-04-26,Late Delivery
RET004016,ORD045023,2023-10-31,Size Issue
RET004017,ORD014357,2025-01-01,Poor Quality
RET004018,ORD000298,2024-03-05,Poor Quality
RET004019,ORD033785,2024-02-07,Poor Quality
RET004020,ORD034174,2023-08-20,Late Delivery
RET004021,ORD023495,2024-05-28,Late Delivery
RET004022,ORD043720,2024-05-13,Late Delivery
RET004023,ORD040397,2025-01-29,Wrong Product
RET004024,ORD021601,2023-05-05,Damaged Product
RET004025,ORD012396,2025-08-25,Late Delivery
RET004026,ORD034846,2024-02-05,Changed Mind
RET004027,ORD013996,2025-02-13,Damaged Product
RET004028,ORD045700,2024-10-18,Late Delivery
RET004029,ORD001279,2024-12-25,Poor Quality
RET004030,ORD042636,2024-07-08,Damaged Product
RET004031,ORD004725,2025-01-25,Poor Quality
RET004032,ORD032826,2024-12-30,Damaged Product
RET004033,ORD026813,2023-12-16,Changed Mind
RET004034,ORD020223,2025-09-02,Damaged Product
RET004035,ORD042965,2025-07-06,Wrong Product
RET004036,ORD027614,2024-12-19,Size Issue
RET004037,ORD019362,2024-01-25,Damaged Product
RET004038,ORD018371,2023-05-08,Damaged Product
RET004039,ORD046232,2024-02-19,Late Delivery
RET004040,ORD045630,2023-06-08,Changed Mind
RET004041,ORD037761,2024-02-01,Late Delivery
RET004042,ORD043167,2024-09-09,Changed Mind
RET004043,ORD028122,2023-05-29,Late Delivery
RET004044,ORD003309,2023-12-06,Wrong Product
RET004045,ORD017682,2024-04-30,Wrong Product
RET004046,ORD029103,2026-01-03,Late Delivery
RET004047,ORD012105,2024-04-07,Poor Quality
RET004048,ORD017487,2025-10-03,Size Issue
RET004049,ORD038604,2025-07-07,Late Delivery
RET004050,ORD038486,2023-02-17,Size Issue
RET004051,ORD034692,2025-05-01,Size Issue
RET004052,ORD014062,2024-01-15,Changed Mind
RET004053,ORD031027,2024-03-20,Size Issue
RET004054,ORD009926,2025-12-05,Size Issue
RET004055,ORD003402,2023-07-11,Changed Mind
RET004056,ORD043024,2025-07-20,Size Issue
RET004057,ORD015297,2024-03-21,Poor Quality
RET004058,ORD018675,2023-05-24,Damaged Product
RET004059,ORD047624,2025-05-21,Wrong Product
RET004060,ORD023615,2024-05-04,Changed Mind
RET004061,ORD026363,2023-03-08,Size Issue
RET004062,ORD037637,2023-02-28,Poor Quality
RET004063,ORD030888,2023-05-02,Poor Quality
RET004064,ORD046316,2024-07-16,Size Issue
RET004065,ORD009382,2025-07-21,Changed Mind
RET004066,ORD022703,2024-09-15,Wrong Product
RET004067,ORD043633,2025-10-16,Changed Mind
RET004068,ORD027562,2023-06-08,Poor Quality
RET004069,ORD033625,2024-11-26,Wrong Product
RET004070,ORD047597,2024-02-13,Wrong Product
RET004071,ORD021936,2025-10-23,Changed Mind
RET004072,ORD018170,2025-04-13,Damaged Product
RET004073,ORD029420,2023-05-11,Wrong Product
RET004074,ORD036617,2023-08-08,Late Delivery
RET004075,ORD010594,2024-11-28,Size Issue
RET004076,ORD037424,2023-12-21,Poor Quality
RET004077,ORD016675,2024-02-18,Damaged Product
RET004078,ORD021394,2025-08-24,Poor Quality
RET004079,ORD044423,2024-06-20,Damaged Product
RET004080,ORD006294,2024-01-28,Late Delivery
RET004081,ORD037182,2024-09-23,Poor Quality
RET004082,ORD018588,2024-08-11,Wrong Product
RET004083,ORD003426,2023-09-13,Size Issue
RET004084,ORD003231,2024-10-07,Changed Mind
RET004085,ORD041879,2023-11-01,Damaged Product
RET004086,ORD014464,2025-03-28,Poor Quality
RET004087,ORD015354,2023-02-25,Changed Mind
RET004088,ORD042731,2024-04-02,Late Delivery
RET004089,ORD017787,2025-04-24,Late Delivery
RET004090,ORD046331,2023-01-31,Damaged Product
RET004091,ORD016393,2023-05-02,Wrong Product
RET004092,ORD016853,2024-11-20,Size Issue
RET004093,ORD034835,2024-12-02,Changed Mind
RET004094,ORD032530,2023-11-17,Late Delivery
RET004095,ORD043524,2024-05-26,Changed Mind
RET004096,ORD041558,2025-11-08,Changed Mind
RET004097,ORD016582,2024-10-13,Wrong Product
RET004098,ORD017556,2024-08-26,Size Issue
RET004099,ORD030230,2023-04-09,Size Issue
RET004100,ORD004131,2024-08-05,Changed Mind
RET004101,ORD038307,2024-04-20,Wrong Product
RET004102,ORD026809,2023-10-21,Damaged Product
RET004103,ORD037062,2024-06-08,Wrong Product
RET004104,ORD017363,2025-11-07,Size Issue
RET004105,ORD048398,2023-08-20,Damaged Product
RET004106,ORD001078,2023-01-25,Damaged Product
RET004107,ORD047207,2024-01-28,Size Issue
RET004108,ORD041034,2023-02-13,Changed Mind
RET004109,ORD005502,2025-11-14,Changed Mind
RET004110,ORD004414,2023-12-16,Damaged Product
RET004111,ORD023803,2023-04-28,Poor Quality
RET004112,ORD034529,2024-07-11,Poor Quality
RET004113,ORD021245,2023-10-29,Damaged Product
RET004114,ORD003001,2025-12-20,Poor Quality
RET004115,ORD039704,2025-09-21,Late Delivery
RET004116,ORD047445,2025-10-11,Size Issue
RET004117,ORD004760,2024-01-29,Size Issue
RET004118,ORD049277,2023-12-18,Poor Quality
RET004119,ORD044283,2025-12-26,Changed Mind
RET004120,ORD016540,2024-01-04,Poor Quality
RET004121,ORD043801,2024-05-20,Size Issue
RET004122,ORD025152,2025-11-27,Wrong Product
RET004123,ORD008323,2024-12-07,Size Issue
RET004124,ORD038151,2023-04-30,Late Delivery
RET004125,ORD047905,2025-01-06,Damaged Product
RET004126,ORD014947,2025-12-22,Size Issue
RET004127,ORD048621,2024-08-29,Late Delivery
RET004128,ORD043423,2025-05-05,Changed Mind
RET004129,ORD009469,2023-07-27,Changed Mind
RET004130,ORD005309,2023-09-26,Poor Quality
RET004131,ORD024989,2025-10-09,Poor Quality
RET004132,ORD034483,2025-05-21,Late Delivery
RET004133,ORD031681,2024-04-08,Wrong Product
RET004134,ORD004476,2024-08-06,Changed Mind
RET004135,ORD023091,2024-12-09,Damaged Product
RET004136,ORD012262,2025-01-30,Damaged Product
RET004137,ORD002418,2025-03-19,Damaged Product
RET004138,ORD010215,2023-02-05,Wrong Product
RET004139,ORD042120,2023-10-21,Late Delivery
RET004140,ORD006986,2024-03-09,Poor Quality
RET004141,ORD004121,2023-06-07,Poor Quality
RET004142,ORD034897,2023-05-17,Size Issue
RET004143,ORD026496,2025-11-11,Damaged Product
RET004144,ORD049745,2024-07-01,Size Issue
RET004145,ORD005795,2025-07-24,Wrong Product
RET004146,ORD032818,2023-01-17,Late Delivery
RET004147,ORD038895,2025-10-20,Poor Quality
RET004148,ORD024906,2025-02-18,Changed Mind
RET004149,ORD010164,2024-10-12,Poor Quality
RET004150,ORD002830,2023-12-12,Late Delivery
RET004151,ORD046557,2023-06-05,Poor Quality
RET004152,ORD037520,2024-12-30,Poor Quality
RET004153,ORD013827,2025-02-01,Size Issue
RET004154,ORD030761,2025-01-01,Damaged Product
RET004155,ORD032272,2024-10-10,Damaged Product
RET004156,ORD023116,2025-08-29,Damaged Product
RET004157,ORD022684,2025-02-17,Changed Mind
RET004158,ORD028908,2025-10-17,Late Delivery
RET004159,ORD000442,2025-12-03,Changed Mind
RET004160,ORD035277,2023-12-13,Damaged Product
RET004161,ORD038709,2025-05-06,Changed Mind
RET004162,ORD034544,2023-06-19,Wrong Product
RET004163,ORD015365,2023-07-10,Damaged Product
RET004164,ORD033649,2024-09-11,Changed Mind
RET004165,ORD000196,2024-12-13,Wrong Product
RET004166,ORD002706,2023-03-06,Changed Mind
RET004167,ORD016461,2023-06-24,Poor Quality
RET004168,ORD042390,2023-07-23,Damaged Product
RET004169,ORD032668,2023-08-20,Poor Quality
RET004170,ORD031903,2023-10-11,Size Issue
RET004171,ORD024320,2024-11-12,Wrong Product
RET004172,ORD027516,2025-11-01,Wrong Product
RET004173,ORD039163,2025-03-19,Wrong Product
RET004174,ORD016915,2023-06-22,Poor Quality
RET004175,ORD040618,2025-06-30,Damaged Product
RET004176,ORD044156,2025-05-10,Size Issue
RET004177,ORD032385,2025-03-11,Size Issue
RET004178,ORD029602,2024-11-25,Wrong Product
RET004179,ORD034542,2024-03-15,Damaged Product
RET004180,ORD006654,2024-01-08,Changed Mind
RET004181,ORD046469,2025-10-02,Poor Quality
RET004182,ORD001471,2023-09-16,Late Delivery
RET004183,ORD010908,2023-05-11,Late Delivery
RET004184,ORD041442,2024-06-22,Late Delivery
RET004185,ORD043322,2025-01-26,Size Issue
RET004186,ORD006393,2024-04-11,Wrong Product
RET004187,ORD028954,2023-03-27,Changed Mind
RET004188,ORD016657,2024-08-15,Changed Mind
RET004189,ORD017923,2024-04-16,Damaged Product
RET004190,ORD019589,2025-10-19,Wrong Product
RET004191,ORD032632,2025-09-26,Changed Mind
RET004192,ORD022898,2024-07-08,Damaged Product
RET004193,ORD006341,2025-01-22,Changed Mind
RET004194,ORD023906,2024-06-10,Poor Quality
RET004195,ORD038423,2023-08-12,Poor Quality
RET004196,ORD018917,2023-06-01,Late Delivery
RET004197,ORD025896,2024-04-03,Late Delivery
RET004198,ORD012956,2024-01-15,Wrong Product
RET004199,ORD029066,2024-07-09,Size Issue
RET004200,ORD045252,2025-04-24,Wrong Product
RET004201,ORD035183,2023-07-22,Size Issue
RET004202,ORD031471,2025-06-02,Poor Quality
RET004203,ORD001158,2023-11-24,Wrong Product
RET004204,ORD018108,2023-04-12,Damaged Product
RET004205,ORD028859,2024-09-01,Late Delivery
RET004206,ORD016052,2025-08-20,Poor Quality
RET004207,ORD017288,2025-01-14,Wrong Product
RET004208,ORD029983,2024-01-21,Damaged Product
RET004209,ORD000579,2023-12-26,Late Delivery
RET004210,ORD005693,2023-07-09,Late Delivery
RET004211,ORD025473,2023-01-23,Size Issue
RET004212,ORD040200,2024-09-28,Poor Quality
RET004213,ORD008961,2024-06-07,Poor Quality
RET004214,ORD003859,2023-04-15,Size Issue
RET004215,ORD032562,2024-06-07,Late Delivery
RET004216,ORD038793,2025-05-08,Late Delivery
RET004217,ORD008446,2023-05-04,Poor Quality
RET004218,ORD007773,2024-05-07,Wrong Product
RET004219,ORD010870,2025-01-25,Wrong Product
RET004220,ORD046361,2024-06-18,Damaged Product
RET004221,ORD048807,2023-08-04,Wrong Product
RET004222,ORD029175,2024-02-03,Late Delivery
RET004223,ORD041829,2024-04-25,Poor Quality
RET004224,ORD029274,2023-11-04,Damaged Product
RET004225,ORD016740,2025-08-08,Size Issue
RET004226,ORD043133,2024-09-23,Changed Mind
RET004227,ORD026969,2025-03-23,Poor Quality
RET004228,ORD021536,2023-12-16,Late Delivery
RET004229,ORD030282,2025-11-09,Poor Quality
RET004230,ORD029014,2024-09-25,Wrong Product
RET004231,ORD043841,2023-10-05,Wrong Product
RET004232,ORD048723,2024-04-17,Poor Quality
RET004233,ORD032478,2023-01-16,Wrong Product
RET004234,ORD015042,2024-01-23,Late Delivery
RET004235,ORD002741,2024-06-11,Wrong Product
RET004236,ORD048418,2025-03-08,Poor Quality
RET004237,ORD006129,2025-04-18,Changed Mind
RET004238,ORD011576,2025-08-16,Size Issue
RET004239,ORD026971,2026-01-01,Changed Mind
RET004240,ORD048529,2025-10-15,Late Delivery
RET004241,ORD025632,2025-12-22,Size Issue
RET004242,ORD004035,2025-07-29,Changed Mind
RET004243,ORD016730,2025-10-03,Wrong Product
RET004244,ORD026042,2023-11-19,Poor Quality
RET004245,ORD042859,2025-06-23,Size Issue
RET004246,ORD041755,2024-03-10,Size Issue
RET004247,ORD029996,2023-11-05,Changed Mind
RET004248,ORD019793,2023-08-05,Damaged Product
RET004249,ORD040179,2025-03-27,Wrong Product
RET004250,ORD020211,2025-09-13,Late Delivery
RET004251,ORD013965,2025-12-25,Wrong Product
RET004252,ORD027920,2024-08-07,Size Issue
RET004253,ORD018138,2024-05-18,Changed Mind
RET004254,ORD030114,2024-04-04,Changed Mind
RET004255,ORD037768,2025-09-30,Damaged Product
RET004256,ORD049317,2025-02-08,Size Issue
RET004257,ORD024250,2025-09-14,Damaged Product
RET004258,ORD017354,2025-10-29,Poor Quality
RET004259,ORD002082,2025-09-15,Poor Quality
RET004260,ORD041682,2025-11-06,Changed Mind
RET004261,ORD043417,2025-05-01,Size Issue
RET004262,ORD030366,2024-07-24,Poor Quality
RET004263,ORD041712,2023-10-01,Changed Mind
RET004264,ORD040156,2025-01-27,Wrong Product
RET004265,ORD042811,2025-05-13,Changed Mind
RET004266,ORD030365,2023-05-27,Size Issue
RET004267,ORD042193,2025-02-05,Wrong Product
RET004268,ORD006851,2025-03-18,Changed Mind
RET004269,ORD012066,2024-06-07,Late Delivery
RET004270,ORD011221,2024-11-02,Wrong Product
RET004271,ORD015945,2023-03-15,Changed Mind
RET004272,ORD000524,2024-10-21,Late Delivery
RET004273,ORD038824,2025-11-01,Size Issue
RET004274,ORD040946,2024-07-09,Damaged Product
RET004275,ORD035690,2025-09-13,Poor Quality
RET004276,ORD030838,2023-03-04,Wrong Product
RET004277,ORD011988,2023-04-05,Wrong Product
RET004278,ORD038203,2024-10-04,Wrong Product
RET004279,ORD038004,2024-02-02,Damaged Product
RET004280,ORD018481,2025-04-15,Size Issue
RET004281,ORD044014,2025-02-01,Wrong Product
RET004282,ORD030037,2024-05-18,Poor Quality
RET004283,ORD046036,2025-03-20,Wrong Product
RET004284,ORD036925,2023-05-28,Wrong Product
RET004285,ORD029625,2023-11-14,Wrong Product
RET004286,ORD030694,2024-08-25,Damaged Product
RET004287,ORD036551,2025-04-27,Size Issue
RET004288,ORD024994,2024-10-31,Changed Mind
RET004289,ORD047110,2025-04-13,Wrong Product
RET004290,ORD023987,2024-08-25,Damaged Product
RET004291,ORD003069,2025-01-16,Wrong Product
RET004292,ORD040643,2025-03-03,Wrong Product
RET004293,ORD040699,2024-09-26,Poor Quality
RET004294,ORD023264,2024-03-11,Late Delivery
RET004295,ORD044117,2023-05-22,Late Delivery
RET004296,ORD033422,2024-10-18,Wrong Product
RET004297,ORD038748,2024-01-13,Size Issue
RET004298,ORD027450,2023-10-22,Size Issue
RET004299,ORD005397,2023-05-15,Wrong Product
RET004300,ORD019169,2023-08-19,Poor Quality
RET004301,ORD003760,2023-09-24,Size Issue
RET004302,ORD015704,2025-08-29,Changed Mind
RET004303,ORD018830,2025-02-22,Wrong Product
RET004304,ORD043812,2024-04-09,Wrong Product
RET004305,ORD019225,2023-03-27,Late Delivery
RET004306,ORD025163,2023-02-27,Changed Mind
RET004307,ORD029248,2023-12-02,Wrong Product
RET004308,ORD005492,2024-06-16,Changed Mind
RET004309,ORD049788,2025-07-14,Wrong Product
RET004310,ORD030974,2024-01-20,Late Delivery
RET004311,ORD048782,2025-07-04,Wrong Product
RET004312,ORD017197,2024-09-06,Late Delivery
RET004313,ORD036609,2025-02-17,Changed Mind
RET004314,ORD047879,2025-10-18,Size Issue
RET004315,ORD025285,2025-10-27,Wrong Product
RET004316,ORD023075,2023-12-20,Wrong Product
RET004317,ORD042738,2023-05-26,Changed Mind
RET004318,ORD010743,2025-06-21,Wrong Product
RET004319,ORD030602,2025-07-31,Poor Quality
RET004320,ORD038276,2025-01-26,Changed Mind
RET004321,ORD032739,2025-01-12,Late Delivery
RET004322,ORD044094,2024-02-14,Damaged Product
RET004323,ORD041105,2025-05-24,Late Delivery
RET004324,ORD001183,2023-11-22,Wrong Product
RET004325,ORD034648,2025-02-07,Wrong Product
RET004326,ORD012241,2023-12-01,Size Issue
RET004327,ORD021565,2024-12-26,Poor Quality
RET004328,ORD048812,2023-12-03,Damaged Product
RET004329,ORD038783,2025-08-19,Size Issue
RET004330,ORD041809,2025-06-24,Size Issue
RET004331,ORD017096,2023-11-06,Late Delivery
RET004332,ORD030583,2023-10-09,Wrong Product
RET004333,ORD016750,2024-02-06,Damaged Product
RET004334,ORD027753,2025-08-04,Wrong Product
RET004335,ORD016777,2023-12-22,Late Delivery
RET004336,ORD005712,2024-11-05,Damaged Product
RET004337,ORD036441,2024-05-24,Poor Quality
RET004338,ORD048138,2024-04-28,Changed Mind
RET004339,ORD006202,2023-12-11,Late Delivery
RET004340,ORD031966,2025-12-25,Damaged Product
RET004341,ORD042773,2024-03-31,Damaged Product
RET004342,ORD003462,2023-02-14,Damaged Product
RET004343,ORD022961,2023-05-07,Poor Quality
RET004344,ORD033521,2025-04-30,Wrong Product
RET004345,ORD032339,2023-06-20,Damaged Product
RET004346,ORD041591,2023-07-21,Late Delivery
RET004347,ORD035239,2023-07-10,Changed Mind
RET004348,ORD002528,2024-09-26,Poor Quality
RET004349,ORD018882,2025-08-26,Changed Mind
RET004350,ORD001485,2025-11-12,Wrong Product
RET004351,ORD029709,2023-10-24,Size Issue
RET004352,ORD003271,2023-04-23,Size Issue
RET004353,ORD003611,2023-03-22,Damaged Product
RET004354,ORD011847,2025-07-07,Wrong Product
RET004355,ORD024067,2025-05-10,Late Delivery
RET004356,ORD008761,2024-06-25,Changed Mind
RET004357,ORD035553,2023-05-07,Wrong Product
RET004358,ORD010370,2024-01-29,Late Delivery
RET004359,ORD002465,2024-11-10,Size Issue
RET004360,ORD048583,2025-08-25,Changed Mind
RET004361,ORD028500,2024-10-21,Late Delivery
RET004362,ORD022040,2025-09-27,Damaged Product
RET004363,ORD042172,2023-10-27,Poor Quality
RET004364,ORD035907,2024-04-12,Size Issue
RET004365,ORD009390,2023-12-23,Poor Quality
RET004366,ORD028176,2024-02-07,Changed Mind
RET004367,ORD046340,2024-04-16,Damaged Product
RET004368,ORD011164,2024-08-06,Size Issue
RET004369,ORD048267,2025-08-13,Changed Mind
RET004370,ORD046901,2025-02-16,Changed Mind
RET004371,ORD010759,2024-12-22,Late Delivery
RET004372,ORD045755,2024-02-04,Size Issue
RET004373,ORD037079,2025-09-24,Changed Mind
RET004374,ORD023503,2024-08-27,Damaged Product
RET004375,ORD038333,2024-07-01,Late Delivery
RET004376,ORD038058,2025-12-09,Wrong Product
RET004377,ORD042244,2023-05-16,Late Delivery
RET004378,ORD028618,2023-12-26,Size Issue
RET004379,ORD037795,2025-03-30,Poor Quality
RET004380,ORD005565,2025-09-01,Wrong Product
RET004381,ORD005908,2025-07-29,Size Issue
RET004382,ORD031305,2023-09-05,Poor Quality
RET004383,ORD023182,2024-08-15,Poor Quality
RET004384,ORD037740,2025-10-15,Poor Quality
RET004385,ORD041691,2025-08-05,Damaged Product
RET004386,ORD023373,2024-07-19,Size Issue
RET004387,ORD033790,2025-03-15,Late Delivery
RET004388,ORD007443,2024-02-13,Changed Mind
RET004389,ORD007475,2024-08-23,Size Issue
RET004390,ORD024964,2024-01-11,Poor Quality
RET004391,ORD041066,2023-12-20,Wrong Product
RET004392,ORD049172,2024-06-06,Damaged Product
RET004393,ORD035528,2024-06-28,Poor Quality
RET004394,ORD020377,2023-05-08,Poor Quality
RET004395,ORD046011,2025-11-12,Changed Mind
RET004396,ORD041548,2025-04-19,Size Issue
RET004397,ORD026459,2025-11-16,Damaged Product
RET004398,ORD020874,2025-11-21,Late Delivery
RET004399,ORD020484,2025-06-26,Changed Mind
RET004400,ORD023499,2025-11-12,Size Issue
RET004401,ORD000641,2024-01-12,Damaged Product
RET004402,ORD044856,2023-12-09,Late Delivery
RET004403,ORD014762,2023-12-27,Wrong Product
RET004404,ORD010446,2024-04-02,Wrong Product
RET004405,ORD044158,2023-10-26,Size Issue
RET004406,ORD002876,2023-02-15,Damaged Product
RET004407,ORD047178,2024-09-14,Poor Quality
RET004408,ORD031532,2024-04-06,Poor Quality
RET004409,ORD025679,2025-01-17,Wrong Product
RET004410,ORD009849,2025-03-04,Changed Mind
RET004411,ORD010599,2024-11-09,Damaged Product
RET004412,ORD004525,2024-04-23,Size Issue
RET004413,ORD046201,2025-03-25,Size Issue
RET004414,ORD048140,2023-01-25,Poor Quality
RET004415,ORD006516,2023-10-18,Poor Quality
RET004416,ORD025695,2025-06-25,Wrong Product
RET004417,ORD001509,2023-08-19,Changed Mind
RET004418,ORD042358,2023-07-08,Poor Quality
RET004419,ORD012286,2025-11-04,Wrong Product
RET004420,ORD011016,2025-04-02,Damaged Product
RET004421,ORD046616,2025-04-02,Poor Quality
RET004422,ORD027601,2023-01-26,Changed Mind
RET004423,ORD040772,2024-07-24,Late Delivery
RET004424,ORD046865,2025-03-29,Poor Quality
RET004425,ORD029802,2025-02-10,Late Delivery
RET004426,ORD018876,2023-02-08,Changed Mind
RET004427,ORD012794,2024-08-30,Poor Quality
RET004428,ORD005740,2024-01-20,Damaged Product
RET004429,ORD000737,2023-07-12,Damaged Product
RET004430,ORD003608,2024-04-11,Changed Mind
RET004431,ORD025430,2025-05-06,Damaged Product
RET004432,ORD030966,2024-09-10,Poor Quality
RET004433,ORD019707,2025-11-23,Wrong Product
RET004434,ORD019971,2024-07-20,Damaged Product
RET004435,ORD017458,2024-12-02,Damaged Product
RET004436,ORD024793,2025-02-15,Poor Quality
RET004437,ORD046484,2025-08-15,Size Issue
RET004438,ORD049632,2024-10-20,Damaged Product
RET004439,ORD025084,2023-06-24,Damaged Product
RET004440,ORD002625,2025-04-02,Late Delivery
RET004441,ORD006955,2024-04-07,Poor Quality
RET004442,ORD028740,2023-12-23,Changed Mind
RET004443,ORD027657,2025-02-24,Changed Mind
RET004444,ORD020368,2024-05-26,Size Issue
RET004445,ORD023478,2025-11-28,Late Delivery
RET004446,ORD027624,2023-10-23,Size Issue
RET004447,ORD019340,2024-09-19,Late Delivery
RET004448,ORD021493,2025-04-27,Damaged Product
RET004449,ORD037083,2025-05-11,Changed Mind
RET004450,ORD037058,2024-09-22,Size Issue
RET004451,ORD011547,2024-06-14,Damaged Product
RET004452,ORD013096,2023-11-10,Late Delivery
RET004453,ORD042858,2024-09-06,Damaged Product
RET004454,ORD029729,2024-11-05,Late Delivery
RET004455,ORD009988,2024-01-21,Late Delivery
RET004456,ORD008478,2023-01-24,Size Issue
RET004457,ORD030170,2024-01-26,Damaged Product
RET004458,ORD018973,2023-01-31,Wrong Product
RET004459,ORD039471,2023-06-05,Wrong Product
RET004460,ORD010735,2024-07-15,Poor Quality
RET004461,ORD002212,2024-04-05,Poor Quality
RET004462,ORD038742,2025-01-22,Wrong Product
RET004463,ORD025388,2024-08-24,Poor Quality
RET004464,ORD027452,2023-12-01,Poor Quality
RET004465,ORD031211,2024-09-19,Late Delivery
RET004466,ORD032078,2023-05-29,Poor Quality
RET004467,ORD018305,2025-08-08,Poor Quality
RET004468,ORD036451,2024-07-13,Poor Quality
RET004469,ORD013671,2023-01-27,Late Delivery
RET004470,ORD008194,2025-06-17,Late Delivery
RET004471,ORD003289,2023-11-08,Changed Mind
RET004472,ORD047083,2023-08-09,Changed Mind
RET004473,ORD031430,2025-03-22,Size Issue
RET004474,ORD048364,2023-07-04,Changed Mind
RET004475,ORD031993,2023-07-24,Late Delivery
RET004476,ORD036437,2024-04-10,Poor Quality
RET004477,ORD021629,2025-01-04,Changed Mind
RET004478,ORD038021,2023-03-11,Wrong Product
RET004479,ORD026165,2023-04-25,Wrong Product
RET004480,ORD012533,2024-11-19,Damaged Product
RET004481,ORD000408,2023-03-07,Poor Quality
RET004482,ORD048608,2024-04-02,Late Delivery
RET004483,ORD026367,2025-12-10,Poor Quality
RET004484,ORD010744,2023-04-30,Late Delivery
RET004485,ORD033090,2025-06-14,Wrong Product
RET004486,ORD010158,2024-05-21,Changed Mind
RET004487,ORD017165,2024-03-11,Wrong Product
RET004488,ORD043184,2025-12-30,Late Delivery
RET004489,ORD002916,2025-09-05,Changed Mind
RET004490,ORD027176,2025-03-15,Size Issue
RET004491,ORD017898,2025-12-22,Size Issue
RET004492,ORD022473,2023-08-03,Poor Quality
RET004493,ORD005229,2025-08-21,Changed Mind
RET004494,ORD044791,2023-06-10,Poor Quality
RET004495,ORD000344,2024-08-03,Damaged Product
RET004496,ORD049311,2025-01-14,Wrong Product
RET004497,ORD048980,2025-02-15,Changed Mind
RET004498,ORD014585,2024-11-19,Damaged Product
RET004499,ORD020217,2025-03-06,Damaged Product
RET004500,ORD023414,2025-07-18,Wrong Product
RET004501,ORD037274,2023-01-25,Late Delivery
RET004502,ORD047947,2024-08-17,Size Issue
RET004503,ORD042106,2023-02-27,Changed Mind
RET004504,ORD007238,2025-01-08,Size Issue
RET004505,ORD031867,2024-01-10,Damaged Product
RET004506,ORD039266,2024-08-16,Size Issue
RET004507,ORD045052,2024-06-28,Damaged Product
RET004508,ORD047975,2024-11-06,Size Issue
RET004509,ORD027394,2024-10-24,Size Issue
RET004510,ORD022777,2025-04-17,Late Delivery
RET004511,ORD017378,2023-03-21,Late Delivery
RET004512,ORD026295,2025-06-30,Changed Mind
RET004513,ORD007252,2023-02-18,Poor Quality
RET004514,ORD025225,2025-10-17,Late Delivery
RET004515,ORD026541,2024-11-07,Poor Quality
RET004516,ORD007432,2025-07-15,Changed Mind
RET004517,ORD001049,2023-09-28,Damaged Product
RET004518,ORD044160,2024-04-10,Poor Quality
RET004519,ORD009119,2025-10-07,Size Issue
RET004520,ORD032805,2024-03-04,Damaged Product
RET004521,ORD045950,2023-01-11,Poor Quality
RET004522,ORD034108,2023-05-04,Size Issue
RET004523,ORD019722,2025-12-06,Size Issue
RET004524,ORD038371,2025-11-20,Poor Quality
RET004525,ORD042960,2025-05-14,Size Issue
RET004526,ORD012557,2024-09-21,Changed Mind
RET004527,ORD036317,2024-01-16,Wrong Product
RET004528,ORD027205,2025-07-31,Size Issue
RET004529,ORD039090,2025-03-29,Late Delivery
RET004530,ORD008192,2024-11-12,Damaged Product
RET004531,ORD014280,2024-06-25,Late Delivery
RET004532,ORD038464,2025-07-15,Damaged Product
RET004533,ORD007673,2023-07-02,Wrong Product
RET004534,ORD026392,2024-09-03,Changed Mind
RET004535,ORD039901,2024-01-03,Size Issue
RET004536,ORD036779,2023-11-24,Size Issue
RET004537,ORD043653,2024-05-28,Size Issue
RET004538,ORD017760,2024-06-09,Wrong Product
RET004539,ORD048384,2025-03-18,Poor Quality
RET004540,ORD000863,2024-12-30,Poor Quality
RET004541,ORD019262,2024-01-16,Size Issue
RET004542,ORD045076,2024-05-29,Size Issue
RET004543,ORD019558,2023-12-28,Poor Quality
RET004544,ORD023429,2024-02-18,Size Issue
RET004545,ORD019273,2024-02-17,Late Delivery
RET004546,ORD040677,2025-12-03,Size Issue
RET004547,ORD005569,2024-05-04,Size Issue
RET004548,ORD019285,2025-09-17,Damaged Product
RET004549,ORD017875,2023-10-21,Late Delivery
RET004550,ORD003162,2024-02-10,Poor Quality
RET004551,ORD024546,2025-11-01,Poor Quality
RET004552,ORD049218,2024-02-08,Changed Mind
RET004553,ORD031792,2023-11-26,Damaged Product
RET004554,ORD001132,2025-09-16,Damaged Product
RET004555,ORD024565,2023-12-28,Late Delivery
RET004556,ORD031149,2025-09-05,Poor Quality
RET004557,ORD031492,2025-02-06,Size Issue
RET004558,ORD037517,2023-12-10,Wrong Product
RET004559,ORD043064,2024-11-06,Wrong Product
RET004560,ORD009402,2025-03-19,Late Delivery
RET004561,ORD035420,2025-01-11,Late Delivery
RET004562,ORD007341,2024-02-22,Wrong Product
RET004563,ORD024870,2023-02-09,Wrong Product
RET004564,ORD048944,2023-12-10,Wrong Product
RET004565,ORD027525,2024-08-22,Poor Quality
RET004566,ORD028196,2025-05-29,Damaged Product
RET004567,ORD015952,2025-10-05,Damaged Product
RET004568,ORD025031,2024-10-05,Changed Mind
RET004569,ORD023401,2024-06-08,Damaged Product
RET004570,ORD022731,2023-05-08,Size Issue
RET004571,ORD029416,2023-02-12,Late Delivery
RET004572,ORD039274,2025-01-22,Wrong Product
RET004573,ORD049189,2024-02-15,Wrong Product
RET004574,ORD034884,2025-05-14,Size Issue
RET004575,ORD018968,2025-03-01,Poor Quality
RET004576,ORD047711,2023-05-24,Changed Mind
RET004577,ORD031661,2025-11-20,Size Issue
RET004578,ORD026754,2023-07-13,Poor Quality
RET004579,ORD036418,2025-09-23,Wrong Product
RET004580,ORD040653,2025-02-23,Damaged Product
RET004581,ORD002743,2024-04-24,Wrong Product
RET004582,ORD003050,2025-05-18,Damaged Product
RET004583,ORD000050,2023-09-26,Damaged Product
RET004584,ORD039860,2023-02-21,Wrong Product
RET004585,ORD008746,2023-07-05,Late Delivery
RET004586,ORD004746,2023-02-03,Size Issue
RET004587,ORD009195,2025-07-13,Changed Mind
RET004588,ORD007614,2024-09-21,Late Delivery
RET004589,ORD046148,2024-08-23,Wrong Product
RET004590,ORD020016,2025-06-11,Wrong Product
RET004591,ORD044979,2024-03-07,Damaged Product
RET004592,ORD015171,2024-10-27,Size Issue
RET004593,ORD017973,2026-01-04,Wrong Product
RET004594,ORD022513,2024-01-11,Damaged Product
RET004595,ORD024394,2025-02-08,Late Delivery
RET004596,ORD028355,2023-06-10,Wrong Product
RET004597,ORD007004,2023-12-22,Damaged Product
RET004598,ORD035264,2025-04-02,Wrong Product
RET004599,ORD039996,2024-11-13,Poor Quality
RET004600,ORD000174,2024-06-18,Late Delivery
RET004601,ORD019902,2025-08-09,Size Issue
RET004602,ORD046794,2023-06-18,Wrong Product
RET004603,ORD013014,2023-01-13,Damaged Product
RET004604,ORD034514,2024-08-21,Late Delivery
RET004605,ORD015801,2024-08-08,Poor Quality
RET004606,ORD045751,2024-06-18,Wrong Product
RET004607,ORD000420,2025-11-25,Damaged Product
RET004608,ORD016296,2023-09-14,Poor Quality
RET004609,ORD029308,2025-09-18,Size Issue
RET004610,ORD022178,2025-03-15,Wrong Product
RET004611,ORD016752,2025-02-05,Late Delivery
RET004612,ORD018699,2023-08-18,Wrong Product
RET004613,ORD039388,2024-08-02,Wrong Product
RET004614,ORD032977,2024-01-09,Size Issue
RET004615,ORD005837,2024-12-17,Changed Mind
RET004616,ORD039625,2025-01-02,Poor Quality
RET004617,ORD030505,2024-04-30,Poor Quality
RET004618,ORD040916,2025-07-12,Poor Quality
RET004619,ORD040654,2024-09-01,Poor Quality
RET004620,ORD024106,2023-03-15,Damaged Product
RET004621,ORD030535,2025-08-05,Poor Quality
RET004622,ORD028397,2024-03-13,Poor Quality
RET004623,ORD003244,2025-01-22,Late Delivery
RET004624,ORD000801,2024-01-07,Changed Mind
RET004625,ORD034941,2025-01-18,Poor Quality
RET004626,ORD040232,2025-08-06,Wrong Product
RET004627,ORD010414,2023-02-20,Changed Mind
RET004628,ORD017972,2023-10-22,Damaged Product
RET004629,ORD044277,2023-11-26,Size Issue
RET004630,ORD042494,2023-10-13,Size Issue
RET004631,ORD023554,2025-05-02,Poor Quality
RET004632,ORD032692,2023-03-07,Late Delivery
RET004633,ORD043114,2025-02-23,Wrong Product
RET004634,ORD010946,2023-05-27,Late Delivery
RET004635,ORD019823,2023-02-07,Late Delivery
RET004636,ORD044730,2025-01-09,Wrong Product
RET004637,ORD038934,2023-07-24,Wrong Product
RET004638,ORD017228,2023-02-16,Damaged Product
RET004639,ORD026566,2024-12-08,Damaged Product
RET004640,ORD007561,2025-06-26,Late Delivery
RET004641,ORD041020,2024-12-12,Late Delivery
RET004642,ORD003664,2023-08-23,Wrong Product
RET004643,ORD028957,2025-07-01,Wrong Product
RET004644,ORD040155,2025-01-26,Wrong Product
RET004645,ORD041553,2024-10-05,Changed Mind
RET004646,ORD006366,2025-06-21,Wrong Product
RET004647,ORD003708,2024-02-16,Wrong Product
RET004648,ORD035386,2023-05-23,Wrong Product
RET004649,ORD027613,2023-01-25,Changed Mind
RET004650,ORD014218,2024-12-31,Damaged Product
RET004651,ORD000072,2023-03-19,Poor Quality
RET004652,ORD004281,2024-02-21,Changed Mind
RET004653,ORD003556,2025-01-10,Late Delivery
RET004654,ORD008469,2025-05-28,Damaged Product
RET004655,ORD044321,2024-08-18,Poor Quality
RET004656,ORD021921,2025-01-10,Damaged Product
RET004657,ORD009599,2023-03-24,Late Delivery
RET004658,ORD033699,2025-11-12,Wrong Product
RET004659,ORD011015,2025-07-20,Damaged Product
RET004660,ORD028714,2023-04-14,Changed Mind
RET004661,ORD046974,2024-08-15,Poor Quality
RET004662,ORD029679,2025-05-21,Wrong Product
RET004663,ORD045564,2023-07-09,Poor Quality
RET004664,ORD031179,2024-12-17,Changed Mind
RET004665,ORD021610,2024-10-05,Wrong Product
RET004666,ORD025409,2024-12-19,Wrong Product
RET004667,ORD043345,2025-03-12,Damaged Product
RET004668,ORD049197,2025-07-05,Damaged Product
RET004669,ORD026734,2024-06-06,Size Issue
RET004670,ORD048429,2026-01-06,Poor Quality
RET004671,ORD018687,2025-10-09,Poor Quality
RET004672,ORD016650,2025-05-15,Wrong Product
RET004673,ORD024776,2023-09-07,Poor Quality
RET004674,ORD024570,2025-05-20,Size Issue
RET004675,ORD042826,2023-09-03,Late Delivery
RET004676,ORD025404,2025-03-23,Damaged Product
RET004677,ORD024603,2024-12-04,Late Delivery
RET004678,ORD049698,2025-11-18,Size Issue
RET004679,ORD013848,2025-05-17,Late Delivery
RET004680,ORD049247,2024-02-25,Wrong Product
RET004681,ORD042943,2023-07-02,Late Delivery
RET004682,ORD039968,2026-01-02,Size Issue
RET004683,ORD028981,2025-01-15,Late Delivery
RET004684,ORD002800,2023-02-09,Wrong Product
RET004685,ORD030335,2024-06-21,Changed Mind
RET004686,ORD005276,2025-03-18,Size Issue
RET004687,ORD010821,2023-10-04,Size Issue
RET004688,ORD031366,2025-07-19,Size Issue
RET004689,ORD024809,2023-03-26,Damaged Product
RET004690,ORD044597,2023-10-08,Changed Mind
RET004691,ORD021155,2023-07-10,Wrong Product
RET004692,ORD045055,2023-09-24,Late Delivery
RET004693,ORD021132,2025-11-23,Damaged Product
RET004694,ORD011602,2023-08-08,Late Delivery
RET004695,ORD003789,2025-12-08,Wrong Product
RET004696,ORD022893,2024-12-16,Changed Mind
RET004697,ORD033902,2023-11-10,Late Delivery
RET004698,ORD013619,2024-10-23,Late Delivery
RET004699,ORD026684,2024-09-28,Poor Quality
RET004700,ORD046297,2023-03-15,Late Delivery
RET004701,ORD018497,2025-02-18,Changed Mind
RET004702,ORD048626,2024-01-05,Poor Quality
RET004703,ORD036288,2023-08-27,Changed Mind
RET004704,ORD045452,2025-12-07,Late Delivery
RET004705,ORD029834,2023-10-11,Damaged Product
RET004706,ORD001669,2025-06-27,Poor Quality
RET004707,ORD008248,2024-09-06,Wrong Product
RET004708,ORD023293,2024-06-04,Wrong Product
RET004709,ORD015799,2023-06-09,Changed Mind
RET004710,ORD031329,2025-07-11,Late Delivery
RET004711,ORD021044,2024-09-05,Poor Quality
RET004712,ORD029168,2024-12-03,Changed Mind
RET004713,ORD048246,2025-12-10,Changed Mind
RET004714,ORD034523,2024-04-09,Late Delivery
RET004715,ORD032504,2023-08-09,Poor Quality
RET004716,ORD033000,2025-11-01,Wrong Product
RET004717,ORD049896,2023-10-04,Size Issue
RET004718,ORD026877,2023-12-19,Wrong Product
RET004719,ORD014500,2023-06-27,Poor Quality
RET004720,ORD036252,2025-11-25,Damaged Product
RET004721,ORD029575,2023-06-04,Damaged Product
RET004722,ORD039974,2023-08-03,Changed Mind
RET004723,ORD022953,2023-03-18,Poor Quality
RET004724,ORD044579,2025-08-25,Late Delivery
RET004725,ORD003487,2025-01-05,Late Delivery
RET004726,ORD048173,2025-09-16,Poor Quality
RET004727,ORD048697,2023-05-27,Poor Quality
RET004728,ORD020706,2023-06-08,Size Issue
RET004729,ORD000355,2025-07-19,Poor Quality
RET004730,ORD007853,2025-05-26,Size Issue
RET004731,ORD040566,2024-06-23,Wrong Product
RET004732,ORD010065,2025-03-28,Late Delivery
RET004733,ORD030769,2025-07-02,Wrong Product
RET004734,ORD046183,2023-01-30,Wrong Product
RET004735,ORD030622,2025-03-07,Wrong Product
RET004736,ORD025407,2025-09-25,Poor Quality
RET004737,ORD017105,2025-03-31,Changed Mind
RET004738,ORD010477,2024-08-27,Poor Quality
RET004739,ORD038295,2025-11-20,Late Delivery
RET004740,ORD040255,2024-10-31,Late Delivery
RET004741,ORD007380,2025-08-29,Late Delivery
RET004742,ORD019497,2023-02-09,Changed Mind
RET004743,ORD039589,2023-08-01,Wrong Product
RET004744,ORD048063,2025-10-06,Late Delivery
RET004745,ORD048296,2024-08-16,Damaged Product
RET004746,ORD022265,2023-02-17,Late Delivery
RET004747,ORD037822,2024-09-09,Damaged Product
RET004748,ORD044339,2024-01-14,Changed Mind
RET004749,ORD002653,2023-06-21,Poor Quality
RET004750,ORD036787,2025-04-16,Late Delivery
RET004751,ORD032691,2024-01-16,Wrong Product
RET004752,ORD039700,2024-07-11,Late Delivery
RET004753,ORD049032,2025-02-10,Late Delivery
RET004754,ORD014170,2023-04-07,Damaged Product
RET004755,ORD009401,2023-06-04,Damaged Product
RET004756,ORD038878,2024-04-25,Late Delivery
RET004757,ORD022780,2025-09-16,Damaged Product
RET004758,ORD029904,2025-03-28,Late Delivery
RET004759,ORD021297,2024-02-26,Changed Mind
RET004760,ORD028774,2023-04-10,Damaged Product
RET004761,ORD005046,2025-09-04,Late Delivery
RET004762,ORD025599,2023-04-25,Damaged Product
RET004763,ORD015159,2024-05-13,Damaged Product
RET004764,ORD042213,2024-10-05,Late Delivery
RET004765,ORD027620,2023-03-24,Damaged Product
RET004766,ORD038003,2025-10-01,Poor Quality
RET004767,ORD022655,2025-12-21,Size Issue
RET004768,ORD024318,2025-12-31,Changed Mind
RET004769,ORD038926,2023-12-08,Changed Mind
RET004770,ORD011730,2023-04-03,Wrong Product
RET004771,ORD036600,2025-04-04,Poor Quality
RET004772,ORD037316,2025-09-05,Size Issue
RET004773,ORD040984,2025-03-20,Size Issue
RET004774,ORD026823,2025-01-31,Changed Mind
RET004775,ORD044655,2025-03-07,Late Delivery
RET004776,ORD028581,2023-11-23,Changed Mind
RET004777,ORD034977,2023-12-02,Changed Mind
RET004778,ORD022652,2025-12-28,Late Delivery
RET004779,ORD041113,2024-02-04,Wrong Product
RET004780,ORD019152,2026-01-18,Changed Mind
RET004781,ORD041978,2023-07-02,Changed Mind
RET004782,ORD002001,2024-09-20,Late Delivery
RET004783,ORD018220,2023-04-30,Poor Quality
RET004784,ORD036113,2024-04-27,Late Delivery
RET004785,ORD046235,2024-01-19,Wrong Product
RET004786,ORD029245,2024-06-30,Damaged Product
RET004787,ORD025674,2023-12-22,Late Delivery
RET004788,ORD041397,2023-12-14,Changed Mind
RET004789,ORD014403,2023-04-08,Late Delivery
RET004790,ORD045850,2023-05-29,Late Delivery
RET004791,ORD021378,2024-05-29,Wrong Product
RET004792,ORD021539,2024-03-12,Wrong Product
RET004793,ORD009037,2024-06-17,Poor Quality
RET004794,ORD044532,2023-12-27,Damaged Product
RET004795,ORD015076,2024-06-24,Changed Mind
RET004796,ORD026331,2023-02-12,Damaged Product
RET004797,ORD009987,2023-07-04,Late Delivery
RET004798,ORD049732,2024-04-18,Poor Quality
RET004799,ORD019500,2025-10-03,Changed Mind
RET004800,ORD041633,2024-03-25,Late Delivery
RET004801,ORD038806,2023-08-27,Damaged Product
RET004802,ORD034614,2023-07-15,Damaged Product
RET004803,ORD042776,2024-04-06,Size Issue
RET004804,ORD006269,2024-09-27,Size Issue
RET004805,ORD034192,2023-05-29,Damaged Product
RET004806,ORD015208,2025-10-13,Wrong Product
RET004807,ORD046264,2024-03-05,Damaged Product
RET004808,ORD038382,2025-05-18,Poor Quality
RET004809,ORD006568,2023-01-31,Changed Mind
RET004810,ORD012995,2025-05-31,Size Issue
RET004811,ORD035407,2025-11-13,Changed Mind
RET004812,ORD045302,2024-08-09,Damaged Product
RET004813,ORD027250,2024-01-18,Size Issue
RET004814,ORD049645,2023-08-07,Wrong Product
RET004815,ORD037084,2024-12-29,Changed Mind
RET004816,ORD014129,2024-12-12,Damaged Product
RET004817,ORD022017,2025-04-12,Late Delivery
RET004818,ORD005090,2024-05-21,Late Delivery
RET004819,ORD026769,2024-09-01,Damaged Product
RET004820,ORD007616,2023-01-28,Late Delivery
RET004821,ORD032448,2023-06-10,Damaged Product
RET004822,ORD043833,2024-09-06,Damaged Product
RET004823,ORD015287,2025-01-03,Wrong Product
RET004824,ORD040805,2024-05-04,Changed Mind
RET004825,ORD024785,2023-06-30,Late Delivery
RET004826,ORD026358,2025-04-20,Poor Quality
RET004827,ORD013291,2023-03-31,Damaged Product
RET004828,ORD015135,2023-12-06,Changed Mind
RET004829,ORD011828,2024-08-01,Poor Quality
RET004830,ORD014404,2024-03-20,Changed Mind
RET004831,ORD033493,2023-01-20,Size Issue
RET004832,ORD009255,2024-03-29,Size Issue
RET004833,ORD037766,2024-12-09,Poor Quality
RET004834,ORD001488,2023-08-02,Wrong Product
RET004835,ORD022899,2023-05-17,Changed Mind
RET004836,ORD023328,2026-01-04,Late Delivery
RET004837,ORD021420,2023-06-10,Changed Mind
RET004838,ORD029046,2023-05-21,Late Delivery
RET004839,ORD004337,2025-06-14,Wrong Product
RET004840,ORD026315,2024-08-07,Damaged Product
RET004841,ORD015453,2023-09-27,Damaged Product
RET004842,ORD022533,2023-12-26,Poor Quality
RET004843,ORD015158,2024-07-12,Poor Quality
RET004844,ORD017991,2025-07-15,Late Delivery
RET004845,ORD048345,2024-03-29,Late Delivery
RET004846,ORD035317,2024-03-13,Wrong Product
RET004847,ORD029157,2025-06-02,Late Delivery
RET004848,ORD012363,2025-04-05,Size Issue
RET004849,ORD010260,2023-04-26,Changed Mind
RET004850,ORD033012,2024-04-18,Late Delivery
RET004851,ORD013701,2025-11-15,Poor Quality
RET004852,ORD045948,2025-04-27,Late Delivery
RET004853,ORD037453,2023-06-29,Damaged Product
RET004854,ORD001704,2023-11-30,Damaged Product
RET004855,ORD011328,2025-07-15,Damaged Product
RET004856,ORD016732,2024-09-30,Poor Quality
RET004857,ORD003995,2025-07-25,Size Issue
RET004858,ORD025486,2024-02-09,Size Issue
RET004859,ORD005266,2023-11-06,Late Delivery
RET004860,ORD007744,2023-01-21,Wrong Product
RET004861,ORD003913,2023-02-04,Damaged Product
RET004862,ORD038491,2023-11-19,Changed Mind
RET004863,ORD007985,2024-11-13,Wrong Product
RET004864,ORD015530,2024-12-03,Changed Mind
RET004865,ORD000931,2023-12-18,Changed Mind
RET004866,ORD039239,2025-09-28,Poor Quality
RET004867,ORD013890,2024-12-18,Size Issue
RET004868,ORD037008,2024-04-29,Size Issue
RET004869,ORD030386,2025-02-10,Late Delivery
RET004870,ORD045238,2023-08-29,Size Issue
RET004871,ORD000862,2024-01-26,Wrong Product
RET004872,ORD040816,2025-01-06,Size Issue
RET004873,ORD013001,2025-06-30,Damaged Product
RET004874,ORD032421,2025-08-05,Late Delivery
RET004875,ORD001595,2023-12-02,Poor Quality
RET004876,ORD010240,2025-07-27,Changed Mind
RET004877,ORD032879,2023-06-17,Changed Mind
RET004878,ORD019488,2023-08-24,Changed Mind
RET004879,ORD021843,2024-09-24,Wrong Product
RET004880,ORD041172,2023-02-11,Changed Mind
RET004881,ORD005976,2024-08-07,Damaged Product
RET004882,ORD029289,2024-12-20,Late Delivery
RET004883,ORD046381,2023-04-04,Changed Mind
RET004884,ORD024462,2023-02-18,Changed Mind
RET004885,ORD036302,2025-03-15,Wrong Product
RET004886,ORD011276,2025-09-19,Damaged Product
RET004887,ORD044649,2025-04-09,Late Delivery
RET004888,ORD025643,2024-10-19,Size Issue
RET004889,ORD026324,2024-12-20,Poor Quality
RET004890,ORD042087,2025-05-18,Late Delivery
RET004891,ORD025883,2023-07-20,Size Issue
RET004892,ORD011598,2025-10-11,Wrong Product
RET004893,ORD014578,2023-05-08,Size Issue
RET004894,ORD049205,2023-07-19,Size Issue
RET004895,ORD026365,2025-09-11,Changed Mind
RET004896,ORD018502,2024-06-11,Damaged Product
RET004897,ORD045268,2023-09-12,Wrong Product
RET004898,ORD014496,2024-07-30,Damaged Product
RET004899,ORD029569,2024-02-25,Damaged Product
RET004900,ORD043608,2024-09-03,Size Issue
RET004901,ORD023703,2023-04-04,Late Delivery
RET004902,ORD019393,2024-10-05,Late Delivery
RET004903,ORD038552,2025-12-28,Changed Mind
RET004904,ORD010815,2025-08-21,Poor Quality
RET004905,ORD032142,2025-12-03,Poor Quality
RET004906,ORD008870,2025-04-10,Damaged Product
RET004907,ORD000226,2023-11-06,Damaged Product
RET004908,ORD017396,2025-10-28,Wrong Product
RET004909,ORD034082,2023-02-13,Changed Mind
RET004910,ORD042031,2025-01-30,Wrong Product
RET004911,ORD019889,2024-01-10,Damaged Product
RET004912,ORD019396,2025-11-04,Changed Mind
RET004913,ORD020635,2025-03-21,Size Issue
RET004914,ORD037422,2025-04-16,Late Delivery
RET004915,ORD002762,2025-03-09,Late Delivery
RET004916,ORD033480,2025-08-25,Poor Quality
RET004917,ORD010927,2023-09-05,Wrong Product
RET004918,ORD046031,2025-06-26,Late Delivery
RET004919,ORD004539,2024-07-16,Damaged Product
RET004920,ORD041715,2025-10-12,Poor Quality
RET004921,ORD019513,2023-03-21,Changed Mind
RET004922,ORD039212,2025-08-05,Late Delivery
RET004923,ORD029267,2023-04-02,Damaged Product
RET004924,ORD045846,2024-02-19,Poor Quality
RET004925,ORD039439,2025-10-12,Damaged Product
RET004926,ORD044432,2024-04-15,Poor Quality
RET004927,ORD022523,2023-03-08,Poor Quality
RET004928,ORD021657,2023-05-26,Late Delivery
RET004929,ORD049585,2023-09-17,Late Delivery
RET004930,ORD014460,2023-12-02,Late Delivery
RET004931,ORD014410,2024-09-02,Size Issue
RET004932,ORD033228,2025-07-16,Wrong Product
RET004933,ORD007213,2024-02-13,Size Issue
RET004934,ORD014581,2024-06-05,Wrong Product
RET004935,ORD014837,2023-08-13,Late Delivery
RET004936,ORD040779,2025-09-19,Damaged Product
RET004937,ORD023970,2023-01-14,Size Issue
RET004938,ORD016275,2023-03-31,Damaged Product
RET004939,ORD037446,2024-03-22,Late Delivery
RET004940,ORD029639,2024-10-06,Poor Quality
RET004941,ORD001398,2024-11-29,Wrong Product
RET004942,ORD046411,2025-10-15,Poor Quality
RET004943,ORD045750,2023-09-11,Size Issue
RET004944,ORD015953,2025-10-04,Late Delivery
RET004945,ORD019821,2024-06-18,Damaged Product
RET004946,ORD038360,2024-01-18,Changed Mind
RET004947,ORD017310,2023-05-29,Size Issue
RET004948,ORD016600,2025-03-15,Wrong Product
RET004949,ORD046342,2025-12-06,Size Issue
RET004950,ORD001247,2023-03-19,Damaged Product
RET004951,ORD016031,2023-09-14,Changed Mind
RET004952,ORD026645,2024-02-14,Changed Mind
RET004953,ORD045567,2026-01-05,Damaged Product
RET004954,ORD027675,2023-01-29,Size Issue
RET004955,ORD020959,2023-07-29,Late Delivery
RET004956,ORD043025,2023-07-10,Wrong Product
RET004957,ORD033714,2024-11-20,Damaged Product
RET004958,ORD006940,2025-03-17,Size Issue
RET004959,ORD045127,2024-08-04,Late Delivery
RET004960,ORD013925,2023-02-23,Late Delivery
RET004961,ORD003242,2025-12-11,Poor Quality
RET004962,ORD011151,2025-09-13,Poor Quality
RET004963,ORD048320,2025-09-18,Poor Quality
RET004964,ORD019672,2025-08-15,Wrong Product
RET004965,ORD001414,2024-11-25,Wrong Product
RET004966,ORD028283,2025-12-22,Changed Mind
RET004967,ORD041013,2024-01-03,Poor Quality
RET004968,ORD034241,2025-05-01,Poor Quality
RET004969,ORD029576,2023-04-19,Poor Quality
RET004970,ORD041271,2023-03-26,Poor Quality
RET004971,ORD008258,2024-03-22,Size Issue
RET004972,ORD026853,2025-03-09,Wrong Product
RET004973,ORD008881,2024-08-12,Size Issue
RET004974,ORD022079,2025-05-04,Poor Quality
RET004975,ORD047731,2025-12-14,Size Issue
RET004976,ORD019350,2025-07-17,Changed Mind
RET004977,ORD032182,2024-03-16,Size Issue
RET004978,ORD016955,2024-12-02,Poor Quality
RET004979,ORD039247,2025-08-07,Wrong Product
RET004980,ORD001622,2024-04-30,Changed Mind
RET004981,ORD047757,2025-04-18,Late Delivery
RET004982,ORD045676,2023-05-13,Changed Mind
RET004983,ORD002405,2023-06-21,Poor Quality
RET004984,ORD030797,2025-10-11,Wrong Product
RET004985,ORD037587,2023-08-08,Size Issue
RET004986,ORD023318,2024-02-06,Damaged Product
RET004987,ORD012831,2025-07-08,Damaged Product
RET004988,ORD033558,2023-01-15,Wrong Product
RET004989,ORD029558,2024-11-08,Size Issue
RET004990,ORD043987,2024-09-05,Damaged Product
RET004991,ORD027894,2024-05-06,Wrong Product
RET004992,ORD005295,2025-10-31,Wrong Product
RET004993,ORD024914,2024-01-13,Late Delivery
RET004994,ORD034660,2023-10-31,Poor Quality
RET004995,ORD001785,2025-09-26,Changed Mind
RET004996,ORD039886,2024-11-16,Poor Quality
RET004997,ORD017567,2025-10-19,Wrong Product
RET004998,ORD016063,2025-08-01,Changed Mind
RET004999,ORD048446,2023-10-14,Poor Quality
RET005000,ORD020383,2024-03-02,Changed Mind
